"ID","Name","Node1","Node2","R","X","Bch","NormalOperatingLimit"
"COLUMBIA:TransmissionLine:FIN_YAK 230","FIN_YAK 230","COLUMBIA:FINLEY:V230:BusBarSection:NORTH BUS","COLUMBIA:YAKIMA:V230:BusBarSection:MAIN BUS",0.0103,0.1016,0.198,560.1106
"COLUMBIA:TransmissionLine:SUNNY_YAK 1","SUNNY_YAK 1","COLUMBIA:YAKIMA:V115:Junction:4075","COLUMBIA:SUNNYSIDE:V115:BusBarSection:115KV BUS 1",0.0521,0.1908,0.0246,159.94623
"COLUMBIA:TransmissionLine:SUNNY_YAK 2","SUNNY_YAK 2","COLUMBIA:YAKIMA:V115:BusBarSection:EAST GEN BUS","COLUMBIA:SUNNYSIDE:V115:BusBarSection:115KV BUS 1",0.0521,0.1908,0.0246,159.94623
"COLUMBIA:TransmissionLine:FIN_PASCO 1","FIN_PASCO 1","COLUMBIA:FINLEY:V115:Junction:4086","COLUMBIA:PASCO TAP:V115:BusBarSection:PASCO TAP",0.0134,0.0491,0.0064,159.94623
"COLUMBIA:TransmissionLine:FIN_PASCO 2","FIN_PASCO 2","COLUMBIA:FINLEY:V115:Junction:4086","COLUMBIA:PASCO TAP:V115:Junction:4172",0.0134,0.0491,0.0064,159.94623
"COLUMBIA:TransmissionLine:KEN_PASCO 1","KEN_PASCO 1","COLUMBIA:PASCO TAP:V115:BusBarSection:PASCO TAP","COLUMBIA:KENNEWICK TAP:V115:BusBarSection:KENNEWICK TAP",0.0119,0.0436,0.0056,159.94623
"COLUMBIA:TransmissionLine:KEN_PASCO  2","KEN_PASCO  2","COLUMBIA:PASCO TAP:V115:Junction:4172","COLUMBIA:KENNEWICK TAP:V115:Junction:4194",0.0119,0.0436,0.0056,159.94623
"COLUMBIA:TransmissionLine:PASCO LOAD","PASCO LOAD","COLUMBIA:PASCO TAP:V115:BusBarSection:PASCO TAP","COLUMBIA:PASCO:V115:Junction:4530",0.002,0.01,0.0018,99.59292
"COLUMBIA:TransmissionLine:KENNEWICK LOAD","KENNEWICK LOAD","COLUMBIA:KENNEWICK TAP:V115:BusBarSection:KENNEWICK TAP","COLUMBIA:KENNEWICK:V115:Junction:4508",0.0089,0.0327,0.0042,159.94623
"COLUMBIA:TransmissionLine:KEN_RICH 2","KEN_RICH 2","COLUMBIA:KENNEWICK TAP:V115:Junction:4194","COLUMBIA:RICHLAND TAP:V115:BusBarSection:RICHLAND TAP",0.0089,0.0327,0.0042,159.94623
"COLUMBIA:TransmissionLine:KEN_RICH 1","KEN_RICH 1","COLUMBIA:KENNEWICK TAP:V115:BusBarSection:KENNEWICK TAP","COLUMBIA:RICHLAND TAP:V115:Junction:4219",0.0089,0.0327,0.0042,159.94623
"COLUMBIA:TransmissionLine:RICH_BENTON 1","RICH_BENTON 1","COLUMBIA:RICHLAND TAP:V115:Junction:4219","COLUMBIA:BENTON TAP:V115:BusBarSection:BENTON TAP",0.0104,0.0382,0.005,159.94623
"COLUMBIA:TransmissionLine:RICH_BENTON 2","RICH_BENTON 2","COLUMBIA:RICHLAND TAP:V115:BusBarSection:RICHLAND TAP","COLUMBIA:BENTON TAP:V115:Junction:4231",0.0104,0.0382,0.005,159.94623
"COLUMBIA:TransmissionLine:RICHLAND LOAD","RICHLAND LOAD","COLUMBIA:RICHLAND TAP:V115:BusBarSection:RICHLAND TAP","COLUMBIA:RICHLAND:V115:Junction:4469",0.002,0.01,0.0326,99.59292
"COLUMBIA:TransmissionLine:BENTON_PROSSER 1","BENTON_PROSSER 1","COLUMBIA:BENTON TAP:V115:BusBarSection:BENTON TAP","COLUMBIA:PROSSER TAP:V115:Junction:4256",0.0089,0.0327,0.0042,159.94623
"COLUMBIA:TransmissionLine:BENTON_PROSSER 2","BENTON_PROSSER 2","COLUMBIA:BENTON TAP:V115:Junction:4231","COLUMBIA:PROSSER TAP:V115:BusBarSection:PROSSER TAP",0.0089,0.0327,0.0042,159.94623
"COLUMBIA:TransmissionLine:BENTON LOAD","BENTON LOAD","COLUMBIA:BENTON TAP:V115:BusBarSection:BENTON TAP","COLUMBIA:BENTON:V115:Junction:4435",0.0104,0.0382,0.005,159.94623
"COLUMBIA:TransmissionLine:PROSSER LOAD","PROSSER LOAD","COLUMBIA:PROSSER TAP:V115:BusBarSection:PROSSER TAP","COLUMBIA:PROSSER:V115:Junction:4394",0.002,0.01,0.02,99.59292
"COLUMBIA:TransmissionLine:GRAND_PROSSER 1","GRAND_PROSSER 1","COLUMBIA:PROSSER TAP:V115:Junction:4256","COLUMBIA:GRANDVIEW TAP:V115:Junction:4275",0.0089,0.0327,0.0042,159.94623
"COLUMBIA:TransmissionLine:GRAND_PROSSER 2","GRAND_PROSSER 2","COLUMBIA:PROSSER TAP:V115:BusBarSection:PROSSER TAP","COLUMBIA:GRANDVIEW TAP:V115:BusBarSection:GRANDVIEW TAP",0.0089,0.0327,0.0042,159.94623
"COLUMBIA:TransmissionLine:GRANDVIEW LOAD","GRANDVIEW LOAD","COLUMBIA:GRANDVIEW TAP:V115:BusBarSection:GRANDVIEW TAP","COLUMBIA:GRANDVIEW:V115:Junction:4321",0.0089,0.0327,0.0042,159.94623
"COLUMBIA:TransmissionLine:SUNNY_FIN 1","SUNNY_FIN 1","COLUMBIA:GRANDVIEW TAP:V115:Junction:4275","COLUMBIA:SUNNYSIDE:V115:BusBarSection:115KV BUS 1",0.0149,0.0545,0.007,159.94623
"COLUMBIA:TransmissionLine:SUNNY_FIN 2","SUNNY_FIN 2","COLUMBIA:GRANDVIEW TAP:V115:BusBarSection:GRANDVIEW TAP","COLUMBIA:SUNNYSIDE:V115:BusBarSection:115KV BUS 1",0.0149,0.0545,0.007,159.94623
"COLUMBIA:TransmissionLine:ELLENS_WHEELER 2-A","ELLENS_WHEELER 2-A","PALOUSE:ELLENSBURG:V115:Junction:4596","PALOUSE:QUINCY:V115:Junction:4589",0.0566,0.2071,0.0266,159.94623
"COLUMBIA:TransmissionLine:VAN_WHEELER 1-B","VAN_WHEELER 1-B","PALOUSE:QUINCY:V115:Junction:4588","PALOUSE:EPHRATA:V115:Junction:4628",0.0179,0.0654,0.0084,159.94623
"COLUMBIA:TransmissionLine:FIN_WALLA 230","FIN_WALLA 230","COLUMBIA:WALLA WALLA:V230:Junction:5746","COLUMBIA:FINLEY:V230:BusBarSection:NORTH BUS",0.0055,0.0542,0.1056,560.1106
"PALOUSE:TransmissionLine:CHEN_ROCK_1-C","CHEN_ROCK_1-C","PALOUSE:ROCKFORD:V115:Junction:6180","PALOUSE:VALLEY:V115:Junction:5818",0.0179,0.0654,0.0084,159.94623
"PALOUSE:TransmissionLine:CHEN_ROCK_2-C","CHEN_ROCK_2-C","PALOUSE:ROCKFORD:V115:Junction:6179","PALOUSE:VALLEY:V115:Junction:5819",0.0179,0.0654,0.0084,159.94623
"PALOUSE:TransmissionLine:CHEN_ROCK 230","CHEN_ROCK 230","PALOUSE:ROCKFORD:V230:BusBarSection:230KV BUS 1","PALOUSE:CHENEY:V230:BusBarSection:TRANS_BUS",0.0021,0.0203,0.0396,560.1106
"PALOUSE:TransmissionLine:CHEN_ROCK_1-B","CHEN_ROCK_1-B","PALOUSE:VALLEY:V115:Junction:5818","PALOUSE:SPOKANE:V115:Junction:5381",0.0119,0.0436,0.0056,159.94623
"PALOUSE:TransmissionLine:CHEN_ROCK_2-B","CHEN_ROCK_2-B","PALOUSE:VALLEY:V115:Junction:5819","PALOUSE:SPOKANE:V115:Junction:5382",0.0119,0.0436,0.0056,159.94623
"PALOUSE:TransmissionLine:CHEN_ROCK_1-A","CHEN_ROCK_1-A","PALOUSE:CHENEY:V115:Junction:4726","PALOUSE:SPOKANE:V115:Junction:5381",0.0298,0.109,0.014,159.94623
"PALOUSE:TransmissionLine:CHEN_ROCK_2-A","CHEN_ROCK_2-A","PALOUSE:CHENEY:V115:Junction:5944","PALOUSE:SPOKANE:V115:Junction:5382",0.0298,0.109,0.014,159.94623
"PALOUSE:TransmissionLine:WEN_ELMER 500","WEN_ELMER 500","PALOUSE:WENATCHEE:V500:BusBarSection:NORTH BUS","PALOUSE:ELMER:V500:BusBarSection:500KV BUS NORTH",0.0011,0.015,1.41,2099.6353
"COLUMBIA:TransmissionLine:PULL_WALLA 500","PULL_WALLA 500","COLUMBIA:PULLMAN:V500:BusBarSection:500KV WEST","COLUMBIA:WALLA WALLA:V500:BusBarSection:500 KV SOUTH BUS",0.001,0.0134,1.2596,2099.6353
"COLUMBIA:TransmissionLine:PULL_ROCK 500","PULL_ROCK 500","COLUMBIA:PULLMAN:V500:BusBarSection:500KV WEST","PALOUSE:ROCKFORD:V500:BusBarSection:500KV NORTH BUS",8.0E-4,0.0104,0.9776,2099.6353
"PALOUSE:TransmissionLine:ELM_ROCK 500","ELM_ROCK 500","PALOUSE:ELMER:V500:BusBarSection:500KV BUS NORTH","PALOUSE:ROCKFORD:V500:BusBarSection:500KV NORTH BUS",0.0013,0.018,1.692,2099.6353
"COLUMBIA:TransmissionLine:FIN_WALLA 500","FIN_WALLA 500","COLUMBIA:WALLA WALLA:V500:BusBarSection:500 KV SOUTH BUS","COLUMBIA:FINLEY:V500:BusBarSection:500KV WEST",6.0E-4,0.008,0.752,2099.6353
"COLUMBIA:TransmissionLine:FIN_YAK 500","FIN_YAK 500","COLUMBIA:YAKIMA:V500:BusBarSection:500KV BUS 1","COLUMBIA:FINLEY:V500:BusBarSection:500KV WEST",0.0011,0.015,1.41,2099.6353
"PALOUSE:TransmissionLine:CHEN_WHEELER 230","CHEN_WHEELER 230","PALOUSE:CHENEY:V230:BusBarSection:TRANS_BUS","PALOUSE:WHEELER:V230:BusBarSection:230KV MAIN BUS",0.011,0.1084,0.2114,560.1106
"PALOUSE:TransmissionLine:ELLENS_VANT","ELLENS_VANT","PALOUSE:ELLENSBURG:V230:BusBarSection:SOUTH BUS","PALOUSE:VANTAGE:V230:BusBarSection:230KV MAIN BUS",0.003,0.0298,0.0582,560.1106
"PALOUSE:TransmissionLine:VAN_WHEELER 1-A","VAN_WHEELER 1-A","PALOUSE:VANTAGE:V115:Junction:6267","PALOUSE:QUINCY:V115:Junction:4588",0.0268,0.0981,0.0126,159.94623
"PALOUSE:TransmissionLine:ELLENS_WHEELER 2-B","ELLENS_WHEELER 2-B","PALOUSE:QUINCY:V115:Junction:4589","PALOUSE:EPHRATA:V115:Junction:4627",0.0179,0.0654,0.0084,159.94623
"PALOUSE:TransmissionLine:ELLENS_WHEELER 2-C","ELLENS_WHEELER 2-C","PALOUSE:EPHRATA:V115:Junction:4627","PALOUSE:GLOYD:V115:Junction:4795",0.0179,0.0654,0.0084,159.94623
"PALOUSE:TransmissionLine:VAN_WHEELER 1-D","VAN_WHEELER 1-D","PALOUSE:GLOYD:V115:Junction:4797","PALOUSE:WHEELER:V115:Junction:6230",0.0134,0.0491,0.0064,159.94623
"PALOUSE:TransmissionLine:VAN_WHEELER 1-C","VAN_WHEELER 1-C","PALOUSE:EPHRATA:V115:Junction:4628","PALOUSE:GLOYD:V115:Junction:4797",0.0179,0.0654,0.0084,159.94623
"PUGET:TransmissionLine:BELL_VERN 1","BELL_VERN 1","PUGET:MT VERNON:V230:BusBarSection:BUS 1","PUGET:BELLINGHAM:V230:BusBarSection:BUS 1",0.0041,0.0407,0.0792,599.94775
"PUGET:TransmissionLine:BELL_VERN 2","BELL_VERN 2","PUGET:MT VERNON:V230:BusBarSection:BUS 1","PUGET:BELLINGHAM:V230:BusBarSection:BUS 1",0.0041,0.0407,0.0792,599.94775
"PUGET:TransmissionLine:VERN_MARYS 1","VERN_MARYS 1","PUGET:MT VERNON:V230:BusBarSection:BUS 1","PUGET:MARYSVILLE:V230:BusBarSection:BUS 1",0.0041,0.0407,0.0792,599.94775
"PUGET:TransmissionLine:VERN_MARYS 2","VERN_MARYS 2","PUGET:MT VERNON:V230:BusBarSection:BUS 1","PUGET:MARYSVILLE:V230:BusBarSection:BUS 1",0.0041,0.0407,0.0792,799.93036
"PUGET:TransmissionLine:MARYS_EVERETT 2","MARYS_EVERETT 2","PUGET:EVERETT:V230:BusBarSection:BUS 1","PUGET:MARYSVILLE:V230:BusBarSection:BUS 1",7.0E-4,0.0068,0.0132,599.94775
"PUGET:TransmissionLine:MARYS_EVERETT 1","MARYS_EVERETT 1","PUGET:EVERETT:V230:BusBarSection:BUS 1","PUGET:MARYSVILLE:V230:BusBarSection:BUS 1",7.0E-4,0.0068,0.0132,599.94775
"PUGET:TransmissionLine:EVERETT_LYNN 1","EVERETT_LYNN 1","PUGET:EVERETT:V230:BusBarSection:BUS 1","PUGET:LYNNWOOD:V230:BusBarSection:TRANSFER BUS",0.0014,0.0136,0.0264,599.94775
"PUGET:TransmissionLine:EVERETT_LYNN 2","EVERETT_LYNN 2","PUGET:EVERETT:V230:BusBarSection:BUS 1","PUGET:LYNNWOOD:V230:BusBarSection:TRANSFER BUS",0.0014,0.0136,0.0264,599.94775
"PUGET:TransmissionLine:EVERETT_LYNN 3","EVERETT_LYNN 3","PUGET:EVERETT:V230:BusBarSection:BUS 1","PUGET:LYNNWOOD:V230:BusBarSection:TRANSFER BUS",0.0014,0.0136,0.0264,599.94775
"PUGET:TransmissionLine:EVERETT_LYNN 4","EVERETT_LYNN 4","PUGET:EVERETT:V230:BusBarSection:BUS 1","PUGET:LYNNWOOD:V230:BusBarSection:TRANSFER BUS",0.0014,0.0136,0.0264,599.94775
"PALOUSE:TransmissionLine:WEN_EVERETT 500","WEN_EVERETT 500","PUGET:EVERETT:V500:BusBarSection:BUS 5","PALOUSE:WENATCHEE:V500:BusBarSection:NORTH BUS",0.0011,0.0156,1.4664,3149.9077
"PUGET:TransmissionLine:RED_BELLE 1","RED_BELLE 1","PUGET:REDMOND:V230:BusBarSection:BUS 1","PUGET:BELLEVUE:V230:BusBarSection:BUS 1",0.0011,0.0108,0.0212,599.94775
"PUGET:TransmissionLine:RED_BELLE 2","RED_BELLE 2","PUGET:REDMOND:V230:BusBarSection:BUS 1","PUGET:BELLEVUE:V230:BusBarSection:BUS 1",0.0011,0.0108,0.0212,599.94775
"PUGET:TransmissionLine:RED_BELLE 3","RED_BELLE 3","PUGET:REDMOND:V230:BusBarSection:BUS 1","PUGET:BELLEVUE:V230:BusBarSection:BUS 1",0.0011,0.0108,0.0212,599.94775
"PUGET:TransmissionLine:LYNN_RED 3","LYNN_RED 3","PUGET:REDMOND:V230:BusBarSection:BUS 1","PUGET:LYNNWOOD:V230:BusBarSection:TRANSFER BUS",0.0017,0.0163,0.0316,599.94775
"PUGET:TransmissionLine:LYNN_RED 2","LYNN_RED 2","PUGET:REDMOND:V230:BusBarSection:BUS 1","PUGET:LYNNWOOD:V230:BusBarSection:TRANSFER BUS",0.0017,0.0163,0.0316,599.94775
"PUGET:TransmissionLine:LYNN_RED 1","LYNN_RED 1","PUGET:REDMOND:V230:BusBarSection:BUS 1","PUGET:LYNNWOOD:V230:BusBarSection:TRANSFER BUS",0.0017,0.0163,0.0316,599.94775
"PALOUSE:TransmissionLine:ELLENS_RED 230","ELLENS_RED 230","PALOUSE:ELLENSBURG:V230:BusBarSection:SOUTH BUS","PUGET:REDMOND:V230:BusBarSection:BUS 1",0.012,0.1179,0.2298,599.94775
"PALOUSE:TransmissionLine:ELLENS_RENTON 230","ELLENS_RENTON 230","PALOUSE:ELLENSBURG:V230:BusBarSection:SOUTH BUS","PUGET:RENTON:V230:Junction:7187",0.0117,0.1152,0.2246,599.94775
"PUGET:TransmissionLine:BELLE_RENT 1","BELLE_RENT 1","PUGET:BELLEVUE:V230:BusBarSection:BUS 1","PUGET:RENTON:V230:BusBarSection:BUS 1",0.0017,0.0163,0.0316,599.94775
"PUGET:TransmissionLine:BELLE_RENT 2","BELLE_RENT 2","PUGET:BELLEVUE:V230:BusBarSection:BUS 1","PUGET:RENTON:V230:BusBarSection:BUS 1",0.0017,0.0163,0.0316,599.94775
"PUGET:TransmissionLine:BELLE_RENT 3","BELLE_RENT 3","PUGET:BELLEVUE:V230:BusBarSection:BUS 1","PUGET:RENTON:V230:Junction:7187",0.0017,0.0163,0.0316,599.94775
"PUGET:TransmissionLine:LYNN_SEA 1","LYNN_SEA 1","PUGET:LYNNWOOD:V230:BusBarSection:TRANSFER BUS","PUGET:SEATTLE:V230:BusBarSection:BUS 1",0.0021,0.0203,0.0396,599.94775
"PUGET:TransmissionLine:LYNN_SEA 2","LYNN_SEA 2","PUGET:LYNNWOOD:V230:BusBarSection:TRANSFER BUS","PUGET:SEATTLE:V230:BusBarSection:BUS 1",0.0021,0.0203,0.0396,599.94775
"PUGET:TransmissionLine:LYNN_SEA 3","LYNN_SEA 3","PUGET:LYNNWOOD:V230:BusBarSection:TRANSFER BUS","PUGET:SEATTLE:V230:BusBarSection:BUS 1",0.0021,0.0203,0.0396,599.94775
"PUGET:TransmissionLine:SEA_RENT 1","SEA_RENT 1","PUGET:SEATTLE:V230:BusBarSection:BUS 1","PUGET:RENTON:V230:BusBarSection:BUS 1",0.0014,0.0136,0.0264,599.94775
"PUGET:TransmissionLine:SEA_RENT 2","SEA_RENT 2","PUGET:SEATTLE:V230:BusBarSection:BUS 1","PUGET:RENTON:V230:BusBarSection:BUS 1",0.0014,0.0136,0.0264,599.94775
"PUGET:TransmissionLine:SEA_RENT 3","SEA_RENT 3","PUGET:SEATTLE:V230:BusBarSection:BUS 1","PUGET:RENTON:V230:Junction:7187",0.0014,0.0136,0.0264,599.94775
"PUGET:TransmissionLine:RENT_AIR 1","RENT_AIR 1","PUGET:RENTON:V230:BusBarSection:BUS 1","PUGET:AIRPORT:V230:BusBarSection:BUS 1",6.0E-4,0.0054,0.0106,599.94775
"PUGET:TransmissionLine:RENT_AIR 2","RENT_AIR 2","PUGET:RENTON:V230:BusBarSection:BUS 1","PUGET:AIRPORT:V230:BusBarSection:BUS 1",6.0E-4,0.0054,0.0106,599.94775
"PUGET:TransmissionLine:RENT_AIR 3","RENT_AIR 3","PUGET:RENTON:V230:Junction:7187","PUGET:AIRPORT:V230:BusBarSection:BUS 1",6.0E-4,0.0054,0.0106,599.94775
"PUGET:TransmissionLine:RENT_AIR 4","RENT_AIR 4","PUGET:RENTON:V230:Junction:7187","PUGET:AIRPORT:V230:BusBarSection:BUS 1",6.0E-4,0.0054,0.0106,599.94775
"PUGET:TransmissionLine:AIR_FED 1","AIR_FED 1","PUGET:AIRPORT:V230:BusBarSection:BUS 1","PUGET:FEDERAL WAY:V230:BusBarSection:MAIN BUS",8.0E-4,0.0081,0.0158,599.94775
"PUGET:TransmissionLine:AIR_FED 2","AIR_FED 2","PUGET:AIRPORT:V230:BusBarSection:BUS 1","PUGET:FEDERAL WAY:V230:BusBarSection:MAIN BUS",8.0E-4,0.0081,0.0158,599.94775
"PUGET:TransmissionLine:AIR_FED 3","AIR_FED 3","PUGET:AIRPORT:V230:BusBarSection:BUS 1","PUGET:FEDERAL WAY:V230:BusBarSection:MAIN BUS",8.0E-4,0.0081,0.0158,599.94775
"PUGET:TransmissionLine:AIR_FED 4","AIR_FED 4","PUGET:AIRPORT:V230:BusBarSection:BUS 1","PUGET:FEDERAL WAY:V230:BusBarSection:MAIN BUS",8.0E-4,0.0081,0.0158,599.94775
"COLUMBIA:TransmissionLine:YAK_AUBURN 500","YAK_AUBURN 500","COLUMBIA:YAKIMA:V500:BusBarSection:500KV BUS 1","PUGET:AUBURN:V500:BusBarSection:500 SOUTH BUS",0.0011,0.015,1.41,2099.6353
"PUGET:TransmissionLine:SAT_AUB 1","SAT_AUB 1","PUGET:SATSOP:V500:BusBarSection:500 KV WEST BUS","PUGET:AUBURN:V500:BusBarSection:500 SOUTH BUS",9.0E-4,0.012,1.128,2099.6353
"PUGET:TransmissionLine:SAT_AUB 2","SAT_AUB 2","PUGET:SATSOP:V500:BusBarSection:500 KV WEST BUS","PUGET:AUBURN:V500:BusBarSection:500 SOUTH BUS",9.0E-4,0.012,1.128,2099.6353
"PUGET:TransmissionLine:FED_AUB 1","FED_AUB 1","PUGET:FEDERAL WAY:V230:BusBarSection:MAIN BUS","PUGET:AUBURN:V230:BusBarSection:BUS 1",0.0014,0.0136,0.0264,799.93036
"PUGET:TransmissionLine:FED_AUB 2","FED_AUB 2","PUGET:FEDERAL WAY:V230:BusBarSection:MAIN BUS","PUGET:AUBURN:V230:BusBarSection:BUS 1",0.0014,0.0136,0.0264,799.93036
"PUGET:TransmissionLine:FED_AUB 3","FED_AUB 3","PUGET:FEDERAL WAY:V230:BusBarSection:MAIN BUS","PUGET:AUBURN:V230:BusBarSection:BUS 1",0.0014,0.0136,0.0264,799.93036
"PUGET:TransmissionLine:FED_AUB 4","FED_AUB 4","PUGET:FEDERAL WAY:V230:BusBarSection:MAIN BUS","PUGET:AUBURN:V230:BusBarSection:BUS 1",0.0014,0.0136,0.0264,799.93036
"PUGET:TransmissionLine:AUB_CHE 1","AUB_CHE 1","PUGET:AUBURN:V230:BusBarSection:BUS 1","PUGET:CHEHALIS:V230:BusBarSection:BUS 1",0.0066,0.065,0.1268,599.94775
"PUGET:TransmissionLine:AUB_CHE 2","AUB_CHE 2","PUGET:AUBURN:V230:BusBarSection:BUS 1","PUGET:CHEHALIS:V230:BusBarSection:BUS 1",0.0066,0.065,0.1268,599.94775
"PUGET:TransmissionLine:AUB_CHE 3","AUB_CHE 3","PUGET:AUBURN:V230:BusBarSection:BUS 1","PUGET:CHEHALIS:V230:BusBarSection:BUS 1",0.0066,0.065,0.1268,599.94775
"PUGET:TransmissionLine:AUB_CHE 4","AUB_CHE 4","PUGET:AUBURN:V230:BusBarSection:BUS 1","PUGET:CHEHALIS:V230:BusBarSection:BUS 1",0.0066,0.065,0.1268,599.94775
"PUGET:TransmissionLine:CHE_LONG 1","CHE_LONG 1","PUGET:CHEHALIS:V230:BusBarSection:BUS 1","PUGET:LONGVIEW:V230:BusBarSection:BUS 1",0.0055,0.0542,0.1056,599.94775
"PUGET:TransmissionLine:CHE_LONG 2","CHE_LONG 2","PUGET:CHEHALIS:V230:BusBarSection:BUS 1","PUGET:LONGVIEW:V230:BusBarSection:BUS 1",0.0055,0.0542,0.1056,599.94775
"PUGET:TransmissionLine:LONG_VANC 1","LONG_VANC 1","PUGET:LONGVIEW:V230:BusBarSection:BUS 1","PUGET:VANCOUVER:V230:BusBarSection:BUS 1",0.0052,0.0515,0.1004,599.94775
"PUGET:TransmissionLine:LONG_VANC 2","LONG_VANC 2","PUGET:LONGVIEW:V230:BusBarSection:BUS 1","PUGET:VANCOUVER:V230:BusBarSection:BUS 1",0.0052,0.0515,0.1004,599.94775
"PUGET:TransmissionLine:TAC_OLY 1","TAC_OLY 1","PUGET:TACOMA:V230:BusBarSection:BUS 1","PUGET:OLYMPIA:V230:BusBarSection:BUS 1",0.0037,0.0366,0.0714,599.94775
"PUGET:TransmissionLine:TAC_OLY 2","TAC_OLY 2","PUGET:TACOMA:V230:BusBarSection:BUS 1","PUGET:OLYMPIA:V230:BusBarSection:BUS 1",0.0037,0.0366,0.0714,599.94775
"PUGET:TransmissionLine:TAC_FED 1","TAC_FED 1","PUGET:TACOMA:V230:BusBarSection:BUS 1","PUGET:FEDERAL WAY:V230:BusBarSection:MAIN BUS",0.0015,0.0149,0.029,599.94775
"PUGET:TransmissionLine:TAC_FED 2","TAC_FED 2","PUGET:TACOMA:V230:BusBarSection:BUS 1","PUGET:FEDERAL WAY:V230:BusBarSection:MAIN BUS",0.0015,0.0149,0.029,599.94775
"PUGET:TransmissionLine:TAC_FED 3","TAC_FED 3","PUGET:TACOMA:V230:BusBarSection:BUS 1","PUGET:FEDERAL WAY:V230:BusBarSection:MAIN BUS",0.0015,0.0149,0.029,599.94775
"PUGET:TransmissionLine:TAC_BREM 1","TAC_BREM 1","PUGET:TACOMA:V230:BusBarSection:BUS 1","PUGET:BREMERTON:V230:BusBarSection:BUS 1",0.0036,0.0352,0.0686,599.94775
"PUGET:TransmissionLine:TAC_BREM 2","TAC_BREM 2","PUGET:TACOMA:V230:BusBarSection:BUS 1","PUGET:BREMERTON:V230:BusBarSection:BUS 1",0.0036,0.0352,0.0686,599.94775
"PUGET:TransmissionLine:BREM_PT A 1","BREM_PT A 1","PUGET:BREMERTON:V230:BusBarSection:BUS 1","PUGET:PORT ANGELES:V230:BusBarSection:BUS 1",0.0069,0.0678,0.132,599.94775
"PUGET:TransmissionLine:BREM_PT A 2","BREM_PT A 2","PUGET:BREMERTON:V230:BusBarSection:BUS 1","PUGET:PORT ANGELES:V230:BusBarSection:BUS 1",0.0069,0.0678,0.132,599.94775
"PALOUSE:TransmissionLine:VAN_WHEELER 230","VAN_WHEELER 230","PALOUSE:VANTAGE:V230:BusBarSection:230KV MAIN BUS","PALOUSE:WHEELER:V230:BusBarSection:230KV MAIN BUS",0.0072,0.0705,0.1374,560.1106
"PALOUSE:TransmissionLine:LIB_ROCK 1","LIB_ROCK 1","PALOUSE:LIBERTY:V230:BusBarSection:BUS 1","PALOUSE:ROCKFORD:V230:BusBarSection:230KV BUS 1",0.002,0.01,0.02,239.02301
"PALOUSE:TransmissionLine:LIB_ROCK 2","LIB_ROCK 2","PALOUSE:LIBERTY:V230:BusBarSection:BUS 1","PALOUSE:ROCKFORD:V230:BusBarSection:230KV BUS 1",0.002,0.01,0.02,239.02301
"PALOUSE:TransmissionLine:LIB_ROCK 3","LIB_ROCK 3","PALOUSE:LIBERTY:V230:BusBarSection:BUS 1","PALOUSE:ROCKFORD:V230:BusBarSection:230KV BUS 1",0.002,0.01,0.02,239.02301
"PALOUSE:TransmissionLine:LIB_ROCK 4","LIB_ROCK 4","PALOUSE:LIBERTY:V230:BusBarSection:BUS 1","PALOUSE:ROCKFORD:V230:BusBarSection:230KV BUS 1",0.002,0.01,0.02,239.02301
"PALOUSE:TransmissionLine:ELLENS_WHEELER 2-D","ELLENS_WHEELER 2-D","PALOUSE:GLOYD:V115:Junction:4795","PALOUSE:WHEELER:V115:Junction:6229",0.0134,0.0491,0.0064,159.94623
"PALOUSE:TransmissionLine:WEN_ELLENS 230","WEN_ELLENS 230","PALOUSE:WENATCHEE:V230:Junction:5613","PALOUSE:ELLENSBURG:V230:BusBarSection:SOUTH BUS",0.0069,0.0678,0.132,599.94775
"PALOUSE:TransmissionLine:ELM_WHEELER 230","ELM_WHEELER 230","PALOUSE:ELMER:V230:BusBarSection:230KV BUS 1","PALOUSE:WHEELER:V230:BusBarSection:230KV MAIN BUS",0.0083,0.0813,0.1585,599.94775
"PUGET:TransmissionLine:SAT_OLY 230","SAT_OLY 230","PUGET:SATSOP:V230:BusBarSection:230 MAIN BUS","PUGET:OLYMPIA:V230:BusBarSection:BUS 1",0.0041,0.0407,0.0792,599.94775
"COLUMBIA:TransmissionLine:WALLA_COY 230","WALLA_COY 230","COLUMBIA:WALLA WALLA:V230:Junction:5746","COLUMBIA:COYOTE RIDGE:V230:BusBarSection:230KV BUS 1",0.0047,0.0461,0.0898,560.1106
"COLUMBIA:TransmissionLine:PULLMAN_COY 230","PULLMAN_COY 230","COLUMBIA:PULLMAN:V230:BusBarSection:230KV BUS 1","COLUMBIA:COYOTE RIDGE:V230:BusBarSection:230KV BUS 1",0.0058,0.0569,0.111,560.1106
"PALOUSE:TransmissionLine:PULLMAN_ST JOHN 230","PULLMAN_ST JOHN 230","COLUMBIA:PULLMAN:V230:BusBarSection:230KV BUS 1","PALOUSE:ST JOHN:V230:BusBarSection:230KV BUS 1",0.0051,0.0501,0.0978,560.1106
"PALOUSE:TransmissionLine:CHEN_ST JOHN 230","CHEN_ST JOHN 230","PALOUSE:CHENEY:V230:BusBarSection:TRANS_BUS","PALOUSE:ST JOHN:V230:BusBarSection:230KV BUS 1",0.004,0.0393,0.0766,560.1106
