"ID","Name","Node"
"PUGET:AUBURN:V230:Load:AUBURN A","AUBURN A","PUGET:AUBURN:V230:BusBarSection:BUS 1"
"PUGET:AUBURN:V230:Load:AUBURN B","AUBURN B","PUGET:AUBURN:V230:BusBarSection:BUS 1"
"PUGET:MARYSVILLE:V230:Load:MARYS A","MARYS A","PUGET:MARYSVILLE:V230:BusBarSection:BUS 1"
"PUGET:MARYSVILLE:V230:Load:MARYS B","MARYS B","PUGET:MARYSVILLE:V230:BusBarSection:BUS 1"
"PUGET:SEATTLE:V230:Load:SEATTLE A","SEATTLE A","PUGET:SEATTLE:V230:BusBarSection:BUS 1"
"PUGET:EVERETT:V24:Load:EVERETT SS1","EVERETT SS1","PUGET:EVERETT:V24:BusBarSection:BUS 3"
"PUGET:EVERETT:V24:Load:EVERETT SS2","EVERETT SS2","PUGET:EVERETT:V24:BusBarSection:BUS 4"
"PUGET:EVERETT:V230:Load:EVERETT A","EVERETT A","PUGET:EVERETT:V230:BusBarSection:BUS 1"
"PUGET:VANCOUVER:V230:Load:VANCOUVER A","VANCOUVER A","PUGET:VANCOUVER:V230:BusBarSection:BUS 1"
"PUGET:TACOMA:V138:Load:TACOMA A","TACOMA A","PUGET:TACOMA:V138:BusBarSection:BUS 3"
"PUGET:TACOMA:V24:Load:TACOMA SS","TACOMA SS","PUGET:TACOMA:V24:BusBarSection:GEN SOUTH"
"PUGET:BELLINGHAM:V230:Load:BELLINGHAM A","BELLINGHAM A","PUGET:BELLINGHAM:V230:BusBarSection:BUS 1"
"PUGET:CHEHALIS:V138:Load:CHEHALIS A","CHEHALIS A","PUGET:CHEHALIS:V138:BusBarSection:BUS 3"
"PUGET:CHEHALIS:V24:Load:CHEHALIS SS","CHEHALIS SS","PUGET:CHEHALIS:V24:BusBarSection:BUS 5"
"PUGET:MT VERNON:V230:Load:MT VERNON A","MT VERNON A","PUGET:MT VERNON:V230:BusBarSection:BUS 1"
"PUGET:MT VERNON:V230:Load:MT VERNON B","MT VERNON B","PUGET:MT VERNON:V230:BusBarSection:BUS 1"
"PUGET:AIRPORT:V24:Load:AIRPORT SS","AIRPORT SS","PUGET:AIRPORT:V24:BusBarSection:BUS 3"
"PUGET:AIRPORT:V230:Load:AIRPORT A","AIRPORT A","PUGET:AIRPORT:V230:BusBarSection:BUS 1"
"PUGET:LONGVIEW:V230:Load:LONGVIEW A","LONGVIEW A","PUGET:LONGVIEW:V230:BusBarSection:BUS 1"
"PUGET:LONGVIEW:V69:Load:LONGVIEW B","LONGVIEW B","PUGET:LONGVIEW:V69:BusBarSection:BUS 3"
"PUGET:LONGVIEW:V69:Load:LONGVIEW C","LONGVIEW C","PUGET:LONGVIEW:V69:BusBarSection:BUS 3"
"PUGET:PORT ANGELES:V138:Load:PT ANGELES A","PT ANGELES A","PUGET:PORT ANGELES:V138:BusBarSection:BUS 2"
"PUGET:PORT ANGELES:V138:Load:PT ANGELES B","PT ANGELES B","PUGET:PORT ANGELES:V138:BusBarSection:BUS 2"
"PALOUSE:LIBERTY:V24:Load:LIBERTY C","LIBERTY C","PALOUSE:LIBERTY:V24:BusBarSection:BUS 3"
"PALOUSE:LIBERTY:V230:Load:LIBERTY A","LIBERTY A","PALOUSE:LIBERTY:V230:BusBarSection:BUS 1"
"PUGET:REDMOND:V230:Load:REDMOND A","REDMOND A","PUGET:REDMOND:V230:BusBarSection:BUS 1"
"PUGET:REDMOND:V69:Load:REDMOND B","REDMOND B","PUGET:REDMOND:V69:BusBarSection:BUS 3"
"PUGET:OLYMPIA:V230:Load:OLY A","OLY A","PUGET:OLYMPIA:V230:BusBarSection:BUS 1"
"PUGET:BELLEVUE:V230:Load:BELLEVUE A","BELLEVUE A","PUGET:BELLEVUE:V230:BusBarSection:BUS 1"
"PUGET:BELLEVUE:V69:Load:BELLEVUE B","BELLEVUE B","PUGET:BELLEVUE:V69:BusBarSection:BUS 3"
"PALOUSE:CHENEY:V230:Load:CHENEY A","CHENEY A","PALOUSE:CHENEY:V230:BusBarSection:TRANS_BUS"
"COLUMBIA:YAKIMA:V115:Load:EAST SS","EAST SS","COLUMBIA:YAKIMA:V115:BusBarSection:EAST GEN BUS"
"COLUMBIA:YAKIMA:V115:Load:WEST SS","WEST SS","COLUMBIA:YAKIMA:V115:BusBarSection:WEST GEN BUS"
"COLUMBIA:SUNNYSIDE:V12.5:Load:F0","F0","COLUMBIA:SUNNYSIDE:V12.5:BusBarSection:12KV MAIN BUS 1"
"COLUMBIA:SUNNYSIDE:V12.5:Load:F1","F1","COLUMBIA:SUNNYSIDE:V12.5:BusBarSection:12KV MAIN BUS 1"
"COLUMBIA:SUNNYSIDE:V12.5:Load:F2","F2","COLUMBIA:SUNNYSIDE:V12.5:BusBarSection:12KV MAIN BUS 1"
"COLUMBIA:SUNNYSIDE:V12.5:Load:F3","F3","COLUMBIA:SUNNYSIDE:V12.5:BusBarSection:12KV MAIN BUS 2"
"COLUMBIA:SUNNYSIDE:V12.5:Load:F4","F4","COLUMBIA:SUNNYSIDE:V12.5:BusBarSection:12KV MAIN BUS 2"
"COLUMBIA:SUNNYSIDE:V12.5:Load:F5","F5","COLUMBIA:SUNNYSIDE:V12.5:BusBarSection:12KV MAIN BUS 2"
"COLUMBIA:GRANDVIEW:V12.5:Load:F1","F1","COLUMBIA:GRANDVIEW:V12.5:BusBarSection:GRANDVIEW BUS"
"COLUMBIA:GRANDVIEW:V12.5:Load:F2","F2","COLUMBIA:GRANDVIEW:V12.5:BusBarSection:GRANDVIEW BUS"
"COLUMBIA:GRANDVIEW:V12.5:Load:F3","F3","COLUMBIA:GRANDVIEW:V12.5:BusBarSection:GRANDVIEW BUS"
"COLUMBIA:PROSSER:V12.5:Load:F1","F1","COLUMBIA:PROSSER:V12.5:BusBarSection:TRANSFER BUS"
"COLUMBIA:PROSSER:V12.5:Load:F2","F2","COLUMBIA:PROSSER:V12.5:BusBarSection:TRANSFER BUS"
"COLUMBIA:PROSSER:V12.5:Load:F3","F3","COLUMBIA:PROSSER:V12.5:BusBarSection:TRANSFER BUS"
"COLUMBIA:PROSSER:V12.5:Load:F4","F4","COLUMBIA:PROSSER:V12.5:BusBarSection:TRANSFER BUS"
"COLUMBIA:PROSSER:V12.5:Load:F5","F5","COLUMBIA:PROSSER:V12.5:BusBarSection:TRANSFER BUS"
"COLUMBIA:BENTON:V12.5:Load:F2","F2","COLUMBIA:BENTON:V12.5:BusBarSection:TRANSFER"
"COLUMBIA:BENTON:V12.5:Load:F3","F3","COLUMBIA:BENTON:V12.5:BusBarSection:TRANSFER"
"COLUMBIA:BENTON:V12.5:Load:F4","F4","COLUMBIA:BENTON:V12.5:BusBarSection:TRANSFER"
"COLUMBIA:RICHLAND:V12.5:Load:F1","F1","COLUMBIA:RICHLAND:V12.5:BusBarSection:MAIN BUS"
"COLUMBIA:RICHLAND:V12.5:Load:F2","F2","COLUMBIA:RICHLAND:V12.5:BusBarSection:MAIN BUS"
"COLUMBIA:RICHLAND:V12.5:Load:F3","F3","COLUMBIA:RICHLAND:V12.5:BusBarSection:MAIN BUS"
"COLUMBIA:RICHLAND:V12.5:Load:F4","F4","COLUMBIA:RICHLAND:V12.5:BusBarSection:MAIN BUS"
"COLUMBIA:KENNEWICK:V12.5:Load:F1","F1","COLUMBIA:KENNEWICK:V12.5:BusBarSection:TRANSFER BUS"
"COLUMBIA:KENNEWICK:V12.5:Load:F2","F2","COLUMBIA:KENNEWICK:V12.5:BusBarSection:TRANSFER BUS"
"COLUMBIA:KENNEWICK:V12.5:Load:F3","F3","COLUMBIA:KENNEWICK:V12.5:BusBarSection:TRANSFER BUS"
"COLUMBIA:KENNEWICK:V12.5:Load:F4","F4","COLUMBIA:KENNEWICK:V12.5:BusBarSection:TRANSFER BUS"
"COLUMBIA:KENNEWICK:V12.5:Load:F5","F5","COLUMBIA:KENNEWICK:V12.5:BusBarSection:TRANSFER BUS"
"COLUMBIA:PASCO:V12.5:Load:F1","F1","COLUMBIA:PASCO:V12.5:BusBarSection:PASCO BUS"
"COLUMBIA:PASCO:V12.5:Load:F2","F2","COLUMBIA:PASCO:V12.5:BusBarSection:PASCO BUS"
"COLUMBIA:PASCO:V12.5:Load:F3","F3","COLUMBIA:PASCO:V12.5:BusBarSection:PASCO BUS"
"PALOUSE:QUINCY:V33:Load:QUIN01","QUIN01","PALOUSE:QUINCY:V33:BusBarSection:EAST_BUS"
"PALOUSE:QUINCY:V33:Load:QUIN02","QUIN02","PALOUSE:QUINCY:V33:BusBarSection:WEST_BUS"
"PALOUSE:QUINCY:V33:Load:QUIN03","QUIN03","PALOUSE:QUINCY:V33:BusBarSection:WEST_BUS"
"PALOUSE:QUINCY:V33:Load:QUIN04","QUIN04","PALOUSE:QUINCY:V33:BusBarSection:EAST_BUS"
"PALOUSE:ELLENSBURG:V138:Load:SS","SS","PALOUSE:ELLENSBURG:V138:BusBarSection:GEN BUS"
"PALOUSE:EPHRATA:V12.5:Load:EPH01","EPH01","PALOUSE:EPHRATA:V12.5:BusBarSection:OPS_BUS"
"PALOUSE:EPHRATA:V12.5:Load:EPH02","EPH02","PALOUSE:EPHRATA:V12.5:BusBarSection:OPS_BUS"
"PALOUSE:EPHRATA:V12.5:Load:EPH03","EPH03","PALOUSE:EPHRATA:V12.5:BusBarSection:OPS_BUS_2"
"PALOUSE:EPHRATA:V12.5:Load:EPH04","EPH04","PALOUSE:EPHRATA:V12.5:BusBarSection:OPS_BUS_2"
"PALOUSE:EPHRATA:V12.5:Load:EPH05","EPH05","PALOUSE:EPHRATA:V12.5:BusBarSection:OPS_BUS_2"
"PALOUSE:GLOYD:V12.5:Load:GLO01","GLO01","PALOUSE:GLOYD:V12.5:BusBarSection:BUS 1"
"PALOUSE:GLOYD:V12.5:Load:GLO02","GLO02","PALOUSE:GLOYD:V12.5:BusBarSection:BUS 2"
"PALOUSE:GLOYD:V12.5:Load:GLO03","GLO03","PALOUSE:GLOYD:V12.5:BusBarSection:BUS 2"
"PALOUSE:GLOYD:V12.5:Load:GLO04","GLO04","PALOUSE:GLOYD:V12.5:BusBarSection:BUS 3"
"PALOUSE:GLOYD:V12.5:Load:GLO05","GLO05","PALOUSE:GLOYD:V12.5:BusBarSection:BUS 3"
"PALOUSE:GLOYD:V12.5:Load:GLO06","GLO06","PALOUSE:GLOYD:V12.5:BusBarSection:BUS 1"
"PALOUSE:GLOYD:V12.5:Load:GLO07","GLO07","PALOUSE:GLOYD:V12.5:BusBarSection:BUS 1"
"PALOUSE:GLOYD:V12.5:Load:GLO08","GLO08","PALOUSE:GLOYD:V12.5:BusBarSection:BUS 2"
"PALOUSE:GLOYD:V12.5:Load:GLO09","GLO09","PALOUSE:GLOYD:V12.5:BusBarSection:BUS 2"
"PALOUSE:GLOYD:V12.5:Load:GLO10","GLO10","PALOUSE:GLOYD:V12.5:BusBarSection:BUS 3"
"PUGET:SATSOP:V24:Load:GEN SERVICE 1","GEN SERVICE 1","PUGET:SATSOP:V24:BusBarSection:GEN WEST BUS"
"PUGET:SATSOP:V24:Load:GEN SERVICE 2","GEN SERVICE 2","PUGET:SATSOP:V24:BusBarSection:GEN WEST BUS"
"PALOUSE:SPOKANE:V12.5:Load:SPOK01","SPOK01","PALOUSE:SPOKANE:V12.5:BusBarSection:OPS_BUS2"
"PALOUSE:SPOKANE:V12.5:Load:SPOK02","SPOK02","PALOUSE:SPOKANE:V12.5:BusBarSection:OPS_BUS2"
"PALOUSE:SPOKANE:V12.5:Load:SPOK03","SPOK03","PALOUSE:SPOKANE:V12.5:BusBarSection:OPS_BUS2"
"PALOUSE:SPOKANE:V12.5:Load:SPOK04","SPOK04","PALOUSE:SPOKANE:V12.5:BusBarSection:OPS_BUS1"
"PALOUSE:SPOKANE:V12.5:Load:SPOK05","SPOK05","PALOUSE:SPOKANE:V12.5:BusBarSection:OPS_BUS1"
"PALOUSE:SPOKANE:V12.5:Load:SPOK06","SPOK06","PALOUSE:SPOKANE:V12.5:BusBarSection:OPS_BUS1"
"PALOUSE:SPOKANE:V12.5:Load:SPOK07","SPOK07","PALOUSE:SPOKANE:V12.5:BusBarSection:OPS_BUS"
"PALOUSE:SPOKANE:V12.5:Load:SPOK08","SPOK08","PALOUSE:SPOKANE:V12.5:BusBarSection:OPS_BUS"
"PALOUSE:SPOKANE:V12.5:Load:SPOK09","SPOK09","PALOUSE:SPOKANE:V12.5:BusBarSection:OPS_BUS"
"PALOUSE:VALLEY:V12.5:Load:VAL01","VAL01","PALOUSE:VALLEY:V12.5:BusBarSection:BUS 2"
"PALOUSE:VALLEY:V12.5:Load:VAL02","VAL02","PALOUSE:VALLEY:V12.5:BusBarSection:BUS 1"
"PALOUSE:VALLEY:V12.5:Load:VAL03","VAL03","PALOUSE:VALLEY:V12.5:BusBarSection:BUS 2"
"PALOUSE:VALLEY:V12.5:Load:VAL04","VAL04","PALOUSE:VALLEY:V12.5:BusBarSection:BUS 1"
"PALOUSE:VALLEY:V12.5:Load:VAL05","VAL05","PALOUSE:VALLEY:V12.5:BusBarSection:BUS 3"
"PALOUSE:VALLEY:V12.5:Load:VAL06","VAL06","PALOUSE:VALLEY:V12.5:BusBarSection:BUS 3"
"PALOUSE:VALLEY:V12.5:Load:VAL07","VAL07","PALOUSE:VALLEY:V12.5:BusBarSection:BUS 2"
"PALOUSE:VALLEY:V12.5:Load:VAL08","VAL08","PALOUSE:VALLEY:V12.5:BusBarSection:BUS 3"
"PALOUSE:VALLEY:V12.5:Load:VAL09","VAL09","PALOUSE:VALLEY:V12.5:BusBarSection:BUS 1"
"PALOUSE:VALLEY:V12.5:Load:VAL10","VAL10","PALOUSE:VALLEY:V12.5:BusBarSection:BUS 2"
"PALOUSE:VALLEY:V12.5:Load:VAL11","VAL11","PALOUSE:VALLEY:V12.5:BusBarSection:BUS 3"
"PALOUSE:WHEELER:V230:Load:WHEELER A","WHEELER A","PALOUSE:WHEELER:V230:BusBarSection:230KV MAIN BUS"
"PALOUSE:VANTAGE:V230:Load:VANTAGE A","VANTAGE A","PALOUSE:VANTAGE:V230:BusBarSection:230KV MAIN BUS"
"PUGET:RENTON:V13.8:Load:SS1","SS1","PUGET:RENTON:V13.8:BusBarSection:WEST GEN BUS"
"PUGET:RENTON:V13.8:Load:SS2","SS2","PUGET:RENTON:V13.8:BusBarSection:EAST GEN BUS"
"PALOUSE:WENATCHEE:V4.18:Load:SS1","SS1","PALOUSE:WENATCHEE:V4.18:Junction:7861"
"PALOUSE:WENATCHEE:V4.18:Load:SS2","SS2","PALOUSE:WENATCHEE:V4.18:Junction:7864"
"COLUMBIA:BENTON:V12.5:Load:F1","F1","COLUMBIA:BENTON:V12.5:BusBarSection:TRANSFER"
"COLUMBIA:YAKIMA:V230:Load:YAK 1","YAK 1","COLUMBIA:YAKIMA:V230:BusBarSection:MAIN BUS"
"COLUMBIA:YAKIMA:V230:Load:YAK 2","YAK 2","COLUMBIA:YAKIMA:V230:BusBarSection:MAIN BUS"
"PALOUSE:WENATCHEE:V230:Load:WEN 1","WEN 1","PALOUSE:WENATCHEE:V230:Junction:5613"
"PUGET:VANCOUVER:V230:Load:VANCOUVER B","VANCOUVER B","PUGET:VANCOUVER:V230:BusBarSection:BUS 1"
"PUGET:TACOMA:V230:Load:TACOMA B","TACOMA B","PUGET:TACOMA:V230:BusBarSection:BUS 1"
"PALOUSE:LIBERTY:V230:Load:LIBERTY B","LIBERTY B","PALOUSE:LIBERTY:V230:BusBarSection:BUS 1"
"PUGET:SEATTLE:V230:Load:SEATTLE B","SEATTLE B","PUGET:SEATTLE:V230:BusBarSection:BUS 1"
"PUGET:SEATTLE:V230:Load:SEATTLE C","SEATTLE C","PUGET:SEATTLE:V230:BusBarSection:BUS 1"
"PUGET:SATSOP:V230:Load:SATSOP A","SATSOP A","PUGET:SATSOP:V230:BusBarSection:230 MAIN BUS"
"PUGET:RENTON:V230:Load:RENTON A","RENTON A","PUGET:RENTON:V230:Junction:7187"
"PUGET:RENTON:V230:Load:RENTON B","RENTON B","PUGET:RENTON:V230:Junction:7187"
"PUGET:REDMOND:V69:Load:REDMOND C","REDMOND C","PUGET:REDMOND:V69:BusBarSection:BUS 3"
"PUGET:REDMOND:V69:Load:REDMOND D","REDMOND D","PUGET:REDMOND:V69:BusBarSection:BUS 3"
"PUGET:OLYMPIA:V230:Load:OLY B","OLY B","PUGET:OLYMPIA:V230:BusBarSection:BUS 1"
"COLUMBIA:FINLEY:V230:Load:FIN 1","FIN 1","COLUMBIA:FINLEY:V230:BusBarSection:NORTH BUS"
"COLUMBIA:FINLEY:V230:Load:FIN 2","FIN 2","COLUMBIA:FINLEY:V230:BusBarSection:NORTH BUS"
"COLUMBIA:FINLEY:V115:Load:FIN 3","FIN 3","COLUMBIA:FINLEY:V115:Junction:4086"
"PUGET:FEDERAL WAY:V230:Load:FED WAY 1","FED WAY 1","PUGET:FEDERAL WAY:V230:BusBarSection:MAIN BUS"
"PUGET:FEDERAL WAY:V230:Load:FED WAY 2","FED WAY 2","PUGET:FEDERAL WAY:V230:BusBarSection:MAIN BUS"
"PUGET:FEDERAL WAY:V230:Load:FED WAY 3","FED WAY 3","PUGET:FEDERAL WAY:V230:BusBarSection:MAIN BUS"
"PUGET:EVERETT:V230:Load:EVERETT B","EVERETT B","PUGET:EVERETT:V230:BusBarSection:BUS 1"
"PUGET:EVERETT:V230:Load:EVERETT C","EVERETT C","PUGET:EVERETT:V230:BusBarSection:BUS 1"
"PUGET:CHEHALIS:V138:Load:CHEHALIS B","CHEHALIS B","PUGET:CHEHALIS:V138:BusBarSection:BUS 3"
"PUGET:BREMERTON:V230:Load:BREM A","BREM A","PUGET:BREMERTON:V230:BusBarSection:BUS 1"
"PUGET:BREMERTON:V230:Load:BREM B","BREM B","PUGET:BREMERTON:V230:BusBarSection:BUS 1"
"PUGET:BREMERTON:V13.8:Load:BREM SS","BREM SS","PUGET:BREMERTON:V13.8:BusBarSection:GEN BUS"
"PUGET:BELLINGHAM:V230:Load:BELLINGHAM B","BELLINGHAM B","PUGET:BELLINGHAM:V230:BusBarSection:BUS 1"
"PALOUSE:ELLENSBURG:V230:Load:ELLENS A","ELLENS A","PALOUSE:ELLENSBURG:V230:BusBarSection:SOUTH BUS"
"PALOUSE:ELMER:V230:Load:ELMER A","ELMER A","PALOUSE:ELMER:V230:BusBarSection:230KV BUS 1"
"PUGET:LYNNWOOD:V230:Load:LYNNWOOD A","LYNNWOOD A","PUGET:LYNNWOOD:V230:BusBarSection:TRANSFER BUS"
"PUGET:VANCOUVER:V24:Load:VANCOUVER SS","VANCOUVER SS","PUGET:VANCOUVER:V24:BusBarSection:GEN BUS"
