"ID","Name","NominalKV","Substation","FrequencySourcePriority"
"PUGET:AUBURN:V230:BusBarSection:BUS 1","AUBURN BUS 1",230.0,"PUGET:Station:AUBURN",0
"PUGET:MARYSVILLE:V230:BusBarSection:BUS 1","MARYSVILLE BUS 1",230.0,"PUGET:Station:MARYSVILLE",0
"PUGET:SEATTLE:V230:BusBarSection:BUS 1","SEATTLE BUS 1",230.0,"PUGET:Station:SEATTLE",0
"PUGET:EVERETT:V24:BusBarSection:BUS 3","EVERETT BUS 3",24.0,"PUGET:Station:EVERETT",0
"PUGET:EVERETT:V24:BusBarSection:BUS 4","EVERETT BUS 4",24.0,"PUGET:Station:EVERETT",0
"PUGET:EVERETT:V230:BusBarSection:BUS 1","EVERETT BUS 1",230.0,"PUGET:Station:EVERETT",27
"PUGET:TACOMA:V138:BusBarSection:BUS 3","TACOMA BUS 3",138.0,"PUGET:Station:TACOMA",0
"PUGET:TACOMA:V24:BusBarSection:GEN SOUTH","TACOMA GEN SOUTH",24.0,"PUGET:Station:TACOMA",0
"PUGET:TACOMA:V230:BusBarSection:BUS 1","TACOMA BUS 1",230.0,"PUGET:Station:TACOMA",0
"PUGET:BELLINGHAM:V230:BusBarSection:BUS 1","BELLINGHAM BUS 1",230.0,"PUGET:Station:BELLINGHAM",0
"PUGET:CHEHALIS:V138:BusBarSection:BUS 3","CHEHALIS BUS 3",138.0,"PUGET:Station:CHEHALIS",0
"PUGET:CHEHALIS:V24:BusBarSection:BUS 5","CHEHALIS BUS 5",24.0,"PUGET:Station:CHEHALIS",0
"PUGET:CHEHALIS:V230:BusBarSection:BUS 1","CHEHALIS BUS 1",230.0,"PUGET:Station:CHEHALIS",0
"PUGET:MT VERNON:V230:BusBarSection:BUS 1","MT VERNON BUS 1",230.0,"PUGET:Station:MT VERNON",0
"PUGET:AIRPORT:V24:BusBarSection:BUS 3","AIRPORT BUS 3",24.0,"PUGET:Station:AIRPORT",0
"PUGET:AIRPORT:V230:BusBarSection:BUS 1","AIRPORT BUS 1",230.0,"PUGET:Station:AIRPORT",0
"PUGET:LONGVIEW:V230:BusBarSection:BUS 1","LONGVIEW BUS 1",230.0,"PUGET:Station:LONGVIEW",0
"PUGET:LONGVIEW:V69:BusBarSection:BUS 3","LONGVIEW BUS 3",69.0,"PUGET:Station:LONGVIEW",0
"PUGET:PORT ANGELES:V138:BusBarSection:BUS 2","PORT ANGELES BUS 2",138.0,"PUGET:Station:PORT ANGELES",0
"PUGET:PORT ANGELES:V230:BusBarSection:BUS 1","PORT ANGELES BUS 1",230.0,"PUGET:Station:PORT ANGELES",0
"PALOUSE:LIBERTY:V24:BusBarSection:BUS 3","LIBERTY BUS 3",24.0,"PALOUSE:Station:LIBERTY",0
"PALOUSE:LIBERTY:V230:BusBarSection:BUS 1","LIBERTY BUS 1",230.0,"PALOUSE:Station:LIBERTY",0
"PUGET:REDMOND:V230:BusBarSection:BUS 1","REDMOND BUS 1",230.0,"PUGET:Station:REDMOND",0
"PUGET:REDMOND:V69:BusBarSection:BUS 3","REDMOND BUS 3",69.0,"PUGET:Station:REDMOND",0
"PUGET:OLYMPIA:V230:BusBarSection:BUS 1","OLYMPIA BUS 1",230.0,"PUGET:Station:OLYMPIA",0
"PUGET:BELLEVUE:V230:BusBarSection:BUS 1","BELLEVUE BUS 1",230.0,"PUGET:Station:BELLEVUE",0
"PUGET:BELLEVUE:V69:BusBarSection:BUS 3","BELLEVUE BUS 3",69.0,"PUGET:Station:BELLEVUE",0
"COLUMBIA:YAKIMA:V230:BusBarSection:MAIN BUS","YAKIMA MAIN BUS",230.0,"COLUMBIA:Station:YAKIMA",0
"PUGET:VANCOUVER:V230:BusBarSection:BUS 1","VANCOUVER BUS 1",230.0,"PUGET:Station:VANCOUVER",0
"PUGET:MT VERNON:V24:BusBarSection:BUS 3-2","MT VERNON BUS 3-2",24.0,"PUGET:Station:MT VERNON",0
"PALOUSE:ELLENSBURG:V138:BusBarSection:GEN BUS","ELLENSBURG GEN BUS",138.0,"PALOUSE:Station:ELLENSBURG",0
"PALOUSE:ELLENSBURG:V13.8:BusBarSection:G1","ELLENSBURG G1",13.8,"PALOUSE:Station:ELLENSBURG",0
"PALOUSE:ELLENSBURG:V13.8:BusBarSection:G2","ELLENSBURG G2",13.8,"PALOUSE:Station:ELLENSBURG",0
"PALOUSE:ELLENSBURG:V13.8:BusBarSection:G3","ELLENSBURG G3",13.8,"PALOUSE:Station:ELLENSBURG",0
"PALOUSE:ELLENSBURG:V4.18:BusBarSection:G4","ELLENSBURG G4",4.18,"PALOUSE:Station:ELLENSBURG",0
"PALOUSE:ELLENSBURG:V13.8:Junction:2181","ELLENSBURG 2181",13.8,"PALOUSE:Station:ELLENSBURG",0
"PALOUSE:ELLENSBURG:V4.18:Junction:2197","ELLENSBURG 2197",4.18,"PALOUSE:Station:ELLENSBURG",0
"PALOUSE:ELLENSBURG:V230:BusBarSection:SOUTH BUS","ELLENSBURG SOUTH BUS",230.0,"PALOUSE:Station:ELLENSBURG",0
"PALOUSE:CHENEY:V115:BusBarSection:GEN_BUS_E","CHENEY GEN_BUS_E",115.0,"PALOUSE:Station:CHENEY",0
"PALOUSE:CHENEY:V.480:Junction:2353","CHENEY 2353",0.48,"PALOUSE:Station:CHENEY",0
"PALOUSE:CHENEY:V.480:Junction:2354","CHENEY 2354",0.48,"PALOUSE:Station:CHENEY",0
"PALOUSE:CHENEY:V13.8:BusBarSection:G_1_2","CHENEY G_1_2",13.8,"PALOUSE:Station:CHENEY",0
"PALOUSE:CHENEY:V13.8:BusBarSection:G_3_4","CHENEY G_3_4",13.8,"PALOUSE:Station:CHENEY",0
"PALOUSE:CHENEY:V13.8:Junction:2374","CHENEY 2374",13.8,"PALOUSE:Station:CHENEY",0
"PALOUSE:CHENEY:V230:BusBarSection:TRANS_BUS","CHENEY TRANS_BUS",230.0,"PALOUSE:Station:CHENEY",0
"COLUMBIA:FINLEY:V230:BusBarSection:NORTH BUS","FINLEY NORTH BUS",230.0,"COLUMBIA:Station:FINLEY",0
"COLUMBIA:FINLEY:V13.8:BusBarSection:G_1","FINLEY G_1",13.8,"COLUMBIA:Station:FINLEY",0
"COLUMBIA:FINLEY:V13.8:BusBarSection:G_2","FINLEY G_2",13.8,"COLUMBIA:Station:FINLEY",0
"COLUMBIA:FINLEY:V13.8:BusBarSection:G_3","FINLEY G_3",13.8,"COLUMBIA:Station:FINLEY",0
"COLUMBIA:FINLEY:V13.8:BusBarSection:G_4","FINLEY G_4",13.8,"COLUMBIA:Station:FINLEY",0
"COLUMBIA:FINLEY:V13.8:Junction:2479","FINLEY 2479",13.8,"COLUMBIA:Station:FINLEY",0
"PUGET:BELLINGHAM:V230:BusBarSection:AUX BUS","BELLINGHAM AUX BUS",230.0,"PUGET:Station:BELLINGHAM",0
"PALOUSE:LIBERTY:V13.8:BusBarSection:DIESEL","LIBERTY DIESEL",13.8,"PALOUSE:Station:LIBERTY",0
"PALOUSE:LIBERTY:V13.8:Junction:3198","LIBERTY 3198",13.8,"PALOUSE:Station:LIBERTY",0
"PALOUSE:LIBERTY:V13.8:Junction:3199","LIBERTY 3199",13.8,"PALOUSE:Station:LIBERTY",0
"PALOUSE:LIBERTY:V13.8:Junction:3200","LIBERTY 3200",13.8,"PALOUSE:Station:LIBERTY",0
"COLUMBIA:YAKIMA:V230:BusBarSection:TRANSFER BUS","YAKIMA TRANSFER BUS",230.0,"COLUMBIA:Station:YAKIMA",0
"COLUMBIA:YAKIMA:V115:BusBarSection:WEST GEN BUS","YAKIMA WEST GEN BUS",115.0,"COLUMBIA:Station:YAKIMA",0
"COLUMBIA:YAKIMA:V115:BusBarSection:EAST GEN BUS","YAKIMA EAST GEN BUS",115.0,"COLUMBIA:Station:YAKIMA",0
"COLUMBIA:YAKIMA:V13.8:Junction:3754","YAKIMA 3754",13.8,"COLUMBIA:Station:YAKIMA",0
"COLUMBIA:YAKIMA:V13.8:Junction:3755","YAKIMA 3755",13.8,"COLUMBIA:Station:YAKIMA",0
"COLUMBIA:SUNNYSIDE:V115:BusBarSection:115KV BUS 1","SUNNYSIDE 115KV BUS 1",115.0,"COLUMBIA:Station:SUNNYSIDE",0
"COLUMBIA:SUNNYSIDE:V12.5:BusBarSection:12KV AUX BUS","SUNNYSIDE 12KV AUX BUS",12.5,"COLUMBIA:Station:SUNNYSIDE",0
"COLUMBIA:SUNNYSIDE:V12.5:BusBarSection:12KV MAIN BUS 1","SUNNYSIDE 12KV MAIN BUS 1",12.5,"COLUMBIA:Station:SUNNYSIDE",0
"COLUMBIA:SUNNYSIDE:V12.5:BusBarSection:12KV MAIN BUS 2","SUNNYSIDE 12KV MAIN BUS 2",12.5,"COLUMBIA:Station:SUNNYSIDE",0
"COLUMBIA:YAKIMA:V115:Junction:4075","YAKIMA 4075",115.0,"COLUMBIA:Station:YAKIMA",0
"COLUMBIA:FINLEY:V115:Junction:4086","FINLEY 4086",115.0,"COLUMBIA:Station:FINLEY",0
"COLUMBIA:PASCO TAP:V115:BusBarSection:PASCO TAP","PASCO TAP",115.0,"COLUMBIA:Station:PASCO TAP",0
"COLUMBIA:PASCO TAP:V115:Junction:4172","PASCO TAP 4172",115.0,"COLUMBIA:Station:PASCO TAP",0
"COLUMBIA:KENNEWICK TAP:V115:BusBarSection:KENNEWICK TAP","KENNEWICK TAP",115.0,"COLUMBIA:Station:KENNEWICK TAP",0
"COLUMBIA:KENNEWICK TAP:V115:Junction:4194","KENNEWICK TAP 4194",115.0,"COLUMBIA:Station:KENNEWICK TAP",0
"COLUMBIA:RICHLAND TAP:V115:BusBarSection:RICHLAND TAP","RICHLAND TAP",115.0,"COLUMBIA:Station:RICHLAND TAP",0
"COLUMBIA:RICHLAND TAP:V115:Junction:4219","RICHLAND TAP 4219",115.0,"COLUMBIA:Station:RICHLAND TAP",0
"COLUMBIA:BENTON TAP:V115:BusBarSection:BENTON TAP","BENTON TAP",115.0,"COLUMBIA:Station:BENTON TAP",0
"COLUMBIA:BENTON TAP:V115:Junction:4231","BENTON TAP 4231",115.0,"COLUMBIA:Station:BENTON TAP",0
"COLUMBIA:PROSSER TAP:V115:BusBarSection:PROSSER TAP","PROSSER TAP",115.0,"COLUMBIA:Station:PROSSER TAP",0
"COLUMBIA:PROSSER TAP:V115:Junction:4256","PROSSER TAP 4256",115.0,"COLUMBIA:Station:PROSSER TAP",0
"COLUMBIA:GRANDVIEW TAP:V115:BusBarSection:GRANDVIEW TAP","GRANDVIEW TAP",115.0,"COLUMBIA:Station:GRANDVIEW TAP",0
"COLUMBIA:GRANDVIEW TAP:V115:Junction:4275","GRANDVIEW TAP 4275",115.0,"COLUMBIA:Station:GRANDVIEW TAP",0
"COLUMBIA:GRANDVIEW:V12.5:BusBarSection:GRANDVIEW BUS","GRANDVIEW BUS",12.5,"COLUMBIA:Station:GRANDVIEW",0
"COLUMBIA:GRANDVIEW:V115:Junction:4321","GRANDVIEW 4321",115.0,"COLUMBIA:Station:GRANDVIEW",0
"COLUMBIA:PROSSER:V12.5:BusBarSection:TRANSFER BUS","PROSSER TRANSFER BUS",12.5,"COLUMBIA:Station:PROSSER",0
"COLUMBIA:PROSSER:V115:Junction:4394","PROSSER 4394",115.0,"COLUMBIA:Station:PROSSER",0
"COLUMBIA:BENTON:V12.5:BusBarSection:TRANSFER","BENTON TRANSFER",12.5,"COLUMBIA:Station:BENTON",0
"COLUMBIA:BENTON:V115:Junction:4435","BENTON 4435",115.0,"COLUMBIA:Station:BENTON",0
"COLUMBIA:RICHLAND:V12.5:BusBarSection:MAIN BUS","RICHLAND MAIN BUS",12.5,"COLUMBIA:Station:RICHLAND",0
"COLUMBIA:RICHLAND:V12.5:Junction:4452","RICHLAND 4452",12.5,"COLUMBIA:Station:RICHLAND",0
"COLUMBIA:RICHLAND:V115:Junction:4469","RICHLAND 4469",115.0,"COLUMBIA:Station:RICHLAND",0
"COLUMBIA:KENNEWICK:V12.5:BusBarSection:TRANSFER BUS","KENNEWICK TRANSFER BUS",12.5,"COLUMBIA:Station:KENNEWICK",0
"COLUMBIA:KENNEWICK:V12.5:Junction:4489","KENNEWICK 4489",12.5,"COLUMBIA:Station:KENNEWICK",0
"COLUMBIA:KENNEWICK:V115:Junction:4508","KENNEWICK 4508",115.0,"COLUMBIA:Station:KENNEWICK",0
"COLUMBIA:PASCO:V12.5:BusBarSection:PASCO BUS","PASCO BUS",12.5,"COLUMBIA:Station:PASCO",0
"COLUMBIA:PASCO:V115:Junction:4530","PASCO 4530",115.0,"COLUMBIA:Station:PASCO",0
"PALOUSE:QUINCY:V33:BusBarSection:WEST_BUS","QUINCY WEST_BUS",33.0,"PALOUSE:Station:QUINCY",0
"PALOUSE:QUINCY:V33:BusBarSection:EAST_BUS","QUINCY EAST_BUS",33.0,"PALOUSE:Station:QUINCY",0
"PALOUSE:QUINCY:V115:Junction:4588","QUINCY 4588",115.0,"PALOUSE:Station:QUINCY",0
"PALOUSE:QUINCY:V115:Junction:4589","QUINCY 4589",115.0,"PALOUSE:Station:QUINCY",0
"PALOUSE:ELLENSBURG:V115:Junction:4596","ELLENSBURG 4596",115.0,"PALOUSE:Station:ELLENSBURG",0
"PALOUSE:EPHRATA:V115:Junction:4627","EPHRATA 4627",115.0,"PALOUSE:Station:EPHRATA",0
"PALOUSE:EPHRATA:V115:Junction:4628","EPHRATA 4628",115.0,"PALOUSE:Station:EPHRATA",0
"PALOUSE:EPHRATA:V12.5:BusBarSection:OPS_BUS","EPHRATA OPS_BUS",12.5,"PALOUSE:Station:EPHRATA",0
"PALOUSE:EPHRATA:V12.5:BusBarSection:OPS_BUS_2","EPHRATA OPS_BUS_2",12.5,"PALOUSE:Station:EPHRATA",0
"PALOUSE:EPHRATA:V12.5:BusBarSection:INSPECTION_BUS","EPHRATA INSPECTION_BUS",12.5,"PALOUSE:Station:EPHRATA",0
"PALOUSE:EPHRATA:V12.5:Junction:4692","EPHRATA 4692",12.5,"PALOUSE:Station:EPHRATA",0
"PALOUSE:EPHRATA:V12.5:Junction:4693","EPHRATA 4693",12.5,"PALOUSE:Station:EPHRATA",0
"PALOUSE:EPHRATA:V12.5:Junction:4694","EPHRATA 4694",12.5,"PALOUSE:Station:EPHRATA",0
"PALOUSE:CHENEY:V115:Junction:4726","CHENEY 4726",115.0,"PALOUSE:Station:CHENEY",0
"PALOUSE:GLOYD:V115:Junction:4795","GLOYD 4795",115.0,"PALOUSE:Station:GLOYD",0
"PALOUSE:GLOYD:V115:Junction:4797","GLOYD 4797",115.0,"PALOUSE:Station:GLOYD",0
"PALOUSE:GLOYD:V12.5:BusBarSection:BUS 1","GLOYD BUS 1",12.5,"PALOUSE:Station:GLOYD",0
"PALOUSE:GLOYD:V12.5:BusBarSection:BUS 2","GLOYD BUS 2",12.5,"PALOUSE:Station:GLOYD",0
"PALOUSE:GLOYD:V12.5:BusBarSection:BUS 3","GLOYD BUS 3",12.5,"PALOUSE:Station:GLOYD",0
"PUGET:SATSOP:V500:BusBarSection:500 KV WEST BUS","SATSOP 500 KV WEST BUS",525.0,"PUGET:Station:SATSOP",0
"PUGET:SATSOP:V24:BusBarSection:GEN WEST BUS","SATSOP GEN WEST BUS",24.0,"PUGET:Station:SATSOP",0
"PUGET:SATSOP:V230:BusBarSection:230 MAIN BUS","SATSOP 230 MAIN BUS",230.0,"PUGET:Station:SATSOP",0
"PUGET:SATSOP:V24:Junction:5159","SATSOP 5159",24.0,"PUGET:Station:SATSOP",0
"PALOUSE:SPOKANE:V12.5:BusBarSection:OPS_BUS","SPOKANE OPS_BUS",12.5,"PALOUSE:Station:SPOKANE",0
"PALOUSE:SPOKANE:V12.5:BusBarSection:OPS_BUS1","SPOKANE OPS_BUS1",12.5,"PALOUSE:Station:SPOKANE",0
"PALOUSE:SPOKANE:V12.5:BusBarSection:OPS_BUS2","SPOKANE OPS_BUS2",12.5,"PALOUSE:Station:SPOKANE",0
"PALOUSE:SPOKANE:V12.5:BusBarSection:INSPECTION_BUS","SPOKANE INSPECTION_BUS",12.5,"PALOUSE:Station:SPOKANE",0
"PUGET:SATSOP:V4.18:BusBarSection:SS BUS 4.18KV","SATSOP SS BUS 4.18KV",4.18,"PUGET:Station:SATSOP",0
"PUGET:SATSOP:V4.18:Junction:5193","SATSOP 5193",4.18,"PUGET:Station:SATSOP",0
"PUGET:SATSOP:V4.18:Junction:5195","SATSOP 5195",4.18,"PUGET:Station:SATSOP",0
"PALOUSE:SPOKANE:V115:Junction:5381","SPOKANE 5381",115.0,"PALOUSE:Station:SPOKANE",0
"PALOUSE:SPOKANE:V115:Junction:5382","SPOKANE 5382",115.0,"PALOUSE:Station:SPOKANE",0
"PALOUSE:WENATCHEE:V500:BusBarSection:NORTH BUS","WENATCHEE NORTH BUS",525.0,"PALOUSE:Station:WENATCHEE",0
"PALOUSE:VALLEY:V12.5:BusBarSection:BUS 1","VALLEY BUS 1",12.5,"PALOUSE:Station:VALLEY",0
"PALOUSE:VALLEY:V12.5:BusBarSection:BUS 2","VALLEY BUS 2",12.5,"PALOUSE:Station:VALLEY",0
"PALOUSE:VALLEY:V12.5:BusBarSection:BUS 3","VALLEY BUS 3",12.5,"PALOUSE:Station:VALLEY",0
"PALOUSE:WENATCHEE:V230:Junction:5613","WENATCHEE 5613",230.0,"PALOUSE:Station:WENATCHEE",0
"PUGET:AUBURN:V500:BusBarSection:500 SOUTH BUS","AUBURN 500 SOUTH BUS",525.0,"PUGET:Station:AUBURN",0
"COLUMBIA:WALLA WALLA:V500:BusBarSection:500 KV SOUTH BUS","WALLA WALLA 500 KV SOUTH BUS",525.0,"COLUMBIA:Station:WALLA WALLA",0
"COLUMBIA:WALLA WALLA:V230:Junction:5746","WALLA WALLA 5746",230.0,"COLUMBIA:Station:WALLA WALLA",0
"PALOUSE:VALLEY:V115:Junction:5818","VALLEY 5818",115.0,"PALOUSE:Station:VALLEY",0
"PALOUSE:VALLEY:V115:Junction:5819","VALLEY 5819",115.0,"PALOUSE:Station:VALLEY",0
"PALOUSE:ROCKFORD:V230:BusBarSection:230KV BUS 1","ROCKFORD 230KV BUS 1",230.0,"PALOUSE:Station:ROCKFORD",0
"PUGET:SATSOP:V4.18:Junction:5876","SATSOP 5876",4.18,"PUGET:Station:SATSOP",0
"PUGET:SATSOP:V4.18:Junction:5879","SATSOP 5879",4.18,"PUGET:Station:SATSOP",0
"PUGET:SATSOP:V500:Junction:5883","SATSOP 5883",525.0,"PUGET:Station:SATSOP",0
"PALOUSE:WENATCHEE:V500:Junction:5887","WENATCHEE 5887",525.0,"PALOUSE:Station:WENATCHEE",0
"PALOUSE:WENATCHEE:V500:Junction:5893","WENATCHEE 5893",525.0,"PALOUSE:Station:WENATCHEE",0
"PUGET:AUBURN:V500:Junction:5901","AUBURN 5901",525.0,"PUGET:Station:AUBURN",0
"COLUMBIA:WALLA WALLA:V500:Junction:5911","WALLA WALLA 5911",525.0,"COLUMBIA:Station:WALLA WALLA",0
"PALOUSE:ROCKFORD:V500:BusBarSection:500KV NORTH BUS","ROCKFORD 500KV NORTH BUS",525.0,"PALOUSE:Station:ROCKFORD",0
"PALOUSE:CHENEY:V115:Junction:5944","CHENEY 5944",115.0,"PALOUSE:Station:CHENEY",0
"COLUMBIA:PULLMAN:V500:BusBarSection:500KV WEST","PULLMAN 500KV WEST",525.0,"COLUMBIA:Station:PULLMAN",0
"PALOUSE:ELMER:V500:BusBarSection:500KV BUS NORTH","ELMER 500KV BUS NORTH",525.0,"PALOUSE:Station:ELMER",0
"COLUMBIA:FINLEY:V500:BusBarSection:500KV WEST","FINLEY 500KV WEST",525.0,"COLUMBIA:Station:FINLEY",0
"COLUMBIA:YAKIMA:V500:BusBarSection:500KV BUS 1","YAKIMA 500KV BUS 1",525.0,"COLUMBIA:Station:YAKIMA",61
"PALOUSE:VANTAGE:V230:BusBarSection:230KV MAIN BUS","VANTAGE 230KV MAIN BUS",230.0,"PALOUSE:Station:VANTAGE",0
"PALOUSE:WHEELER:V230:BusBarSection:230KV TFR BUS","WHEELER 230KV TFR BUS",230.0,"PALOUSE:Station:WHEELER",0
"PALOUSE:ROCKFORD:V115:Junction:6179","ROCKFORD 6179",115.0,"PALOUSE:Station:ROCKFORD",0
"PALOUSE:ROCKFORD:V115:Junction:6180","ROCKFORD 6180",115.0,"PALOUSE:Station:ROCKFORD",0
"PALOUSE:WHEELER:V230:BusBarSection:230KV MAIN BUS","WHEELER 230KV MAIN BUS",230.0,"PALOUSE:Station:WHEELER",0
"PALOUSE:WHEELER:V115:Junction:6229","WHEELER 6229",115.0,"PALOUSE:Station:WHEELER",0
"PALOUSE:WHEELER:V115:Junction:6230","WHEELER 6230",115.0,"PALOUSE:Station:WHEELER",0
"PALOUSE:VANTAGE:V115:Junction:6267","VANTAGE 6267",115.0,"PALOUSE:Station:VANTAGE",0
"PUGET:EVERETT:V500:BusBarSection:BUS 5","EVERETT BUS 5",525.0,"PUGET:Station:EVERETT",0
"PUGET:RENTON:V230:BusBarSection:BUS 1","RENTON BUS 1",230.0,"PUGET:Station:RENTON",0
"PUGET:LYNNWOOD:V230:BusBarSection:TRANSFER BUS","LYNNWOOD TRANSFER BUS",230.0,"PUGET:Station:LYNNWOOD",0
"PUGET:FEDERAL WAY:V230:BusBarSection:MAIN BUS","FEDERAL WAY MAIN BUS",230.0,"PUGET:Station:FEDERAL WAY",0
"PUGET:BREMERTON:V230:BusBarSection:BUS 1","BREMERTON BUS 1",230.0,"PUGET:Station:BREMERTON",0
"PALOUSE:ELMER:V14:BusBarSection:14KV GEN BUS 2","ELMER 14KV GEN BUS 2",14.0,"PALOUSE:Station:ELMER",0
"PALOUSE:ELMER:V14:BusBarSection:14KV GEN BUS 3","ELMER 14KV GEN BUS 3",14.0,"PALOUSE:Station:ELMER",0
"PALOUSE:ELMER:V14:BusBarSection:14KV GEN BUS 4","ELMER 14KV GEN BUS 4",14.0,"PALOUSE:Station:ELMER",0
"PALOUSE:ELMER:V14:BusBarSection:14KV GEN BUS 5","ELMER 14KV GEN BUS 5",14.0,"PALOUSE:Station:ELMER",0
"PALOUSE:ELMER:V14:BusBarSection:14KV GEN BUS 1","ELMER 14KV GEN BUS 1",14.0,"PALOUSE:Station:ELMER",0
"PALOUSE:ELMER:V230:BusBarSection:230KV BUS 1","ELMER 230KV BUS 1",230.0,"PALOUSE:Station:ELMER",100
"PALOUSE:ELMER:V14:Junction:6858","ELMER 6858",14.0,"PALOUSE:Station:ELMER",0
"PALOUSE:ELMER:V14:Junction:6860","ELMER 6860",14.0,"PALOUSE:Station:ELMER",0
"PUGET:RENTON:V230:Junction:7187","RENTON 7187",230.0,"PUGET:Station:RENTON",0
"PUGET:BREMERTON:V13.8:BusBarSection:GEN BUS","BREMERTON GEN BUS",13.8,"PUGET:Station:BREMERTON",0
"PUGET:BREMERTON:V13.8:Junction:7428","BREMERTON 7428",13.8,"PUGET:Station:BREMERTON",0
"PUGET:RENTON:V13.8:BusBarSection:WEST GEN BUS","RENTON WEST GEN BUS",13.8,"PUGET:Station:RENTON",0
"PUGET:RENTON:V13.8:BusBarSection:EAST GEN BUS","RENTON EAST GEN BUS",13.8,"PUGET:Station:RENTON",0
"PUGET:RENTON:V13.8:Junction:7472","RENTON 7472",13.8,"PUGET:Station:RENTON",0
"PUGET:RENTON:V13.8:Junction:7473","RENTON 7473",13.8,"PUGET:Station:RENTON",0
"PUGET:RENTON:V13.8:Junction:7474","RENTON 7474",13.8,"PUGET:Station:RENTON",0
"PUGET:RENTON:V13.8:Junction:7475","RENTON 7475",13.8,"PUGET:Station:RENTON",0
"PUGET:RENTON:V13.8:Junction:7477","RENTON 7477",13.8,"PUGET:Station:RENTON",0
"PUGET:RENTON:V13.8:Junction:7478","RENTON 7478",13.8,"PUGET:Station:RENTON",0
"PALOUSE:WENATCHEE:V1:Junction:7547","WENATCHEE 7547",1.0,"PALOUSE:Station:WENATCHEE",0
"PALOUSE:WENATCHEE:V1:Junction:7563","WENATCHEE 7563",1.0,"PALOUSE:Station:WENATCHEE",0
"PALOUSE:WENATCHEE:V1:Junction:7564","WENATCHEE 7564",1.0,"PALOUSE:Station:WENATCHEE",0
"PALOUSE:WENATCHEE:V1:Junction:7565","WENATCHEE 7565",1.0,"PALOUSE:Station:WENATCHEE",0
"PALOUSE:WENATCHEE:V1:Junction:7566","WENATCHEE 7566",1.0,"PALOUSE:Station:WENATCHEE",0
"PALOUSE:WENATCHEE:V14:Junction:7612","WENATCHEE 7612",14.0,"PALOUSE:Station:WENATCHEE",0
"PALOUSE:WENATCHEE:V14:Junction:7613","WENATCHEE 7613",14.0,"PALOUSE:Station:WENATCHEE",0
"PALOUSE:WENATCHEE:V14:BusBarSection:SS BUS 2","WENATCHEE SS BUS 2",14.0,"PALOUSE:Station:WENATCHEE",0
"PALOUSE:WENATCHEE:V14:Junction:7615","WENATCHEE 7615",14.0,"PALOUSE:Station:WENATCHEE",0
"PALOUSE:WENATCHEE:V14:Junction:7616","WENATCHEE 7616",14.0,"PALOUSE:Station:WENATCHEE",0
"PALOUSE:WENATCHEE:V14:Junction:7617","WENATCHEE 7617",14.0,"PALOUSE:Station:WENATCHEE",0
"PALOUSE:WENATCHEE:V14:BusBarSection:SS BUS 1","WENATCHEE SS BUS 1",14.0,"PALOUSE:Station:WENATCHEE",0
"PALOUSE:WENATCHEE:V14:Junction:7619","WENATCHEE 7619",14.0,"PALOUSE:Station:WENATCHEE",0
"PALOUSE:WENATCHEE:V14:Junction:7620","WENATCHEE 7620",14.0,"PALOUSE:Station:WENATCHEE",0
"PALOUSE:WENATCHEE:V14:Junction:7621","WENATCHEE 7621",14.0,"PALOUSE:Station:WENATCHEE",0
"PALOUSE:WENATCHEE:V14:Junction:7653","WENATCHEE 7653",14.0,"PALOUSE:Station:WENATCHEE",0
"PALOUSE:WENATCHEE:V14:Junction:7797","WENATCHEE 7797",14.0,"PALOUSE:Station:WENATCHEE",0
"PALOUSE:WENATCHEE:V14:Junction:7799","WENATCHEE 7799",14.0,"PALOUSE:Station:WENATCHEE",0
"PALOUSE:WENATCHEE:V14:Junction:7801","WENATCHEE 7801",14.0,"PALOUSE:Station:WENATCHEE",0
"PALOUSE:WENATCHEE:V14:Junction:7802","WENATCHEE 7802",14.0,"PALOUSE:Station:WENATCHEE",0
"PALOUSE:WENATCHEE:V4.18:Junction:7861","WENATCHEE 7861",4.18,"PALOUSE:Station:WENATCHEE",0
"PALOUSE:WENATCHEE:V4.18:Junction:7862","WENATCHEE 7862",4.18,"PALOUSE:Station:WENATCHEE",0
"PALOUSE:WENATCHEE:V4.18:Junction:7863","WENATCHEE 7863",4.18,"PALOUSE:Station:WENATCHEE",0
"PALOUSE:WENATCHEE:V4.18:Junction:7864","WENATCHEE 7864",4.18,"PALOUSE:Station:WENATCHEE",0
"PALOUSE:WENATCHEE:V4.18:Junction:7865","WENATCHEE 7865",4.18,"PALOUSE:Station:WENATCHEE",0
"PALOUSE:WENATCHEE:V4.18:Junction:7866","WENATCHEE 7866",4.18,"PALOUSE:Station:WENATCHEE",0
"PALOUSE:WENATCHEE:V4.18:Junction:7867","WENATCHEE 7867",4.18,"PALOUSE:Station:WENATCHEE",0
"PALOUSE:WENATCHEE:V4.18:BusBarSection:DIESEL BUS","WENATCHEE DIESEL BUS",4.18,"PALOUSE:Station:WENATCHEE",0
"PALOUSE:WENATCHEE:V4.18:Junction:7879","WENATCHEE 7879",4.18,"PALOUSE:Station:WENATCHEE",0
"PUGET:REDMOND:V69:BusBarSection:TRANSFER BUS","REDMOND TRANSFER BUS",69.0,"PUGET:Station:REDMOND",0
"COLUMBIA:FINLEY:V500:Junction:8124","FINLEY 8124",525.0,"COLUMBIA:Station:FINLEY",0
"PALOUSE:ELMER:V500:Junction:8126","ELMER 8126",525.0,"PALOUSE:Station:ELMER",0
"PUGET:SATSOP:V500:Junction:8129","SATSOP 8129",525.0,"PUGET:Station:SATSOP",0
"PUGET:VANCOUVER:V24:BusBarSection:GEN BUS","VANCOUVER GEN BUS",24.0,"PUGET:Station:VANCOUVER",0
"COLUMBIA:WALLA WALLA:V21.6:BusBarSection:21.6KV BUS 1","WALLA WALLA 21.6KV BUS 1",21.6,"COLUMBIA:Station:WALLA WALLA",0
"COLUMBIA:WALLA WALLA:V21.6:BusBarSection:21.6KV BUS 2","WALLA WALLA 21.6KV BUS 2",21.6,"COLUMBIA:Station:WALLA WALLA",0
"COLUMBIA:WALLA WALLA:V33:BusBarSection:33KV BUS","WALLA WALLA 33KV BUS",33.0,"COLUMBIA:Station:WALLA WALLA",0
"COLUMBIA:WALLA WALLA:V21.6:Junction:8469","WALLA WALLA 8469",21.6,"COLUMBIA:Station:WALLA WALLA",0
"COLUMBIA:WALLA WALLA:V21.6:Junction:8470","WALLA WALLA 8470",21.6,"COLUMBIA:Station:WALLA WALLA",0
"COLUMBIA:WALLA WALLA:V21.6:Junction:8473","WALLA WALLA 8473",21.6,"COLUMBIA:Station:WALLA WALLA",0
"COLUMBIA:WALLA WALLA:V21.6:Junction:8477","WALLA WALLA 8477",21.6,"COLUMBIA:Station:WALLA WALLA",0
"COLUMBIA:WALLA WALLA:V21.6:Junction:8478","WALLA WALLA 8478",21.6,"COLUMBIA:Station:WALLA WALLA",0
"COLUMBIA:WALLA WALLA:V21.6:Junction:8480","WALLA WALLA 8480",21.6,"COLUMBIA:Station:WALLA WALLA",0
"COLUMBIA:WALLA WALLA:V21.6:Junction:8484","WALLA WALLA 8484",21.6,"COLUMBIA:Station:WALLA WALLA",0
"COLUMBIA:WALLA WALLA:V21.6:Junction:8487","WALLA WALLA 8487",21.6,"COLUMBIA:Station:WALLA WALLA",0
"COLUMBIA:WALLA WALLA:V33:Junction:8524","WALLA WALLA 8524",33.0,"COLUMBIA:Station:WALLA WALLA",0
"COLUMBIA:WALLA WALLA:V33:Junction:8525","WALLA WALLA 8525",33.0,"COLUMBIA:Station:WALLA WALLA",0
"COLUMBIA:WALLA WALLA:V33:Junction:8526","WALLA WALLA 8526",33.0,"COLUMBIA:Station:WALLA WALLA",0
"COLUMBIA:WALLA WALLA:V33:Junction:8527","WALLA WALLA 8527",33.0,"COLUMBIA:Station:WALLA WALLA",0
"COLUMBIA:WALLA WALLA:V33:Junction:8532","WALLA WALLA 8532",33.0,"COLUMBIA:Station:WALLA WALLA",0
"COLUMBIA:COYOTE RIDGE:V230:BusBarSection:230KV BUS 1","COYOTE RIDGE 230KV BUS 1",230.0,"COLUMBIA:Station:COYOTE RIDGE",0
"PALOUSE:ST JOHN:V230:BusBarSection:230KV BUS 1","ST JOHN 230KV BUS 1",230.0,"PALOUSE:Station:ST JOHN",0
"COLUMBIA:PULLMAN:V230:BusBarSection:230KV BUS 1","PULLMAN 230KV BUS 1",230.0,"COLUMBIA:Station:PULLMAN",0
"COLUMBIA:COYOTE RIDGE:V21.6:BusBarSection:21.6KV BUS","COYOTE RIDGE 21.6KV BUS",21.6,"COLUMBIA:Station:COYOTE RIDGE",0
"COLUMBIA:COYOTE RIDGE:V33:BusBarSection:33KV BUS","COYOTE RIDGE 33KV BUS",33.0,"COLUMBIA:Station:COYOTE RIDGE",0
"COLUMBIA:COYOTE RIDGE:V33:Junction:8667","COYOTE RIDGE 8667",33.0,"COLUMBIA:Station:COYOTE RIDGE",0
"COLUMBIA:COYOTE RIDGE:V33:Junction:8670","COYOTE RIDGE 8670",33.0,"COLUMBIA:Station:COYOTE RIDGE",0
"COLUMBIA:COYOTE RIDGE:V33:Junction:8671","COYOTE RIDGE 8671",33.0,"COLUMBIA:Station:COYOTE RIDGE",0
"COLUMBIA:COYOTE RIDGE:V33:Junction:8674","COYOTE RIDGE 8674",33.0,"COLUMBIA:Station:COYOTE RIDGE",0
"COLUMBIA:COYOTE RIDGE:V33:Junction:8675","COYOTE RIDGE 8675",33.0,"COLUMBIA:Station:COYOTE RIDGE",0
"COLUMBIA:COYOTE RIDGE:V21.6:Junction:8703","COYOTE RIDGE 8703",21.6,"COLUMBIA:Station:COYOTE RIDGE",0
"COLUMBIA:COYOTE RIDGE:V21.6:Junction:8705","COYOTE RIDGE 8705",21.6,"COLUMBIA:Station:COYOTE RIDGE",0
"COLUMBIA:COYOTE RIDGE:V21.6:Junction:8706","COYOTE RIDGE 8706",21.6,"COLUMBIA:Station:COYOTE RIDGE",0
"COLUMBIA:COYOTE RIDGE:V21.6:Junction:8709","COYOTE RIDGE 8709",21.6,"COLUMBIA:Station:COYOTE RIDGE",0
"COLUMBIA:COYOTE RIDGE:V21.6:Junction:8710","COYOTE RIDGE 8710",21.6,"COLUMBIA:Station:COYOTE RIDGE",0
"COLUMBIA:COYOTE RIDGE:V21.6:Junction:8717","COYOTE RIDGE 8717",21.6,"COLUMBIA:Station:COYOTE RIDGE",0
"PALOUSE:ST JOHN:V24:BusBarSection:24KV FDR BUS","ST JOHN 24KV FDR BUS",24.0,"PALOUSE:Station:ST JOHN",0
"PALOUSE:ST JOHN:V24:Junction:8800","ST JOHN 8800",24.0,"PALOUSE:Station:ST JOHN",0
"PALOUSE:ST JOHN:V24:Junction:8808","ST JOHN 8808",24.0,"PALOUSE:Station:ST JOHN",0
"PALOUSE:ST JOHN:V24:Junction:8810","ST JOHN 8810",24.0,"PALOUSE:Station:ST JOHN",0
"PALOUSE:ST JOHN:V24:Junction:8811","ST JOHN 8811",24.0,"PALOUSE:Station:ST JOHN",0
"PALOUSE:ST JOHN:V24:Junction:8812","ST JOHN 8812",24.0,"PALOUSE:Station:ST JOHN",0
"PALOUSE:ST JOHN:V24:Junction:8813","ST JOHN 8813",24.0,"PALOUSE:Station:ST JOHN",0
"PALOUSE:ST JOHN:V24:Junction:8814","ST JOHN 8814",24.0,"PALOUSE:Station:ST JOHN",0
"PALOUSE:VANTAGE:V24:BusBarSection:24KV BUS","VANTAGE 24KV BUS",24.0,"PALOUSE:Station:VANTAGE",0
"PALOUSE:VANTAGE:V33:BusBarSection:33KV BUS","VANTAGE 33KV BUS",33.0,"PALOUSE:Station:VANTAGE",0
"PALOUSE:VANTAGE:V24:Junction:8855","VANTAGE 8855",24.0,"PALOUSE:Station:VANTAGE",0
"PALOUSE:VANTAGE:V24:Junction:8860","VANTAGE 8860",24.0,"PALOUSE:Station:VANTAGE",0
"PALOUSE:VANTAGE:V24:Junction:8861","VANTAGE 8861",24.0,"PALOUSE:Station:VANTAGE",0
"PALOUSE:VANTAGE:V24:Junction:8862","VANTAGE 8862",24.0,"PALOUSE:Station:VANTAGE",0
"PALOUSE:VANTAGE:V33:Junction:8863","VANTAGE 8863",33.0,"PALOUSE:Station:VANTAGE",0
"PALOUSE:VANTAGE:V33:Junction:8866","VANTAGE 8866",33.0,"PALOUSE:Station:VANTAGE",0
"PALOUSE:VANTAGE:V33:Junction:8867","VANTAGE 8867",33.0,"PALOUSE:Station:VANTAGE",0
"PALOUSE:VANTAGE:V33:Junction:8868","VANTAGE 8868",33.0,"PALOUSE:Station:VANTAGE",0
