"ID","MW","MVAr"
"PUGET:AUBURN:V230:Load:AUBURN A",39.97678,18.172647
"PUGET:AUBURN:V230:Load:AUBURN B",54.516388,24.533325
"PUGET:MARYSVILLE:V230:Load:MARYS A",16.120882,7.166132
"PUGET:MARYSVILLE:V230:Load:MARYS B",48.362648,21.495865
"PUGET:SEATTLE:V230:Load:SEATTLE A",584.0964,262.87817
"PUGET:EVERETT:V24:Load:EVERETT SS1",3.9998121,1.8
"PUGET:EVERETT:V24:Load:EVERETT SS2",3.9998121,1.8
"PUGET:EVERETT:V230:Load:EVERETT A",223.55624,100.16537
"PUGET:VANCOUVER:V230:Load:VANCOUVER A",200.01088,90.01684
"PUGET:TACOMA:V138:Load:TACOMA A",178.90433,80.51626
"PUGET:TACOMA:V24:Load:TACOMA SS",4.9997654,2.25
"PUGET:BELLINGHAM:V230:Load:BELLINGHAM A",88.13293,39.66478
"PUGET:CHEHALIS:V138:Load:CHEHALIS A",18.221264,8.199904
"PUGET:CHEHALIS:V24:Load:CHEHALIS SS",7.9996243,3.6
"PUGET:MT VERNON:V230:Load:MT VERNON A",89.66662,40.355022
"PUGET:MT VERNON:V230:Load:MT VERNON B",29.588406,13.452518
"PUGET:AIRPORT:V24:Load:AIRPORT SS",4.9997654,2.25
"PUGET:AIRPORT:V230:Load:AIRPORT A",74.438194,33.18705
"PUGET:LONGVIEW:V230:Load:LONGVIEW A",55.000294,24.751493
"PUGET:LONGVIEW:V69:Load:LONGVIEW B",13.722943,6.1782527
"PUGET:LONGVIEW:V69:Load:LONGVIEW C",38.432674,17.388622
"PUGET:PORT ANGELES:V138:Load:PT ANGELES A",26.801456,11.614044
"PUGET:PORT ANGELES:V138:Load:PT ANGELES B",25.010952,10.7224045
"PALOUSE:LIBERTY:V24:Load:LIBERTY C",14.999295,8.0
"PALOUSE:LIBERTY:V230:Load:LIBERTY A",345.29718,155.73164
"PUGET:REDMOND:V230:Load:REDMOND A",78.64055,35.75125
"PUGET:REDMOND:V69:Load:REDMOND B",18.025587,8.111907
"PUGET:OLYMPIA:V230:Load:OLY A",88.51923,39.837635
"PUGET:BELLEVUE:V230:Load:BELLEVUE A",267.81683,120.5307
"PUGET:BELLEVUE:V69:Load:BELLEVUE B",89.881454,40.05095
"PALOUSE:CHENEY:V230:Load:CHENEY A",22.468498,9.637175
"COLUMBIA:YAKIMA:V115:Load:EAST SS",5.055357,2.2750292
"COLUMBIA:YAKIMA:V115:Load:WEST SS",5.054775,2.2747684
"COLUMBIA:SUNNYSIDE:V12.5:Load:F0",1.3442742,0.6051458
"COLUMBIA:SUNNYSIDE:V12.5:Load:F1",2.6887808,1.2102916
"COLUMBIA:SUNNYSIDE:V12.5:Load:F2",4.0330553,1.8155423
"COLUMBIA:SUNNYSIDE:V12.5:Load:F3",1.3442742,0.6051458
"COLUMBIA:SUNNYSIDE:V12.5:Load:F4",2.6887808,1.2102916
"COLUMBIA:SUNNYSIDE:V12.5:Load:F5",4.0330553,1.8155423
"COLUMBIA:GRANDVIEW:V12.5:Load:F1",1.3393404,0.6029253
"COLUMBIA:GRANDVIEW:V12.5:Load:F2",1.3393404,0.6029253
"COLUMBIA:GRANDVIEW:V12.5:Load:F3",1.3393404,0.6029253
"COLUMBIA:PROSSER:V12.5:Load:F1",1.332894,0.6000238
"COLUMBIA:PROSSER:V12.5:Load:F2",1.332894,0.6000238
"COLUMBIA:PROSSER:V12.5:Load:F3",1.332894,0.6000238
"COLUMBIA:PROSSER:V12.5:Load:F4",1.332894,0.6000238
"COLUMBIA:PROSSER:V12.5:Load:F5",1.332894,0.6000238
"COLUMBIA:BENTON:V12.5:Load:F2",1.3489939,0.60727054
"COLUMBIA:BENTON:V12.5:Load:F3",1.3489939,0.60727054
"COLUMBIA:BENTON:V12.5:Load:F4",2.6982214,1.2145411
"COLUMBIA:RICHLAND:V12.5:Load:F1",2.6719859,1.2027327
"COLUMBIA:RICHLAND:V12.5:Load:F2",1.3358774,0.60136634
"COLUMBIA:RICHLAND:V12.5:Load:F3",1.3358774,0.60136634
"COLUMBIA:RICHLAND:V12.5:Load:F4",1.3358774,0.60136634
"COLUMBIA:KENNEWICK:V12.5:Load:F1",1.3329822,0.6000558
"COLUMBIA:KENNEWICK:V12.5:Load:F2",1.3329822,0.6000558
"COLUMBIA:KENNEWICK:V12.5:Load:F3",1.3329822,0.6000558
"COLUMBIA:KENNEWICK:V12.5:Load:F4",1.3329822,0.6000558
"COLUMBIA:KENNEWICK:V12.5:Load:F5",1.3329822,0.6000558
"COLUMBIA:PASCO:V12.5:Load:F1",1.3449221,0.60542995
"COLUMBIA:PASCO:V12.5:Load:F2",1.3449221,0.60542995
"COLUMBIA:PASCO:V12.5:Load:F3",1.3449221,0.60542995
"PALOUSE:QUINCY:V33:Load:QUIN01",4.1289444,1.8596498
"PALOUSE:QUINCY:V33:Load:QUIN02",4.127298,1.8589089
"PALOUSE:QUINCY:V33:Load:QUIN03",4.127298,1.8589089
"PALOUSE:QUINCY:V33:Load:QUIN04",4.1289444,1.8596498
"PALOUSE:ELLENSBURG:V138:Load:SS",4.9895163,2.2453883
"PALOUSE:EPHRATA:V12.5:Load:EPH01",5.2514424,2.3653488
"PALOUSE:EPHRATA:V12.5:Load:EPH02",5.2514424,2.3653488
"PALOUSE:EPHRATA:V12.5:Load:EPH03",6.3130336,2.8436065
"PALOUSE:EPHRATA:V12.5:Load:EPH04",5.2608614,2.3695855
"PALOUSE:EPHRATA:V12.5:Load:EPH05",5.2608614,2.3695855
"PALOUSE:GLOYD:V12.5:Load:GLO01",5.1270947,2.3093407
"PALOUSE:GLOYD:V12.5:Load:GLO02",5.0614176,2.2797592
"PALOUSE:GLOYD:V12.5:Load:GLO03",5.0614176,2.2797592
"PALOUSE:GLOYD:V12.5:Load:GLO04",5.1587286,2.323586
"PALOUSE:GLOYD:V12.5:Load:GLO05",3.095237,1.3939484
"PALOUSE:GLOYD:V12.5:Load:GLO06",3.0762568,1.3854026
"PALOUSE:GLOYD:V12.5:Load:GLO07",3.0762568,1.3854026
"PALOUSE:GLOYD:V12.5:Load:GLO08",3.0368505,1.3676561
"PALOUSE:GLOYD:V12.5:Load:GLO09",3.0368505,1.3676561
"PALOUSE:GLOYD:V12.5:Load:GLO10",3.095237,1.3939484
"PUGET:SATSOP:V24:Load:GEN SERVICE 1",14.999295,8.0
"PUGET:SATSOP:V24:Load:GEN SERVICE 2",14.999295,8.0
"PALOUSE:SPOKANE:V12.5:Load:SPOK01",4.248613,1.9135422
"PALOUSE:SPOKANE:V12.5:Load:SPOK02",4.248613,1.9135422
"PALOUSE:SPOKANE:V12.5:Load:SPOK03",4.248613,1.9135422
"PALOUSE:SPOKANE:V12.5:Load:SPOK04",8.434861,3.7989583
"PALOUSE:SPOKANE:V12.5:Load:SPOK05",6.325281,2.8490894
"PALOUSE:SPOKANE:V12.5:Load:SPOK06",6.325281,2.8490894
"PALOUSE:SPOKANE:V12.5:Load:SPOK07",5.2348504,2.357843
"PALOUSE:SPOKANE:V12.5:Load:SPOK08",5.2348504,2.357843
"PALOUSE:SPOKANE:V12.5:Load:SPOK09",5.2348504,2.357843
"PALOUSE:VALLEY:V12.5:Load:VAL01",6.1288314,2.7606041
"PALOUSE:VALLEY:V12.5:Load:VAL02",6.272122,2.8251445
"PALOUSE:VALLEY:V12.5:Load:VAL03",6.1288314,2.7606041
"PALOUSE:VALLEY:V12.5:Load:VAL04",6.272122,2.8251445
"PALOUSE:VALLEY:V12.5:Load:VAL05",8.119497,3.6569607
"PALOUSE:VALLEY:V12.5:Load:VAL06",10.149196,4.5708265
"PALOUSE:VALLEY:V12.5:Load:VAL07",8.172893,3.6809726
"PALOUSE:VALLEY:V12.5:Load:VAL08",8.119497,3.6569607
"PALOUSE:VALLEY:V12.5:Load:VAL09",10.45468,4.708402
"PALOUSE:VALLEY:V12.5:Load:VAL10",8.172893,3.6809726
"PALOUSE:VALLEY:V12.5:Load:VAL11",10.149196,4.5708265
"PALOUSE:WHEELER:V230:Load:WHEELER A",92.83834,41.65285
"PALOUSE:VANTAGE:V230:Load:VANTAGE A",5.295389,2.38514
"PUGET:RENTON:V13.8:Load:SS1",4.8940687,2.202449
"PUGET:RENTON:V13.8:Load:SS2",4.8940687,2.202449
"PALOUSE:WENATCHEE:V4.18:Load:SS1",4.882212,2.1971006
"PALOUSE:WENATCHEE:V4.18:Load:SS2",4.882212,2.1971006
"COLUMBIA:BENTON:V12.5:Load:F1",1.3489939,0.60727054
"COLUMBIA:YAKIMA:V230:Load:YAK 1",39.0506,17.578709
"COLUMBIA:YAKIMA:V230:Load:YAK 2",39.0506,17.578709
"PALOUSE:WENATCHEE:V230:Load:WEN 1",78.81694,35.49829
"PUGET:VANCOUVER:V230:Load:VANCOUVER B",200.01088,90.01684
"PUGET:TACOMA:V230:Load:TACOMA B",309.6836,139.23918
"PALOUSE:LIBERTY:V230:Load:LIBERTY B",345.29718,155.73164
"PUGET:SEATTLE:V230:Load:SEATTLE B",588.5225,265.53317
"PUGET:SEATTLE:V230:Load:SEATTLE C",588.5225,265.53317
"PUGET:SATSOP:V230:Load:SATSOP A",53.52328,24.497198
"PUGET:RENTON:V230:Load:RENTON A",128.5183,58.01803
"PUGET:RENTON:V230:Load:RENTON B",128.5183,58.01803
"PUGET:REDMOND:V69:Load:REDMOND C",27.041212,11.718049
"PUGET:REDMOND:V69:Load:REDMOND D",36.051174,16.226362
"PUGET:OLYMPIA:V230:Load:OLY B",117.72903,53.11768
"COLUMBIA:FINLEY:V230:Load:FIN 1",40.577972,18.40155
"COLUMBIA:FINLEY:V230:Load:FIN 2",40.577972,18.40155
"COLUMBIA:FINLEY:V115:Load:FIN 3",22.959476,10.267679
"PUGET:FEDERAL WAY:V230:Load:FED WAY 1",90.02486,40.515366
"PUGET:FEDERAL WAY:V230:Load:FED WAY 2",90.02486,40.515366
"PUGET:FEDERAL WAY:V230:Load:FED WAY 3",83.7238,37.814682
"PUGET:EVERETT:V230:Load:EVERETT B",223.55624,100.16537
"PUGET:EVERETT:V230:Load:EVERETT C",248.59184,111.79098
"PUGET:CHEHALIS:V138:Load:CHEHALIS B",29.155167,13.120361
"PUGET:BREMERTON:V230:Load:BREM A",84.27831,38.15243
"PUGET:BREMERTON:V230:Load:BREM B",55.003864,24.842978
"PUGET:BREMERTON:V13.8:Load:BREM SS",4.8550754,2.1848667
"PUGET:BELLINGHAM:V230:Load:BELLINGHAM B",112.80749,51.122887
"PALOUSE:ELLENSBURG:V230:Load:ELLENS A",38.048973,16.925123
"PALOUSE:ELMER:V230:Load:ELMER A",10.740132,4.837006
"PUGET:LYNNWOOD:V230:Load:LYNNWOOD A",64.28927,28.578125
"PUGET:VANCOUVER:V24:Load:VANCOUVER SS",5.999718,2.7
