"ID","Ratio"
"PUGET:EVERETT:Transformer:EVETR 30:ftap",1.0
"PUGET:EVERETT:Transformer:EVETR 35:ftap",1.0
"PUGET:TACOMA:Transformer:TAC TR 39:ftap",1.0
"PUGET:TACOMA:Transformer:TAC TR 41:ftap",1.0
"PUGET:CHEHALIS:Transformer:CHETR 45:ftap",1.0
"PUGET:CHEHALIS:Transformer:CHETR 48:ftap",1.005
"PUGET:AIRPORT:Transformer:AIRTR 57:ftap",1.0
"PUGET:LONGVIEW:Transformer:LONGTR 59:ftap",1.0
"PUGET:PORT ANGELES:Transformer:PT A TR 63:ftap",1.0
"PUGET:REDMOND:Transformer:REDTR 70:ftap",1.0
"PUGET:BELLEVUE:Transformer:BELLVTR 74:ftap",1.0
"PUGET:MT VERNON:Transformer:MT VTR:ftap",1.01
"PALOUSE:ELLENSBURG:Transformer:G1:ftap",1.0
"PALOUSE:ELLENSBURG:Transformer:G2:ftap",1.0
"PALOUSE:ELLENSBURG:Transformer:G3:ftap",1.0
"PALOUSE:ELLENSBURG:Transformer:G4:ftap",1.0
"PALOUSE:ELLENSBURG:Transformer:T1:ftap",1.0
"PALOUSE:ELLENSBURG:Transformer:T2:ftap",1.0
"PALOUSE:CHENEY:Transformer:G_1_2:ftap",1.0
"PALOUSE:CHENEY:Transformer:G_2_4:ftap",1.0
"PALOUSE:CHENEY:Transformer:SS1:ftap",1.0
"PALOUSE:CHENEY:Transformer:SS2:ftap",1.0
"PALOUSE:CHENEY:Transformer:T1:ftap",1.0
"PALOUSE:CHENEY:Transformer:T2:ftap",1.0
"COLUMBIA:FINLEY:Transformer:T_1:ftap",1.0
"COLUMBIA:FINLEY:Transformer:T_2:ftap",1.0
"COLUMBIA:FINLEY:Transformer:T_3:ftap",1.0
"COLUMBIA:FINLEY:Transformer:T_4:ftap",1.0
"COLUMBIA:YAKIMA:Transformer:ETR1:ftap",1.0
"COLUMBIA:YAKIMA:Transformer:WTR1:ftap",1.0
"COLUMBIA:YAKIMA:Transformer:WTR2:ftap",1.0
"COLUMBIA:YAKIMA:Transformer:ETR2:ftap",1.0
"COLUMBIA:YAKIMA:Transformer:TR3:ftap",1.0
"COLUMBIA:FINLEY:Transformer:TR 1:ftap",1.0
"COLUMBIA:SUNNYSIDE:Transformer:TR 2:ftap",1.0
"COLUMBIA:SUNNYSIDE:Transformer:TR 1:ftap",1.0
"COLUMBIA:FINLEY:Transformer:TR 2:ftap",1.0
"COLUMBIA:GRANDVIEW:Transformer:TR15:ftap",1.0
"COLUMBIA:PROSSER:Transformer:TR-14:ftap",1.0
"COLUMBIA:BENTON:Transformer:TR-13:ftap",1.0
"COLUMBIA:RICHLAND:Transformer:TR-12:ftap",1.0
"COLUMBIA:KENNEWICK:Transformer:TR-11:ftap",1.0
"COLUMBIA:PASCO:Transformer:TR-10:ftap",1.0
"PALOUSE:QUINCY:Transformer:TR1:ftap",1.0
"PALOUSE:QUINCY:Transformer:TR2:ftap",1.0
"PALOUSE:ELLENSBURG:Transformer:T3:ftap",1.0
"PALOUSE:EPHRATA:Transformer:TR2:ftap",1.0
"PALOUSE:EPHRATA:Transformer:TR3:ftap",1.0
"PALOUSE:CHENEY:Transformer:T3:ftap",1.0
"PALOUSE:GLOYD:Transformer:TR1:ftap",1.0
"PALOUSE:GLOYD:Transformer:TR2:ftap",1.0
"PALOUSE:GLOYD:Transformer:TR3:ftap",1.0
"PUGET:SATSOP:Transformer:SAT GEN W:ftap",1.0
"PUGET:SATSOP:Transformer:SAT GEN E:ftap",1.0
"PUGET:SATSOP:Transformer:SAT 500_230:ftap",1.0
"PUGET:SATSOP:Transformer:SAT 230_24:ftap",1.0
"PUGET:SATSOP:Transformer:SS TR 1:ftap",1.0
"PUGET:SATSOP:Transformer:SS TR 2:ftap",1.0
"PALOUSE:SPOKANE:Transformer:TR3:ftap",1.0
"PALOUSE:SPOKANE:Transformer:TR2:ftap",1.0
"PALOUSE:SPOKANE:Transformer:TR1:ftap",1.0
"PALOUSE:WENATCHEE:Transformer:WEN 500-230 TR1:ftap",0.99
"COLUMBIA:WALLA WALLA:Transformer:WAL 500-230:ftap",1.0
"PALOUSE:VALLEY:Transformer:TR3:ftap",1.0
"PALOUSE:VALLEY:Transformer:TR2:ftap",1.0
"PALOUSE:VALLEY:Transformer:TR1:ftap",1.0
"PALOUSE:CHENEY:Transformer:T4:ftap",1.0
"COLUMBIA:FINLEY:Transformer:T_5:ftap",0.99
"COLUMBIA:YAKIMA:Transformer:T_500:ftap",0.99
"PALOUSE:ROCKFORD:Transformer:50-23 TR1:ftap",0.99
"PALOUSE:ROCKFORD:Transformer:TR3:ftap",1.0
"PALOUSE:ROCKFORD:Transformer:TR4:ftap",1.0
"PALOUSE:WHEELER:Transformer:TR1:ftap",1.0
"PALOUSE:WHEELER:Transformer:TR2:ftap",1.0
"PALOUSE:VANTAGE:Transformer:TR1:ftap",1.0
"PUGET:EVERETT:Transformer:EVETR 500:ftap",0.99
"PALOUSE:ROCKFORD:Transformer:50-23 TR2:ftap",0.99
"PALOUSE:ELMER:Transformer:TR12:ftap",1.0
"PALOUSE:ELMER:Transformer:TR34:ftap",1.0
"PALOUSE:ELMER:Transformer:TR56:ftap",1.0
"PALOUSE:ELMER:Transformer:TR78:ftap",1.0
"PALOUSE:ELMER:Transformer:TR90:ftap",1.0
"PALOUSE:ELMER:Transformer:500_230 TR1:ftap",0.99
"PALOUSE:ELMER:Transformer:500_230 TR2:ftap",0.99
"PUGET:BREMERTON:Transformer:TR1:ftap",1.01
"PUGET:RENTON:Transformer:W GEN TR:ftap",1.0
"PUGET:RENTON:Transformer:E GEN TR:ftap",1.0
"PALOUSE:WENATCHEE:Transformer:WEN 500-230 TR2:ftap",0.99
"PALOUSE:WENATCHEE:Transformer:TR1A:ftap",1.0
"PALOUSE:WENATCHEE:Transformer:TR1B:ftap",1.0
"PALOUSE:WENATCHEE:Transformer:TR1C:ftap",1.0
"PALOUSE:WENATCHEE:Transformer:TR2B:ftap",1.0
"PALOUSE:WENATCHEE:Transformer:TR2C:ftap",1.0
"PALOUSE:WENATCHEE:Transformer:TR2A:ftap",1.0
"PALOUSE:WENATCHEE:Transformer:TR3A:ftap",1.0
"PALOUSE:WENATCHEE:Transformer:TR3B:ftap",1.0
"PALOUSE:WENATCHEE:Transformer:TR3C:ftap",1.0
"PALOUSE:WENATCHEE:Transformer:TR4A:ftap",1.0
"PALOUSE:WENATCHEE:Transformer:TR4B:ftap",1.0
"PALOUSE:WENATCHEE:Transformer:TR4C:ftap",1.0
"PALOUSE:WENATCHEE:Transformer:TR5A:ftap",1.0
"PALOUSE:WENATCHEE:Transformer:TR5B:ftap",1.0
"PALOUSE:WENATCHEE:Transformer:TR5C:ftap",1.0
"PALOUSE:WENATCHEE:Transformer:TR110:ftap",1.0
"PALOUSE:WENATCHEE:Transformer:TR120:ftap",1.0
"PALOUSE:WENATCHEE:Transformer:TR210:ftap",1.0
"PALOUSE:WENATCHEE:Transformer:TR220:ftap",1.0
"PALOUSE:WENATCHEE:Transformer:TR310:ftap",1.0
"PALOUSE:WENATCHEE:Transformer:TR320:ftap",1.0
"PALOUSE:WENATCHEE:Transformer:TR410:ftap",1.0
"PALOUSE:WENATCHEE:Transformer:TR420:ftap",1.0
"PUGET:AUBURN:Transformer:AUB 500-230 TR1:ftap",0.99
"PUGET:AUBURN:Transformer:AUB 500-230 TR2:ftap",0.99
"PUGET:TACOMA:Transformer:TAC TR2:ftap",1.0
"PUGET:VANCOUVER:Transformer:VANC T1:ftap",1.0
"PALOUSE:LIBERTY:Transformer:DIESEL T1:ftap",1.0
"PALOUSE:LIBERTY:Transformer:LIB TR1:ftap",1.0
"PALOUSE:LIBERTY:Transformer:LIB TR2:ftap",1.0
"COLUMBIA:WALLA WALLA:Transformer:TR_1:ftap",1.0
"COLUMBIA:WALLA WALLA:Transformer:TR_2:ftap",1.0
"COLUMBIA:WALLA WALLA:Transformer:TR_3:ftap",1.0
"COLUMBIA:PULLMAN:Transformer:TR_1:ftap",0.99
"COLUMBIA:COYOTE RIDGE:Transformer:TR1:ftap",1.0
"COLUMBIA:COYOTE RIDGE:Transformer:TR2:ftap",1.0
"PALOUSE:ST JOHN:Transformer:TR1:ftap",1.0
"PALOUSE:VANTAGE:Transformer:TR2:ftap",1.0
"PALOUSE:VANTAGE:Transformer:TR3:ftap",1.0
"PUGET:EVERETT:Transformer:EVETR 30:ttap",1.0
"PUGET:EVERETT:Transformer:EVETR 35:ttap",1.0
"PUGET:TACOMA:Transformer:TAC TR 39:ttap",1.0
"PUGET:TACOMA:Transformer:TAC TR 41:ttap",1.0
"PUGET:CHEHALIS:Transformer:CHETR 45:ttap",1.0
"PUGET:CHEHALIS:Transformer:CHETR 48:ttap",1.0
"PUGET:AIRPORT:Transformer:AIRTR 57:ttap",1.0
"PUGET:LONGVIEW:Transformer:LONGTR 59:ttap",1.0
"PUGET:PORT ANGELES:Transformer:PT A TR 63:ttap",1.0
"PUGET:REDMOND:Transformer:REDTR 70:ttap",1.12
"PUGET:BELLEVUE:Transformer:BELLVTR 74:ttap",1.0
"PUGET:MT VERNON:Transformer:MT VTR:ttap",1.01
"PALOUSE:ELLENSBURG:Transformer:G1:ttap",1.0
"PALOUSE:ELLENSBURG:Transformer:G2:ttap",1.0
"PALOUSE:ELLENSBURG:Transformer:G3:ttap",1.0
"PALOUSE:ELLENSBURG:Transformer:G4:ttap",1.0
"PALOUSE:ELLENSBURG:Transformer:T1:ttap",1.0
"PALOUSE:ELLENSBURG:Transformer:T2:ttap",1.0
"PALOUSE:CHENEY:Transformer:G_1_2:ttap",1.0
"PALOUSE:CHENEY:Transformer:G_2_4:ttap",1.0
"PALOUSE:CHENEY:Transformer:SS1:ttap",1.0
"PALOUSE:CHENEY:Transformer:SS2:ttap",1.0
"PALOUSE:CHENEY:Transformer:T1:ttap",1.0
"PALOUSE:CHENEY:Transformer:T2:ttap",1.0
"COLUMBIA:FINLEY:Transformer:T_1:ttap",1.0
"COLUMBIA:FINLEY:Transformer:T_2:ttap",1.0
"COLUMBIA:FINLEY:Transformer:T_3:ttap",1.0
"COLUMBIA:FINLEY:Transformer:T_4:ttap",1.0
"COLUMBIA:YAKIMA:Transformer:ETR1:ttap",1.0
"COLUMBIA:YAKIMA:Transformer:WTR1:ttap",1.0
"COLUMBIA:YAKIMA:Transformer:WTR2:ttap",1.0
"COLUMBIA:YAKIMA:Transformer:ETR2:ttap",1.0
"COLUMBIA:YAKIMA:Transformer:TR3:ttap",1.01
"COLUMBIA:FINLEY:Transformer:TR 1:ttap",1.0
"COLUMBIA:SUNNYSIDE:Transformer:TR 2:ttap",1.01
"COLUMBIA:SUNNYSIDE:Transformer:TR 1:ttap",1.01
"COLUMBIA:FINLEY:Transformer:TR 2:ttap",1.0
"COLUMBIA:GRANDVIEW:Transformer:TR15:ttap",1.01
"COLUMBIA:PROSSER:Transformer:TR-14:ttap",1.01
"COLUMBIA:BENTON:Transformer:TR-13:ttap",1.01
"COLUMBIA:RICHLAND:Transformer:TR-12:ttap",1.01
"COLUMBIA:KENNEWICK:Transformer:TR-11:ttap",1.01
"COLUMBIA:PASCO:Transformer:TR-10:ttap",1.01
"PALOUSE:QUINCY:Transformer:TR1:ttap",1.01
"PALOUSE:QUINCY:Transformer:TR2:ttap",1.01
"PALOUSE:ELLENSBURG:Transformer:T3:ttap",1.0
"PALOUSE:EPHRATA:Transformer:TR2:ttap",1.01
"PALOUSE:EPHRATA:Transformer:TR3:ttap",1.01
"PALOUSE:CHENEY:Transformer:T3:ttap",1.0
"PALOUSE:GLOYD:Transformer:TR1:ttap",1.01
"PALOUSE:GLOYD:Transformer:TR2:ttap",1.01
"PALOUSE:GLOYD:Transformer:TR3:ttap",1.01
"PUGET:SATSOP:Transformer:SAT GEN W:ttap",1.0
"PUGET:SATSOP:Transformer:SAT GEN E:ttap",1.0
"PUGET:SATSOP:Transformer:SAT 500_230:ttap",1.0
"PUGET:SATSOP:Transformer:SAT 230_24:ttap",1.0
"PUGET:SATSOP:Transformer:SS TR 1:ttap",1.0
"PUGET:SATSOP:Transformer:SS TR 2:ttap",1.0
"PALOUSE:SPOKANE:Transformer:TR3:ttap",1.01
"PALOUSE:SPOKANE:Transformer:TR2:ttap",1.01
"PALOUSE:SPOKANE:Transformer:TR1:ttap",1.01
"PALOUSE:WENATCHEE:Transformer:WEN 500-230 TR1:ttap",1.0
"COLUMBIA:WALLA WALLA:Transformer:WAL 500-230:ttap",1.0
"PALOUSE:VALLEY:Transformer:TR3:ttap",1.01
"PALOUSE:VALLEY:Transformer:TR2:ttap",1.01
"PALOUSE:VALLEY:Transformer:TR1:ttap",1.01
"PALOUSE:CHENEY:Transformer:T4:ttap",1.0
"COLUMBIA:FINLEY:Transformer:T_5:ttap",1.0
"COLUMBIA:YAKIMA:Transformer:T_500:ttap",1.0
"PALOUSE:ROCKFORD:Transformer:50-23 TR1:ttap",1.0
"PALOUSE:ROCKFORD:Transformer:TR3:ttap",1.0
"PALOUSE:ROCKFORD:Transformer:TR4:ttap",1.0
"PALOUSE:WHEELER:Transformer:TR1:ttap",1.0
"PALOUSE:WHEELER:Transformer:TR2:ttap",1.0
"PALOUSE:VANTAGE:Transformer:TR1:ttap",1.0
"PUGET:EVERETT:Transformer:EVETR 500:ttap",1.0
"PALOUSE:ROCKFORD:Transformer:50-23 TR2:ttap",1.0
"PALOUSE:ELMER:Transformer:TR12:ttap",1.0
"PALOUSE:ELMER:Transformer:TR34:ttap",1.0
"PALOUSE:ELMER:Transformer:TR56:ttap",1.0
"PALOUSE:ELMER:Transformer:TR78:ttap",1.0
"PALOUSE:ELMER:Transformer:TR90:ttap",1.0
"PALOUSE:ELMER:Transformer:500_230 TR1:ttap",1.0
"PALOUSE:ELMER:Transformer:500_230 TR2:ttap",1.0
"PUGET:BREMERTON:Transformer:TR1:ttap",1.01
"PUGET:RENTON:Transformer:W GEN TR:ttap",1.0
"PUGET:RENTON:Transformer:E GEN TR:ttap",1.0
"PALOUSE:WENATCHEE:Transformer:WEN 500-230 TR2:ttap",1.0
"PALOUSE:WENATCHEE:Transformer:TR1A:ttap",1.0
"PALOUSE:WENATCHEE:Transformer:TR1B:ttap",1.0
"PALOUSE:WENATCHEE:Transformer:TR1C:ttap",1.0
"PALOUSE:WENATCHEE:Transformer:TR2B:ttap",1.0
"PALOUSE:WENATCHEE:Transformer:TR2C:ttap",1.0
"PALOUSE:WENATCHEE:Transformer:TR2A:ttap",1.0
"PALOUSE:WENATCHEE:Transformer:TR3A:ttap",1.0
"PALOUSE:WENATCHEE:Transformer:TR3B:ttap",1.0
"PALOUSE:WENATCHEE:Transformer:TR3C:ttap",1.0
"PALOUSE:WENATCHEE:Transformer:TR4A:ttap",1.0
"PALOUSE:WENATCHEE:Transformer:TR4B:ttap",1.0
"PALOUSE:WENATCHEE:Transformer:TR4C:ttap",1.0
"PALOUSE:WENATCHEE:Transformer:TR5A:ttap",1.0
"PALOUSE:WENATCHEE:Transformer:TR5B:ttap",1.0
"PALOUSE:WENATCHEE:Transformer:TR5C:ttap",1.0
"PALOUSE:WENATCHEE:Transformer:TR110:ttap",1.0
"PALOUSE:WENATCHEE:Transformer:TR120:ttap",1.0
"PALOUSE:WENATCHEE:Transformer:TR210:ttap",1.0
"PALOUSE:WENATCHEE:Transformer:TR220:ttap",1.0
"PALOUSE:WENATCHEE:Transformer:TR310:ttap",1.0
"PALOUSE:WENATCHEE:Transformer:TR320:ttap",1.0
"PALOUSE:WENATCHEE:Transformer:TR410:ttap",1.0
"PALOUSE:WENATCHEE:Transformer:TR420:ttap",1.0
"PUGET:AUBURN:Transformer:AUB 500-230 TR1:ttap",1.0
"PUGET:AUBURN:Transformer:AUB 500-230 TR2:ttap",1.0
"PUGET:TACOMA:Transformer:TAC TR2:ttap",1.0
"PUGET:VANCOUVER:Transformer:VANC T1:ttap",1.0
"PALOUSE:LIBERTY:Transformer:DIESEL T1:ttap",1.0
"PALOUSE:LIBERTY:Transformer:LIB TR1:ttap",1.0
"PALOUSE:LIBERTY:Transformer:LIB TR2:ttap",1.0
"COLUMBIA:WALLA WALLA:Transformer:TR_1:ttap",1.0
"COLUMBIA:WALLA WALLA:Transformer:TR_2:ttap",1.0
"COLUMBIA:WALLA WALLA:Transformer:TR_3:ttap",1.0
"COLUMBIA:PULLMAN:Transformer:TR_1:ttap",1.0
"COLUMBIA:COYOTE RIDGE:Transformer:TR1:ttap",1.0
"COLUMBIA:COYOTE RIDGE:Transformer:TR2:ttap",1.0
"PALOUSE:ST JOHN:Transformer:TR1:ttap",1.0
"PALOUSE:VANTAGE:Transformer:TR2:ttap",1.0
"PALOUSE:VANTAGE:Transformer:TR3:ttap",1.0
