"ID","TransformerWinding","TapNode"
"PUGET:EVERETT:Transformer:EVETR 30:ttap","PUGET:EVERETT:Transformer:EVETR 30:wnd1","PUGET:EVERETT:V24:BusBarSection:BUS 3"
"PUGET:EVERETT:Transformer:EVETR 35:ttap","PUGET:EVERETT:Transformer:EVETR 35:wnd1","PUGET:EVERETT:V24:BusBarSection:BUS 4"
"PUGET:TACOMA:Transformer:TAC TR 39:ttap","PUGET:TACOMA:Transformer:TAC TR 39:wnd1","PUGET:TACOMA:V138:BusBarSection:BUS 3"
"PUGET:TACOMA:Transformer:TAC TR 41:ttap","PUGET:TACOMA:Transformer:TAC TR 41:wnd1","PUGET:TACOMA:V24:BusBarSection:GEN SOUTH"
"PUGET:CHEHALIS:Transformer:CHETR 45:ttap","PUGET:CHEHALIS:Transformer:CHETR 45:wnd1","PUGET:CHEHALIS:V138:BusBarSection:BUS 3"
"PUGET:CHEHALIS:Transformer:CHETR 48:ttap","PUGET:CHEHALIS:Transformer:CHETR 48:wnd1","PUGET:CHEHALIS:V24:BusBarSection:BUS 5"
"PUGET:AIRPORT:Transformer:AIRTR 57:ttap","PUGET:AIRPORT:Transformer:AIRTR 57:wnd1","PUGET:AIRPORT:V24:BusBarSection:BUS 3"
"PUGET:LONGVIEW:Transformer:LONGTR 59:ttap","PUGET:LONGVIEW:Transformer:LONGTR 59:wnd1","PUGET:LONGVIEW:V69:BusBarSection:BUS 3"
"PUGET:PORT ANGELES:Transformer:PT A TR 63:ttap","PUGET:PORT ANGELES:Transformer:PT A TR 63:wnd1","PUGET:PORT ANGELES:V138:BusBarSection:BUS 2"
"PUGET:REDMOND:Transformer:REDTR 70:ttap","PUGET:REDMOND:Transformer:REDTR 70:wnd1","PUGET:REDMOND:V69:BusBarSection:BUS 3"
"PUGET:BELLEVUE:Transformer:BELLVTR 74:ttap","PUGET:BELLEVUE:Transformer:BELLVTR 74:wnd1","PUGET:BELLEVUE:V69:BusBarSection:BUS 3"
"PUGET:MT VERNON:Transformer:MT VTR:ttap","PUGET:MT VERNON:Transformer:MT VTR:wnd1","PUGET:MT VERNON:V24:BusBarSection:BUS 3-2"
"PALOUSE:ELLENSBURG:Transformer:G1:ttap","PALOUSE:ELLENSBURG:Transformer:G1:wnd1","PALOUSE:ELLENSBURG:V13.8:BusBarSection:G1"
"PALOUSE:ELLENSBURG:Transformer:G2:ttap","PALOUSE:ELLENSBURG:Transformer:G2:wnd1","PALOUSE:ELLENSBURG:V13.8:BusBarSection:G2"
"PALOUSE:ELLENSBURG:Transformer:G3:ttap","PALOUSE:ELLENSBURG:Transformer:G3:wnd1","PALOUSE:ELLENSBURG:V13.8:BusBarSection:G3"
"PALOUSE:ELLENSBURG:Transformer:G4:ttap","PALOUSE:ELLENSBURG:Transformer:G4:wnd1","PALOUSE:ELLENSBURG:V4.18:BusBarSection:G4"
"PALOUSE:ELLENSBURG:Transformer:T1:ttap","PALOUSE:ELLENSBURG:Transformer:T1:wnd1","PALOUSE:ELLENSBURG:V138:BusBarSection:GEN BUS"
"PALOUSE:ELLENSBURG:Transformer:T2:ttap","PALOUSE:ELLENSBURG:Transformer:T2:wnd1","PALOUSE:ELLENSBURG:V138:BusBarSection:GEN BUS"
"PALOUSE:CHENEY:Transformer:G_1_2:ttap","PALOUSE:CHENEY:Transformer:G_1_2:wnd1","PALOUSE:CHENEY:V13.8:BusBarSection:G_1_2"
"PALOUSE:CHENEY:Transformer:G_2_4:ttap","PALOUSE:CHENEY:Transformer:G_2_4:wnd1","PALOUSE:CHENEY:V13.8:BusBarSection:G_3_4"
"PALOUSE:CHENEY:Transformer:SS1:ttap","PALOUSE:CHENEY:Transformer:SS1:wnd1","PALOUSE:CHENEY:V.480:Junction:2354"
"PALOUSE:CHENEY:Transformer:SS2:ttap","PALOUSE:CHENEY:Transformer:SS2:wnd1","PALOUSE:CHENEY:V.480:Junction:2353"
"PALOUSE:CHENEY:Transformer:T1:ttap","PALOUSE:CHENEY:Transformer:T1:wnd1","PALOUSE:CHENEY:V115:BusBarSection:GEN_BUS_E"
"PALOUSE:CHENEY:Transformer:T2:ttap","PALOUSE:CHENEY:Transformer:T2:wnd1","PALOUSE:CHENEY:V115:BusBarSection:GEN_BUS_E"
"COLUMBIA:FINLEY:Transformer:T_1:ttap","COLUMBIA:FINLEY:Transformer:T_1:wnd1","COLUMBIA:FINLEY:V13.8:BusBarSection:G_1"
"COLUMBIA:FINLEY:Transformer:T_2:ttap","COLUMBIA:FINLEY:Transformer:T_2:wnd1","COLUMBIA:FINLEY:V13.8:BusBarSection:G_2"
"COLUMBIA:FINLEY:Transformer:T_3:ttap","COLUMBIA:FINLEY:Transformer:T_3:wnd1","COLUMBIA:FINLEY:V13.8:BusBarSection:G_3"
"COLUMBIA:FINLEY:Transformer:T_4:ttap","COLUMBIA:FINLEY:Transformer:T_4:wnd1","COLUMBIA:FINLEY:V13.8:Junction:2479"
"COLUMBIA:YAKIMA:Transformer:ETR1:ttap","COLUMBIA:YAKIMA:Transformer:ETR1:wnd1","COLUMBIA:YAKIMA:V13.8:Junction:3755"
"COLUMBIA:YAKIMA:Transformer:WTR1:ttap","COLUMBIA:YAKIMA:Transformer:WTR1:wnd1","COLUMBIA:YAKIMA:V13.8:Junction:3754"
"COLUMBIA:YAKIMA:Transformer:WTR2:ttap","COLUMBIA:YAKIMA:Transformer:WTR2:wnd1","COLUMBIA:YAKIMA:V115:BusBarSection:WEST GEN BUS"
"COLUMBIA:YAKIMA:Transformer:ETR2:ttap","COLUMBIA:YAKIMA:Transformer:ETR2:wnd1","COLUMBIA:YAKIMA:V115:BusBarSection:EAST GEN BUS"
"COLUMBIA:YAKIMA:Transformer:TR3:ttap","COLUMBIA:YAKIMA:Transformer:TR3:wnd1","COLUMBIA:YAKIMA:V115:Junction:4075"
"COLUMBIA:FINLEY:Transformer:TR 1:ttap","COLUMBIA:FINLEY:Transformer:TR 1:wnd1","COLUMBIA:FINLEY:V115:Junction:4086"
"COLUMBIA:SUNNYSIDE:Transformer:TR 2:ttap","COLUMBIA:SUNNYSIDE:Transformer:TR 2:wnd1","COLUMBIA:SUNNYSIDE:V12.5:BusBarSection:12KV MAIN BUS 2"
"COLUMBIA:SUNNYSIDE:Transformer:TR 1:ttap","COLUMBIA:SUNNYSIDE:Transformer:TR 1:wnd1","COLUMBIA:SUNNYSIDE:V12.5:BusBarSection:12KV MAIN BUS 1"
"COLUMBIA:FINLEY:Transformer:TR 2:ttap","COLUMBIA:FINLEY:Transformer:TR 2:wnd1","COLUMBIA:FINLEY:V115:Junction:4086"
"COLUMBIA:GRANDVIEW:Transformer:TR15:ttap","COLUMBIA:GRANDVIEW:Transformer:TR15:wnd1","COLUMBIA:GRANDVIEW:V12.5:BusBarSection:GRANDVIEW BUS"
"COLUMBIA:PROSSER:Transformer:TR-14:ttap","COLUMBIA:PROSSER:Transformer:TR-14:wnd1","COLUMBIA:PROSSER:V12.5:BusBarSection:TRANSFER BUS"
"COLUMBIA:BENTON:Transformer:TR-13:ttap","COLUMBIA:BENTON:Transformer:TR-13:wnd1","COLUMBIA:BENTON:V12.5:BusBarSection:TRANSFER"
"COLUMBIA:RICHLAND:Transformer:TR-12:ttap","COLUMBIA:RICHLAND:Transformer:TR-12:wnd1","COLUMBIA:RICHLAND:V12.5:BusBarSection:MAIN BUS"
"COLUMBIA:KENNEWICK:Transformer:TR-11:ttap","COLUMBIA:KENNEWICK:Transformer:TR-11:wnd1","COLUMBIA:KENNEWICK:V12.5:BusBarSection:TRANSFER BUS"
"COLUMBIA:PASCO:Transformer:TR-10:ttap","COLUMBIA:PASCO:Transformer:TR-10:wnd1","COLUMBIA:PASCO:V12.5:BusBarSection:PASCO BUS"
"PALOUSE:QUINCY:Transformer:TR1:ttap","PALOUSE:QUINCY:Transformer:TR1:wnd1","PALOUSE:QUINCY:V33:BusBarSection:EAST_BUS"
"PALOUSE:QUINCY:Transformer:TR2:ttap","PALOUSE:QUINCY:Transformer:TR2:wnd1","PALOUSE:QUINCY:V33:BusBarSection:WEST_BUS"
"PALOUSE:ELLENSBURG:Transformer:T3:ttap","PALOUSE:ELLENSBURG:Transformer:T3:wnd1","PALOUSE:ELLENSBURG:V115:Junction:4596"
"PALOUSE:EPHRATA:Transformer:TR2:ttap","PALOUSE:EPHRATA:Transformer:TR2:wnd1","PALOUSE:EPHRATA:V12.5:BusBarSection:OPS_BUS"
"PALOUSE:EPHRATA:Transformer:TR3:ttap","PALOUSE:EPHRATA:Transformer:TR3:wnd1","PALOUSE:EPHRATA:V12.5:BusBarSection:OPS_BUS_2"
"PALOUSE:CHENEY:Transformer:T3:ttap","PALOUSE:CHENEY:Transformer:T3:wnd1","PALOUSE:CHENEY:V115:Junction:4726"
"PALOUSE:GLOYD:Transformer:TR1:ttap","PALOUSE:GLOYD:Transformer:TR1:wnd1","PALOUSE:GLOYD:V12.5:BusBarSection:BUS 1"
"PALOUSE:GLOYD:Transformer:TR2:ttap","PALOUSE:GLOYD:Transformer:TR2:wnd1","PALOUSE:GLOYD:V12.5:BusBarSection:BUS 2"
"PALOUSE:GLOYD:Transformer:TR3:ttap","PALOUSE:GLOYD:Transformer:TR3:wnd1","PALOUSE:GLOYD:V12.5:BusBarSection:BUS 3"
"PUGET:SATSOP:Transformer:SAT GEN W:ttap","PUGET:SATSOP:Transformer:SAT GEN W:wnd1","PUGET:SATSOP:V24:BusBarSection:GEN WEST BUS"
"PUGET:SATSOP:Transformer:SAT GEN E:ttap","PUGET:SATSOP:Transformer:SAT GEN E:wnd1","PUGET:SATSOP:V24:BusBarSection:GEN WEST BUS"
"PUGET:SATSOP:Transformer:SAT 500_230:ttap","PUGET:SATSOP:Transformer:SAT 500_230:wnd1","PUGET:SATSOP:V230:BusBarSection:230 MAIN BUS"
"PUGET:SATSOP:Transformer:SAT 230_24:ttap","PUGET:SATSOP:Transformer:SAT 230_24:wnd1","PUGET:SATSOP:V24:BusBarSection:GEN WEST BUS"
"PUGET:SATSOP:Transformer:SS TR 1:ttap","PUGET:SATSOP:Transformer:SS TR 1:wnd1","PUGET:SATSOP:V4.18:BusBarSection:SS BUS 4.18KV"
"PUGET:SATSOP:Transformer:SS TR 2:ttap","PUGET:SATSOP:Transformer:SS TR 2:wnd1","PUGET:SATSOP:V4.18:BusBarSection:SS BUS 4.18KV"
"PALOUSE:SPOKANE:Transformer:TR3:ttap","PALOUSE:SPOKANE:Transformer:TR3:wnd1","PALOUSE:SPOKANE:V12.5:BusBarSection:OPS_BUS"
"PALOUSE:SPOKANE:Transformer:TR2:ttap","PALOUSE:SPOKANE:Transformer:TR2:wnd1","PALOUSE:SPOKANE:V12.5:BusBarSection:OPS_BUS1"
"PALOUSE:SPOKANE:Transformer:TR1:ttap","PALOUSE:SPOKANE:Transformer:TR1:wnd1","PALOUSE:SPOKANE:V12.5:BusBarSection:OPS_BUS2"
"PALOUSE:WENATCHEE:Transformer:WEN 500-230 TR1:ttap","PALOUSE:WENATCHEE:Transformer:WEN 500-230 TR1:wnd1","PALOUSE:WENATCHEE:V230:Junction:5613"
"COLUMBIA:WALLA WALLA:Transformer:WAL 500-230:ttap","COLUMBIA:WALLA WALLA:Transformer:WAL 500-230:wnd1","COLUMBIA:WALLA WALLA:V230:Junction:5746"
"PALOUSE:VALLEY:Transformer:TR3:ttap","PALOUSE:VALLEY:Transformer:TR3:wnd1","PALOUSE:VALLEY:V12.5:BusBarSection:BUS 3"
"PALOUSE:VALLEY:Transformer:TR2:ttap","PALOUSE:VALLEY:Transformer:TR2:wnd1","PALOUSE:VALLEY:V12.5:BusBarSection:BUS 2"
"PALOUSE:VALLEY:Transformer:TR1:ttap","PALOUSE:VALLEY:Transformer:TR1:wnd1","PALOUSE:VALLEY:V12.5:BusBarSection:BUS 1"
"PALOUSE:CHENEY:Transformer:T4:ttap","PALOUSE:CHENEY:Transformer:T4:wnd1","PALOUSE:CHENEY:V115:Junction:5944"
"COLUMBIA:FINLEY:Transformer:T_5:ttap","COLUMBIA:FINLEY:Transformer:T_5:wnd1","COLUMBIA:FINLEY:V230:BusBarSection:NORTH BUS"
"COLUMBIA:YAKIMA:Transformer:T_500:ttap","COLUMBIA:YAKIMA:Transformer:T_500:wnd1","COLUMBIA:YAKIMA:V230:BusBarSection:MAIN BUS"
"PALOUSE:ROCKFORD:Transformer:50-23 TR1:ttap","PALOUSE:ROCKFORD:Transformer:50-23 TR1:wnd1","PALOUSE:ROCKFORD:V230:BusBarSection:230KV BUS 1"
"PALOUSE:ROCKFORD:Transformer:TR3:ttap","PALOUSE:ROCKFORD:Transformer:TR3:wnd1","PALOUSE:ROCKFORD:V115:Junction:6180"
"PALOUSE:ROCKFORD:Transformer:TR4:ttap","PALOUSE:ROCKFORD:Transformer:TR4:wnd1","PALOUSE:ROCKFORD:V115:Junction:6179"
"PALOUSE:WHEELER:Transformer:TR1:ttap","PALOUSE:WHEELER:Transformer:TR1:wnd1","PALOUSE:WHEELER:V115:Junction:6229"
"PALOUSE:WHEELER:Transformer:TR2:ttap","PALOUSE:WHEELER:Transformer:TR2:wnd1","PALOUSE:WHEELER:V115:Junction:6230"
"PALOUSE:VANTAGE:Transformer:TR1:ttap","PALOUSE:VANTAGE:Transformer:TR1:wnd1","PALOUSE:VANTAGE:V115:Junction:6267"
"PUGET:EVERETT:Transformer:EVETR 500:ttap","PUGET:EVERETT:Transformer:EVETR 500:wnd1","PUGET:EVERETT:V230:BusBarSection:BUS 1"
"PALOUSE:ROCKFORD:Transformer:50-23 TR2:ttap","PALOUSE:ROCKFORD:Transformer:50-23 TR2:wnd1","PALOUSE:ROCKFORD:V230:BusBarSection:230KV BUS 1"
"PALOUSE:ELMER:Transformer:TR12:ttap","PALOUSE:ELMER:Transformer:TR12:wnd1","PALOUSE:ELMER:V14:BusBarSection:14KV GEN BUS 1"
"PALOUSE:ELMER:Transformer:TR34:ttap","PALOUSE:ELMER:Transformer:TR34:wnd1","PALOUSE:ELMER:V14:BusBarSection:14KV GEN BUS 2"
"PALOUSE:ELMER:Transformer:TR56:ttap","PALOUSE:ELMER:Transformer:TR56:wnd1","PALOUSE:ELMER:V14:BusBarSection:14KV GEN BUS 3"
"PALOUSE:ELMER:Transformer:TR78:ttap","PALOUSE:ELMER:Transformer:TR78:wnd1","PALOUSE:ELMER:V14:BusBarSection:14KV GEN BUS 4"
"PALOUSE:ELMER:Transformer:TR90:ttap","PALOUSE:ELMER:Transformer:TR90:wnd1","PALOUSE:ELMER:V14:BusBarSection:14KV GEN BUS 5"
"PALOUSE:ELMER:Transformer:500_230 TR1:ttap","PALOUSE:ELMER:Transformer:500_230 TR1:wnd1","PALOUSE:ELMER:V230:BusBarSection:230KV BUS 1"
"PALOUSE:ELMER:Transformer:500_230 TR2:ttap","PALOUSE:ELMER:Transformer:500_230 TR2:wnd1","PALOUSE:ELMER:V230:BusBarSection:230KV BUS 1"
"PUGET:BREMERTON:Transformer:TR1:ttap","PUGET:BREMERTON:Transformer:TR1:wnd1","PUGET:BREMERTON:V13.8:BusBarSection:GEN BUS"
"PUGET:RENTON:Transformer:W GEN TR:ttap","PUGET:RENTON:Transformer:W GEN TR:wnd1","PUGET:RENTON:V13.8:BusBarSection:WEST GEN BUS"
"PUGET:RENTON:Transformer:E GEN TR:ttap","PUGET:RENTON:Transformer:E GEN TR:wnd1","PUGET:RENTON:V13.8:BusBarSection:EAST GEN BUS"
"PALOUSE:WENATCHEE:Transformer:WEN 500-230 TR2:ttap","PALOUSE:WENATCHEE:Transformer:WEN 500-230 TR2:wnd1","PALOUSE:WENATCHEE:V230:Junction:5613"
"PALOUSE:WENATCHEE:Transformer:TR1A:ttap","PALOUSE:WENATCHEE:Transformer:TR1A:wnd1","PALOUSE:WENATCHEE:V1:Junction:7547"
"PALOUSE:WENATCHEE:Transformer:TR1B:ttap","PALOUSE:WENATCHEE:Transformer:TR1B:wnd1","PALOUSE:WENATCHEE:V1:Junction:7547"
"PALOUSE:WENATCHEE:Transformer:TR1C:ttap","PALOUSE:WENATCHEE:Transformer:TR1C:wnd1","PALOUSE:WENATCHEE:V1:Junction:7547"
"PALOUSE:WENATCHEE:Transformer:TR2B:ttap","PALOUSE:WENATCHEE:Transformer:TR2B:wnd1","PALOUSE:WENATCHEE:V1:Junction:7565"
"PALOUSE:WENATCHEE:Transformer:TR2C:ttap","PALOUSE:WENATCHEE:Transformer:TR2C:wnd1","PALOUSE:WENATCHEE:V1:Junction:7565"
"PALOUSE:WENATCHEE:Transformer:TR2A:ttap","PALOUSE:WENATCHEE:Transformer:TR2A:wnd1","PALOUSE:WENATCHEE:V1:Junction:7565"
"PALOUSE:WENATCHEE:Transformer:TR3A:ttap","PALOUSE:WENATCHEE:Transformer:TR3A:wnd1","PALOUSE:WENATCHEE:V1:Junction:7563"
"PALOUSE:WENATCHEE:Transformer:TR3B:ttap","PALOUSE:WENATCHEE:Transformer:TR3B:wnd1","PALOUSE:WENATCHEE:V1:Junction:7563"
"PALOUSE:WENATCHEE:Transformer:TR3C:ttap","PALOUSE:WENATCHEE:Transformer:TR3C:wnd1","PALOUSE:WENATCHEE:V1:Junction:7563"
"PALOUSE:WENATCHEE:Transformer:TR4A:ttap","PALOUSE:WENATCHEE:Transformer:TR4A:wnd1","PALOUSE:WENATCHEE:V1:Junction:7564"
"PALOUSE:WENATCHEE:Transformer:TR4B:ttap","PALOUSE:WENATCHEE:Transformer:TR4B:wnd1","PALOUSE:WENATCHEE:V1:Junction:7564"
"PALOUSE:WENATCHEE:Transformer:TR4C:ttap","PALOUSE:WENATCHEE:Transformer:TR4C:wnd1","PALOUSE:WENATCHEE:V1:Junction:7564"
"PALOUSE:WENATCHEE:Transformer:TR5A:ttap","PALOUSE:WENATCHEE:Transformer:TR5A:wnd1","PALOUSE:WENATCHEE:V1:Junction:7566"
"PALOUSE:WENATCHEE:Transformer:TR5B:ttap","PALOUSE:WENATCHEE:Transformer:TR5B:wnd1","PALOUSE:WENATCHEE:V1:Junction:7566"
"PALOUSE:WENATCHEE:Transformer:TR5C:ttap","PALOUSE:WENATCHEE:Transformer:TR5C:wnd1","PALOUSE:WENATCHEE:V1:Junction:7566"
"PALOUSE:WENATCHEE:Transformer:TR110:ttap","PALOUSE:WENATCHEE:Transformer:TR110:wnd1","PALOUSE:WENATCHEE:V4.18:Junction:7862"
"PALOUSE:WENATCHEE:Transformer:TR120:ttap","PALOUSE:WENATCHEE:Transformer:TR120:wnd1","PALOUSE:WENATCHEE:V4.18:BusBarSection:DIESEL BUS"
"PALOUSE:WENATCHEE:Transformer:TR210:ttap","PALOUSE:WENATCHEE:Transformer:TR210:wnd1","PALOUSE:WENATCHEE:V4.18:Junction:7865"
"PALOUSE:WENATCHEE:Transformer:TR220:ttap","PALOUSE:WENATCHEE:Transformer:TR220:wnd1","PALOUSE:WENATCHEE:V4.18:Junction:7866"
"PALOUSE:WENATCHEE:Transformer:TR310:ttap","PALOUSE:WENATCHEE:Transformer:TR310:wnd1","PALOUSE:WENATCHEE:V4.18:Junction:7861"
"PALOUSE:WENATCHEE:Transformer:TR320:ttap","PALOUSE:WENATCHEE:Transformer:TR320:wnd1","PALOUSE:WENATCHEE:V4.18:Junction:7867"
"PALOUSE:WENATCHEE:Transformer:TR410:ttap","PALOUSE:WENATCHEE:Transformer:TR410:wnd1","PALOUSE:WENATCHEE:V4.18:Junction:7863"
"PALOUSE:WENATCHEE:Transformer:TR420:ttap","PALOUSE:WENATCHEE:Transformer:TR420:wnd1","PALOUSE:WENATCHEE:V4.18:Junction:7864"
"PUGET:AUBURN:Transformer:AUB 500-230 TR1:ttap","PUGET:AUBURN:Transformer:AUB 500-230 TR1:wnd1","PUGET:AUBURN:V230:BusBarSection:BUS 1"
"PUGET:AUBURN:Transformer:AUB 500-230 TR2:ttap","PUGET:AUBURN:Transformer:AUB 500-230 TR2:wnd1","PUGET:AUBURN:V230:BusBarSection:BUS 1"
"PUGET:TACOMA:Transformer:TAC TR2:ttap","PUGET:TACOMA:Transformer:TAC TR2:wnd1","PUGET:TACOMA:V24:BusBarSection:GEN SOUTH"
"PUGET:VANCOUVER:Transformer:VANC T1:ttap","PUGET:VANCOUVER:Transformer:VANC T1:wnd1","PUGET:VANCOUVER:V24:BusBarSection:GEN BUS"
"PALOUSE:LIBERTY:Transformer:DIESEL T1:ttap","PALOUSE:LIBERTY:Transformer:DIESEL T1:wnd1","PALOUSE:LIBERTY:V13.8:BusBarSection:DIESEL"
"PALOUSE:LIBERTY:Transformer:LIB TR1:ttap","PALOUSE:LIBERTY:Transformer:LIB TR1:wnd1","PALOUSE:LIBERTY:V24:BusBarSection:BUS 3"
"PALOUSE:LIBERTY:Transformer:LIB TR2:ttap","PALOUSE:LIBERTY:Transformer:LIB TR2:wnd1","PALOUSE:LIBERTY:V24:BusBarSection:BUS 3"
"COLUMBIA:WALLA WALLA:Transformer:TR_1:ttap","COLUMBIA:WALLA WALLA:Transformer:TR_1:wnd1","COLUMBIA:WALLA WALLA:V21.6:BusBarSection:21.6KV BUS 1"
"COLUMBIA:WALLA WALLA:Transformer:TR_2:ttap","COLUMBIA:WALLA WALLA:Transformer:TR_2:wnd1","COLUMBIA:WALLA WALLA:V21.6:BusBarSection:21.6KV BUS 2"
"COLUMBIA:WALLA WALLA:Transformer:TR_3:ttap","COLUMBIA:WALLA WALLA:Transformer:TR_3:wnd1","COLUMBIA:WALLA WALLA:V33:BusBarSection:33KV BUS"
"COLUMBIA:PULLMAN:Transformer:TR_1:ttap","COLUMBIA:PULLMAN:Transformer:TR_1:wnd1","COLUMBIA:PULLMAN:V230:BusBarSection:230KV BUS 1"
"COLUMBIA:COYOTE RIDGE:Transformer:TR1:ttap","COLUMBIA:COYOTE RIDGE:Transformer:TR1:wnd1","COLUMBIA:COYOTE RIDGE:V33:BusBarSection:33KV BUS"
"COLUMBIA:COYOTE RIDGE:Transformer:TR2:ttap","COLUMBIA:COYOTE RIDGE:Transformer:TR2:wnd1","COLUMBIA:COYOTE RIDGE:V21.6:BusBarSection:21.6KV BUS"
"PALOUSE:ST JOHN:Transformer:TR1:ttap","PALOUSE:ST JOHN:Transformer:TR1:wnd1","PALOUSE:ST JOHN:V24:BusBarSection:24KV FDR BUS"
"PALOUSE:VANTAGE:Transformer:TR2:ttap","PALOUSE:VANTAGE:Transformer:TR2:wnd1","PALOUSE:VANTAGE:V24:BusBarSection:24KV BUS"
"PALOUSE:VANTAGE:Transformer:TR3:ttap","PALOUSE:VANTAGE:Transformer:TR3:wnd1","PALOUSE:VANTAGE:V33:BusBarSection:33KV BUS"
"PUGET:EVERETT:Transformer:EVETR 30:ftap","PUGET:EVERETT:Transformer:EVETR 30:wnd1","PUGET:EVERETT:V230:BusBarSection:BUS 1"
"PUGET:EVERETT:Transformer:EVETR 35:ftap","PUGET:EVERETT:Transformer:EVETR 35:wnd1","PUGET:EVERETT:V230:BusBarSection:BUS 1"
"PUGET:TACOMA:Transformer:TAC TR 39:ftap","PUGET:TACOMA:Transformer:TAC TR 39:wnd1","PUGET:TACOMA:V230:BusBarSection:BUS 1"
"PUGET:TACOMA:Transformer:TAC TR 41:ftap","PUGET:TACOMA:Transformer:TAC TR 41:wnd1","PUGET:TACOMA:V138:BusBarSection:BUS 3"
"PUGET:CHEHALIS:Transformer:CHETR 45:ftap","PUGET:CHEHALIS:Transformer:CHETR 45:wnd1","PUGET:CHEHALIS:V230:BusBarSection:BUS 1"
"PUGET:CHEHALIS:Transformer:CHETR 48:ftap","PUGET:CHEHALIS:Transformer:CHETR 48:wnd1","PUGET:CHEHALIS:V230:BusBarSection:BUS 1"
"PUGET:AIRPORT:Transformer:AIRTR 57:ftap","PUGET:AIRPORT:Transformer:AIRTR 57:wnd1","PUGET:AIRPORT:V230:BusBarSection:BUS 1"
"PUGET:LONGVIEW:Transformer:LONGTR 59:ftap","PUGET:LONGVIEW:Transformer:LONGTR 59:wnd1","PUGET:LONGVIEW:V230:BusBarSection:BUS 1"
"PUGET:PORT ANGELES:Transformer:PT A TR 63:ftap","PUGET:PORT ANGELES:Transformer:PT A TR 63:wnd1","PUGET:PORT ANGELES:V230:BusBarSection:BUS 1"
"PUGET:REDMOND:Transformer:REDTR 70:ftap","PUGET:REDMOND:Transformer:REDTR 70:wnd1","PUGET:REDMOND:V230:BusBarSection:BUS 1"
"PUGET:BELLEVUE:Transformer:BELLVTR 74:ftap","PUGET:BELLEVUE:Transformer:BELLVTR 74:wnd1","PUGET:BELLEVUE:V230:BusBarSection:BUS 1"
"PUGET:MT VERNON:Transformer:MT VTR:ftap","PUGET:MT VERNON:Transformer:MT VTR:wnd1","PUGET:MT VERNON:V230:BusBarSection:BUS 1"
"PALOUSE:ELLENSBURG:Transformer:G1:ftap","PALOUSE:ELLENSBURG:Transformer:G1:wnd1","PALOUSE:ELLENSBURG:V138:BusBarSection:GEN BUS"
"PALOUSE:ELLENSBURG:Transformer:G2:ftap","PALOUSE:ELLENSBURG:Transformer:G2:wnd1","PALOUSE:ELLENSBURG:V138:BusBarSection:GEN BUS"
"PALOUSE:ELLENSBURG:Transformer:G3:ftap","PALOUSE:ELLENSBURG:Transformer:G3:wnd1","PALOUSE:ELLENSBURG:V138:BusBarSection:GEN BUS"
"PALOUSE:ELLENSBURG:Transformer:G4:ftap","PALOUSE:ELLENSBURG:Transformer:G4:wnd1","PALOUSE:ELLENSBURG:V138:BusBarSection:GEN BUS"
"PALOUSE:ELLENSBURG:Transformer:T1:ftap","PALOUSE:ELLENSBURG:Transformer:T1:wnd1","PALOUSE:ELLENSBURG:V230:BusBarSection:SOUTH BUS"
"PALOUSE:ELLENSBURG:Transformer:T2:ftap","PALOUSE:ELLENSBURG:Transformer:T2:wnd1","PALOUSE:ELLENSBURG:V230:BusBarSection:SOUTH BUS"
"PALOUSE:CHENEY:Transformer:G_1_2:ftap","PALOUSE:CHENEY:Transformer:G_1_2:wnd1","PALOUSE:CHENEY:V115:BusBarSection:GEN_BUS_E"
"PALOUSE:CHENEY:Transformer:G_2_4:ftap","PALOUSE:CHENEY:Transformer:G_2_4:wnd1","PALOUSE:CHENEY:V115:BusBarSection:GEN_BUS_E"
"PALOUSE:CHENEY:Transformer:SS1:ftap","PALOUSE:CHENEY:Transformer:SS1:wnd1","PALOUSE:CHENEY:V115:BusBarSection:GEN_BUS_E"
"PALOUSE:CHENEY:Transformer:SS2:ftap","PALOUSE:CHENEY:Transformer:SS2:wnd1","PALOUSE:CHENEY:V115:BusBarSection:GEN_BUS_E"
"PALOUSE:CHENEY:Transformer:T1:ftap","PALOUSE:CHENEY:Transformer:T1:wnd1","PALOUSE:CHENEY:V230:BusBarSection:TRANS_BUS"
"PALOUSE:CHENEY:Transformer:T2:ftap","PALOUSE:CHENEY:Transformer:T2:wnd1","PALOUSE:CHENEY:V230:BusBarSection:TRANS_BUS"
"COLUMBIA:FINLEY:Transformer:T_1:ftap","COLUMBIA:FINLEY:Transformer:T_1:wnd1","COLUMBIA:FINLEY:V230:BusBarSection:NORTH BUS"
"COLUMBIA:FINLEY:Transformer:T_2:ftap","COLUMBIA:FINLEY:Transformer:T_2:wnd1","COLUMBIA:FINLEY:V230:BusBarSection:NORTH BUS"
"COLUMBIA:FINLEY:Transformer:T_3:ftap","COLUMBIA:FINLEY:Transformer:T_3:wnd1","COLUMBIA:FINLEY:V230:BusBarSection:NORTH BUS"
"COLUMBIA:FINLEY:Transformer:T_4:ftap","COLUMBIA:FINLEY:Transformer:T_4:wnd1","COLUMBIA:FINLEY:V230:BusBarSection:NORTH BUS"
"COLUMBIA:YAKIMA:Transformer:ETR1:ftap","COLUMBIA:YAKIMA:Transformer:ETR1:wnd1","COLUMBIA:YAKIMA:V115:BusBarSection:EAST GEN BUS"
"COLUMBIA:YAKIMA:Transformer:WTR1:ftap","COLUMBIA:YAKIMA:Transformer:WTR1:wnd1","COLUMBIA:YAKIMA:V115:BusBarSection:WEST GEN BUS"
"COLUMBIA:YAKIMA:Transformer:WTR2:ftap","COLUMBIA:YAKIMA:Transformer:WTR2:wnd1","COLUMBIA:YAKIMA:V230:BusBarSection:MAIN BUS"
"COLUMBIA:YAKIMA:Transformer:ETR2:ftap","COLUMBIA:YAKIMA:Transformer:ETR2:wnd1","COLUMBIA:YAKIMA:V230:BusBarSection:MAIN BUS"
"COLUMBIA:YAKIMA:Transformer:TR3:ftap","COLUMBIA:YAKIMA:Transformer:TR3:wnd1","COLUMBIA:YAKIMA:V230:BusBarSection:MAIN BUS"
"COLUMBIA:FINLEY:Transformer:TR 1:ftap","COLUMBIA:FINLEY:Transformer:TR 1:wnd1","COLUMBIA:FINLEY:V230:BusBarSection:NORTH BUS"
"COLUMBIA:SUNNYSIDE:Transformer:TR 2:ftap","COLUMBIA:SUNNYSIDE:Transformer:TR 2:wnd1","COLUMBIA:SUNNYSIDE:V115:BusBarSection:115KV BUS 1"
"COLUMBIA:SUNNYSIDE:Transformer:TR 1:ftap","COLUMBIA:SUNNYSIDE:Transformer:TR 1:wnd1","COLUMBIA:SUNNYSIDE:V115:BusBarSection:115KV BUS 1"
"COLUMBIA:FINLEY:Transformer:TR 2:ftap","COLUMBIA:FINLEY:Transformer:TR 2:wnd1","COLUMBIA:FINLEY:V230:BusBarSection:NORTH BUS"
"COLUMBIA:GRANDVIEW:Transformer:TR15:ftap","COLUMBIA:GRANDVIEW:Transformer:TR15:wnd1","COLUMBIA:GRANDVIEW:V115:Junction:4321"
"COLUMBIA:PROSSER:Transformer:TR-14:ftap","COLUMBIA:PROSSER:Transformer:TR-14:wnd1","COLUMBIA:PROSSER:V115:Junction:4394"
"COLUMBIA:BENTON:Transformer:TR-13:ftap","COLUMBIA:BENTON:Transformer:TR-13:wnd1","COLUMBIA:BENTON:V115:Junction:4435"
"COLUMBIA:RICHLAND:Transformer:TR-12:ftap","COLUMBIA:RICHLAND:Transformer:TR-12:wnd1","COLUMBIA:RICHLAND:V115:Junction:4469"
"COLUMBIA:KENNEWICK:Transformer:TR-11:ftap","COLUMBIA:KENNEWICK:Transformer:TR-11:wnd1","COLUMBIA:KENNEWICK:V115:Junction:4508"
"COLUMBIA:PASCO:Transformer:TR-10:ftap","COLUMBIA:PASCO:Transformer:TR-10:wnd1","COLUMBIA:PASCO:V115:Junction:4530"
"PALOUSE:QUINCY:Transformer:TR1:ftap","PALOUSE:QUINCY:Transformer:TR1:wnd1","PALOUSE:QUINCY:V115:Junction:4589"
"PALOUSE:QUINCY:Transformer:TR2:ftap","PALOUSE:QUINCY:Transformer:TR2:wnd1","PALOUSE:QUINCY:V115:Junction:4588"
"PALOUSE:ELLENSBURG:Transformer:T3:ftap","PALOUSE:ELLENSBURG:Transformer:T3:wnd1","PALOUSE:ELLENSBURG:V230:BusBarSection:SOUTH BUS"
"PALOUSE:EPHRATA:Transformer:TR2:ftap","PALOUSE:EPHRATA:Transformer:TR2:wnd1","PALOUSE:EPHRATA:V115:Junction:4628"
"PALOUSE:EPHRATA:Transformer:TR3:ftap","PALOUSE:EPHRATA:Transformer:TR3:wnd1","PALOUSE:EPHRATA:V115:Junction:4627"
"PALOUSE:CHENEY:Transformer:T3:ftap","PALOUSE:CHENEY:Transformer:T3:wnd1","PALOUSE:CHENEY:V230:BusBarSection:TRANS_BUS"
"PALOUSE:GLOYD:Transformer:TR1:ftap","PALOUSE:GLOYD:Transformer:TR1:wnd1","PALOUSE:GLOYD:V115:Junction:4797"
"PALOUSE:GLOYD:Transformer:TR2:ftap","PALOUSE:GLOYD:Transformer:TR2:wnd1","PALOUSE:GLOYD:V115:Junction:4797"
"PALOUSE:GLOYD:Transformer:TR3:ftap","PALOUSE:GLOYD:Transformer:TR3:wnd1","PALOUSE:GLOYD:V115:Junction:4795"
"PUGET:SATSOP:Transformer:SAT GEN W:ftap","PUGET:SATSOP:Transformer:SAT GEN W:wnd1","PUGET:SATSOP:V500:BusBarSection:500 KV WEST BUS"
"PUGET:SATSOP:Transformer:SAT GEN E:ftap","PUGET:SATSOP:Transformer:SAT GEN E:wnd1","PUGET:SATSOP:V500:BusBarSection:500 KV WEST BUS"
"PUGET:SATSOP:Transformer:SAT 500_230:ftap","PUGET:SATSOP:Transformer:SAT 500_230:wnd1","PUGET:SATSOP:V500:BusBarSection:500 KV WEST BUS"
"PUGET:SATSOP:Transformer:SAT 230_24:ftap","PUGET:SATSOP:Transformer:SAT 230_24:wnd1","PUGET:SATSOP:V230:BusBarSection:230 MAIN BUS"
"PUGET:SATSOP:Transformer:SS TR 1:ftap","PUGET:SATSOP:Transformer:SS TR 1:wnd1","PUGET:SATSOP:V24:BusBarSection:GEN WEST BUS"
"PUGET:SATSOP:Transformer:SS TR 2:ftap","PUGET:SATSOP:Transformer:SS TR 2:wnd1","PUGET:SATSOP:V24:BusBarSection:GEN WEST BUS"
"PALOUSE:SPOKANE:Transformer:TR3:ftap","PALOUSE:SPOKANE:Transformer:TR3:wnd1","PALOUSE:SPOKANE:V115:Junction:5381"
"PALOUSE:SPOKANE:Transformer:TR2:ftap","PALOUSE:SPOKANE:Transformer:TR2:wnd1","PALOUSE:SPOKANE:V115:Junction:5382"
"PALOUSE:SPOKANE:Transformer:TR1:ftap","PALOUSE:SPOKANE:Transformer:TR1:wnd1","PALOUSE:SPOKANE:V115:Junction:5382"
"PALOUSE:WENATCHEE:Transformer:WEN 500-230 TR1:ftap","PALOUSE:WENATCHEE:Transformer:WEN 500-230 TR1:wnd1","PALOUSE:WENATCHEE:V500:BusBarSection:NORTH BUS"
"COLUMBIA:WALLA WALLA:Transformer:WAL 500-230:ftap","COLUMBIA:WALLA WALLA:Transformer:WAL 500-230:wnd1","COLUMBIA:WALLA WALLA:V500:BusBarSection:500 KV SOUTH BUS"
"PALOUSE:VALLEY:Transformer:TR3:ftap","PALOUSE:VALLEY:Transformer:TR3:wnd1","PALOUSE:VALLEY:V115:Junction:5818"
"PALOUSE:VALLEY:Transformer:TR2:ftap","PALOUSE:VALLEY:Transformer:TR2:wnd1","PALOUSE:VALLEY:V115:Junction:5818"
"PALOUSE:VALLEY:Transformer:TR1:ftap","PALOUSE:VALLEY:Transformer:TR1:wnd1","PALOUSE:VALLEY:V115:Junction:5819"
"PALOUSE:CHENEY:Transformer:T4:ftap","PALOUSE:CHENEY:Transformer:T4:wnd1","PALOUSE:CHENEY:V230:BusBarSection:TRANS_BUS"
"COLUMBIA:FINLEY:Transformer:T_5:ftap","COLUMBIA:FINLEY:Transformer:T_5:wnd1","COLUMBIA:FINLEY:V500:BusBarSection:500KV WEST"
"COLUMBIA:YAKIMA:Transformer:T_500:ftap","COLUMBIA:YAKIMA:Transformer:T_500:wnd1","COLUMBIA:YAKIMA:V500:BusBarSection:500KV BUS 1"
"PALOUSE:ROCKFORD:Transformer:50-23 TR1:ftap","PALOUSE:ROCKFORD:Transformer:50-23 TR1:wnd1","PALOUSE:ROCKFORD:V500:BusBarSection:500KV NORTH BUS"
"PALOUSE:ROCKFORD:Transformer:TR3:ftap","PALOUSE:ROCKFORD:Transformer:TR3:wnd1","PALOUSE:ROCKFORD:V230:BusBarSection:230KV BUS 1"
"PALOUSE:ROCKFORD:Transformer:TR4:ftap","PALOUSE:ROCKFORD:Transformer:TR4:wnd1","PALOUSE:ROCKFORD:V230:BusBarSection:230KV BUS 1"
"PALOUSE:WHEELER:Transformer:TR1:ftap","PALOUSE:WHEELER:Transformer:TR1:wnd1","PALOUSE:WHEELER:V230:BusBarSection:230KV MAIN BUS"
"PALOUSE:WHEELER:Transformer:TR2:ftap","PALOUSE:WHEELER:Transformer:TR2:wnd1","PALOUSE:WHEELER:V230:BusBarSection:230KV MAIN BUS"
"PALOUSE:VANTAGE:Transformer:TR1:ftap","PALOUSE:VANTAGE:Transformer:TR1:wnd1","PALOUSE:VANTAGE:V230:BusBarSection:230KV MAIN BUS"
"PUGET:EVERETT:Transformer:EVETR 500:ftap","PUGET:EVERETT:Transformer:EVETR 500:wnd1","PUGET:EVERETT:V500:BusBarSection:BUS 5"
"PALOUSE:ROCKFORD:Transformer:50-23 TR2:ftap","PALOUSE:ROCKFORD:Transformer:50-23 TR2:wnd1","PALOUSE:ROCKFORD:V500:BusBarSection:500KV NORTH BUS"
"PALOUSE:ELMER:Transformer:TR12:ftap","PALOUSE:ELMER:Transformer:TR12:wnd1","PALOUSE:ELMER:V230:BusBarSection:230KV BUS 1"
"PALOUSE:ELMER:Transformer:TR34:ftap","PALOUSE:ELMER:Transformer:TR34:wnd1","PALOUSE:ELMER:V230:BusBarSection:230KV BUS 1"
"PALOUSE:ELMER:Transformer:TR56:ftap","PALOUSE:ELMER:Transformer:TR56:wnd1","PALOUSE:ELMER:V230:BusBarSection:230KV BUS 1"
"PALOUSE:ELMER:Transformer:TR78:ftap","PALOUSE:ELMER:Transformer:TR78:wnd1","PALOUSE:ELMER:V230:BusBarSection:230KV BUS 1"
"PALOUSE:ELMER:Transformer:TR90:ftap","PALOUSE:ELMER:Transformer:TR90:wnd1","PALOUSE:ELMER:V230:BusBarSection:230KV BUS 1"
"PALOUSE:ELMER:Transformer:500_230 TR1:ftap","PALOUSE:ELMER:Transformer:500_230 TR1:wnd1","PALOUSE:ELMER:V500:BusBarSection:500KV BUS NORTH"
"PALOUSE:ELMER:Transformer:500_230 TR2:ftap","PALOUSE:ELMER:Transformer:500_230 TR2:wnd1","PALOUSE:ELMER:V500:BusBarSection:500KV BUS NORTH"
"PUGET:BREMERTON:Transformer:TR1:ftap","PUGET:BREMERTON:Transformer:TR1:wnd1","PUGET:BREMERTON:V230:BusBarSection:BUS 1"
"PUGET:RENTON:Transformer:W GEN TR:ftap","PUGET:RENTON:Transformer:W GEN TR:wnd1","PUGET:RENTON:V230:Junction:7187"
"PUGET:RENTON:Transformer:E GEN TR:ftap","PUGET:RENTON:Transformer:E GEN TR:wnd1","PUGET:RENTON:V230:Junction:7187"
"PALOUSE:WENATCHEE:Transformer:WEN 500-230 TR2:ftap","PALOUSE:WENATCHEE:Transformer:WEN 500-230 TR2:wnd1","PALOUSE:WENATCHEE:V500:BusBarSection:NORTH BUS"
"PALOUSE:WENATCHEE:Transformer:TR1A:ftap","PALOUSE:WENATCHEE:Transformer:TR1A:wnd1","PALOUSE:WENATCHEE:V230:Junction:5613"
"PALOUSE:WENATCHEE:Transformer:TR1B:ftap","PALOUSE:WENATCHEE:Transformer:TR1B:wnd1","PALOUSE:WENATCHEE:V14:Junction:7619"
"PALOUSE:WENATCHEE:Transformer:TR1C:ftap","PALOUSE:WENATCHEE:Transformer:TR1C:wnd1","PALOUSE:WENATCHEE:V14:Junction:7616"
"PALOUSE:WENATCHEE:Transformer:TR2B:ftap","PALOUSE:WENATCHEE:Transformer:TR2B:wnd1","PALOUSE:WENATCHEE:V14:Junction:7617"
"PALOUSE:WENATCHEE:Transformer:TR2C:ftap","PALOUSE:WENATCHEE:Transformer:TR2C:wnd1","PALOUSE:WENATCHEE:V14:Junction:7621"
"PALOUSE:WENATCHEE:Transformer:TR2A:ftap","PALOUSE:WENATCHEE:Transformer:TR2A:wnd1","PALOUSE:WENATCHEE:V230:Junction:5613"
"PALOUSE:WENATCHEE:Transformer:TR3A:ftap","PALOUSE:WENATCHEE:Transformer:TR3A:wnd1","PALOUSE:WENATCHEE:V230:Junction:5613"
"PALOUSE:WENATCHEE:Transformer:TR3B:ftap","PALOUSE:WENATCHEE:Transformer:TR3B:wnd1","PALOUSE:WENATCHEE:V14:Junction:7613"
"PALOUSE:WENATCHEE:Transformer:TR3C:ftap","PALOUSE:WENATCHEE:Transformer:TR3C:wnd1","PALOUSE:WENATCHEE:V14:BusBarSection:SS BUS 1"
"PALOUSE:WENATCHEE:Transformer:TR4A:ftap","PALOUSE:WENATCHEE:Transformer:TR4A:wnd1","PALOUSE:WENATCHEE:V230:Junction:5613"
"PALOUSE:WENATCHEE:Transformer:TR4B:ftap","PALOUSE:WENATCHEE:Transformer:TR4B:wnd1","PALOUSE:WENATCHEE:V14:BusBarSection:SS BUS 2"
"PALOUSE:WENATCHEE:Transformer:TR4C:ftap","PALOUSE:WENATCHEE:Transformer:TR4C:wnd1","PALOUSE:WENATCHEE:V14:Junction:7612"
"PALOUSE:WENATCHEE:Transformer:TR5A:ftap","PALOUSE:WENATCHEE:Transformer:TR5A:wnd1","PALOUSE:WENATCHEE:V230:Junction:5613"
"PALOUSE:WENATCHEE:Transformer:TR5B:ftap","PALOUSE:WENATCHEE:Transformer:TR5B:wnd1","PALOUSE:WENATCHEE:V14:Junction:7620"
"PALOUSE:WENATCHEE:Transformer:TR5C:ftap","PALOUSE:WENATCHEE:Transformer:TR5C:wnd1","PALOUSE:WENATCHEE:V14:Junction:7615"
"PALOUSE:WENATCHEE:Transformer:TR110:ftap","PALOUSE:WENATCHEE:Transformer:TR110:wnd1","PALOUSE:WENATCHEE:V14:Junction:7799"
"PALOUSE:WENATCHEE:Transformer:TR120:ftap","PALOUSE:WENATCHEE:Transformer:TR120:wnd1","PALOUSE:WENATCHEE:V14:BusBarSection:SS BUS 2"
"PALOUSE:WENATCHEE:Transformer:TR210:ftap","PALOUSE:WENATCHEE:Transformer:TR210:wnd1","PALOUSE:WENATCHEE:V14:BusBarSection:SS BUS 1"
"PALOUSE:WENATCHEE:Transformer:TR220:ftap","PALOUSE:WENATCHEE:Transformer:TR220:wnd1","PALOUSE:WENATCHEE:V14:Junction:7801"
"PALOUSE:WENATCHEE:Transformer:TR310:ftap","PALOUSE:WENATCHEE:Transformer:TR310:wnd1","PALOUSE:WENATCHEE:V14:BusBarSection:SS BUS 1"
"PALOUSE:WENATCHEE:Transformer:TR320:ftap","PALOUSE:WENATCHEE:Transformer:TR320:wnd1","PALOUSE:WENATCHEE:V14:Junction:7802"
"PALOUSE:WENATCHEE:Transformer:TR410:ftap","PALOUSE:WENATCHEE:Transformer:TR410:wnd1","PALOUSE:WENATCHEE:V14:Junction:7797"
"PALOUSE:WENATCHEE:Transformer:TR420:ftap","PALOUSE:WENATCHEE:Transformer:TR420:wnd1","PALOUSE:WENATCHEE:V14:BusBarSection:SS BUS 2"
"PUGET:AUBURN:Transformer:AUB 500-230 TR1:ftap","PUGET:AUBURN:Transformer:AUB 500-230 TR1:wnd1","PUGET:AUBURN:V500:BusBarSection:500 SOUTH BUS"
"PUGET:AUBURN:Transformer:AUB 500-230 TR2:ftap","PUGET:AUBURN:Transformer:AUB 500-230 TR2:wnd1","PUGET:AUBURN:V500:BusBarSection:500 SOUTH BUS"
"PUGET:TACOMA:Transformer:TAC TR2:ftap","PUGET:TACOMA:Transformer:TAC TR2:wnd1","PUGET:TACOMA:V230:BusBarSection:BUS 1"
"PUGET:VANCOUVER:Transformer:VANC T1:ftap","PUGET:VANCOUVER:Transformer:VANC T1:wnd1","PUGET:VANCOUVER:V230:BusBarSection:BUS 1"
"PALOUSE:LIBERTY:Transformer:DIESEL T1:ftap","PALOUSE:LIBERTY:Transformer:DIESEL T1:wnd1","PALOUSE:LIBERTY:V24:BusBarSection:BUS 3"
"PALOUSE:LIBERTY:Transformer:LIB TR1:ftap","PALOUSE:LIBERTY:Transformer:LIB TR1:wnd1","PALOUSE:LIBERTY:V230:BusBarSection:BUS 1"
"PALOUSE:LIBERTY:Transformer:LIB TR2:ftap","PALOUSE:LIBERTY:Transformer:LIB TR2:wnd1","PALOUSE:LIBERTY:V230:BusBarSection:BUS 1"
"COLUMBIA:WALLA WALLA:Transformer:TR_1:ftap","COLUMBIA:WALLA WALLA:Transformer:TR_1:wnd1","COLUMBIA:WALLA WALLA:V230:Junction:5746"
"COLUMBIA:WALLA WALLA:Transformer:TR_2:ftap","COLUMBIA:WALLA WALLA:Transformer:TR_2:wnd1","COLUMBIA:WALLA WALLA:V230:Junction:5746"
"COLUMBIA:WALLA WALLA:Transformer:TR_3:ftap","COLUMBIA:WALLA WALLA:Transformer:TR_3:wnd1","COLUMBIA:WALLA WALLA:V230:Junction:5746"
"COLUMBIA:PULLMAN:Transformer:TR_1:ftap","COLUMBIA:PULLMAN:Transformer:TR_1:wnd1","COLUMBIA:PULLMAN:V500:BusBarSection:500KV WEST"
"COLUMBIA:COYOTE RIDGE:Transformer:TR1:ftap","COLUMBIA:COYOTE RIDGE:Transformer:TR1:wnd1","COLUMBIA:COYOTE RIDGE:V230:BusBarSection:230KV BUS 1"
"COLUMBIA:COYOTE RIDGE:Transformer:TR2:ftap","COLUMBIA:COYOTE RIDGE:Transformer:TR2:wnd1","COLUMBIA:COYOTE RIDGE:V230:BusBarSection:230KV BUS 1"
"PALOUSE:ST JOHN:Transformer:TR1:ftap","PALOUSE:ST JOHN:Transformer:TR1:wnd1","PALOUSE:ST JOHN:V230:BusBarSection:230KV BUS 1"
"PALOUSE:VANTAGE:Transformer:TR2:ftap","PALOUSE:VANTAGE:Transformer:TR2:wnd1","PALOUSE:VANTAGE:V230:BusBarSection:230KV MAIN BUS"
"PALOUSE:VANTAGE:Transformer:TR3:ftap","PALOUSE:VANTAGE:Transformer:TR3:wnd1","PALOUSE:VANTAGE:V230:BusBarSection:230KV MAIN BUS"
