"ID","SynchronousMachine","MW","MinMVAr","MaxMVAr"
"PUGET:VANCOUVER:V24:SynchronousMachine:VANCOUVER_crv1",Gen VANCOUVER PUGET:VANCOUVER:V24:SynchronousMachine:VANCOUVER:SM,-1.0,-55.333115,67.0
"PUGET:EVERETT:V24:SynchronousMachine:EVERETT 1_crv1",Gen EVERETT 1 PUGET:EVERETT:V24:SynchronousMachine:EVERETT 1:SM,0.0,-124.6425,162.57718
"PUGET:EVERETT:V24:SynchronousMachine:EVERETT 2_crv1",Gen EVERETT 2 PUGET:EVERETT:V24:SynchronousMachine:EVERETT 2:SM,0.0,-122.54375,159.83966
"PUGET:CHEHALIS:V24:SynchronousMachine:CHEHALIS_crv1",Gen CHEHALIS PUGET:CHEHALIS:V24:SynchronousMachine:CHEHALIS:SM,0.0,-250.0,400.0
"PUGET:AIRPORT:V24:SynchronousMachine:AIRPORT_crv1",Gen AIRPORT PUGET:AIRPORT:V24:SynchronousMachine:AIRPORT:SM,0.0,-162.3804,243.5706
"PALOUSE:LIBERTY:V24:SynchronousMachine:LIBERTY_crv1",Gen LIBERTY PALOUSE:LIBERTY:V24:SynchronousMachine:LIBERTY:SM,0.0,-280.9251,449.48016
"PUGET:MT VERNON:V24:SynchronousMachine:MT VERNON_crv1",Gen MT VERNON PUGET:MT VERNON:V24:SynchronousMachine:MT VERNON:SM,0.0,-115.0,150.0
"PALOUSE:ELLENSBURG:V13.8:SynchronousMachine:ELLENS_G1_CC_CT_crv1",Gen ELLENS_G1_CC_CT PALOUSE:ELLENSBURG:V13.8:SynchronousMachine:ELLENS_G1_CC_CT:SM,0.0,-54.81219,78.06585
"PALOUSE:ELLENSBURG:V13.8:SynchronousMachine:ELLENS_G2_CC_CT_crv1",Gen ELLENS_G2_CC_CT PALOUSE:ELLENSBURG:V13.8:SynchronousMachine:ELLENS_G2_CC_CT:SM,0.0,-54.81219,78.06585
"PALOUSE:ELLENSBURG:V13.8:SynchronousMachine:ELLENS_G3_CC_S_crv1",Gen ELLENS_G3_CC_S PALOUSE:ELLENSBURG:V13.8:SynchronousMachine:ELLENS_G3_CC_S:SM,0.0,0.0,0.0
"PALOUSE:ELLENSBURG:V4.18:SynchronousMachine:ELLENS_G4_DIESEL_crv1",Gen ELLENS_G4_DIESEL PALOUSE:ELLENSBURG:V4.18:SynchronousMachine:ELLENS_G4_DIESEL:SM,0.0,0.0,0.0
"PALOUSE:CHENEY:V13.8:SynchronousMachine:CHEN_G_1_crv1",Gen CHEN_G_1 PALOUSE:CHENEY:V13.8:SynchronousMachine:CHEN_G_1:SM,0.0,-25.99735,25.99735
"PALOUSE:CHENEY:V13.8:SynchronousMachine:CHEN_G_2_crv1",Gen CHEN_G_2 PALOUSE:CHENEY:V13.8:SynchronousMachine:CHEN_G_2:SM,0.0,-25.99735,25.99735
"PALOUSE:CHENEY:V13.8:SynchronousMachine:CHEN_G_3_crv1",Gen CHEN_G_3 PALOUSE:CHENEY:V13.8:SynchronousMachine:CHEN_G_3:SM,0.0,0.0,0.0
"PALOUSE:CHENEY:V13.8:SynchronousMachine:CHEN_G_4_crv1",Gen CHEN_G_4 PALOUSE:CHENEY:V13.8:SynchronousMachine:CHEN_G_4:SM,0.0,-25.99735,25.99735
"COLUMBIA:FINLEY:V13.8:SynchronousMachine:FIN_G_1_crv1",Gen FIN_G_1 COLUMBIA:FINLEY:V13.8:SynchronousMachine:FIN_G_1:SM,0.0,-67.818344,67.818344
"COLUMBIA:FINLEY:V13.8:SynchronousMachine:FIN_G_2_crv1",Gen FIN_G_2 COLUMBIA:FINLEY:V13.8:SynchronousMachine:FIN_G_2:SM,0.0,-60.863243,60.863243
"COLUMBIA:FINLEY:V13.8:SynchronousMachine:FIN_G_3_crv1",Gen FIN_G_3 COLUMBIA:FINLEY:V13.8:SynchronousMachine:FIN_G_3:SM,0.0,-22.686916,22.686916
"COLUMBIA:FINLEY:V13.8:SynchronousMachine:FIN_G_4_crv1",Gen FIN_G_4 COLUMBIA:FINLEY:V13.8:SynchronousMachine:FIN_G_4:SM,0.0,0.0,0.0
"PALOUSE:LIBERTY:V13.8:SynchronousMachine:DIESEL 1_crv1",Gen DIESEL 1 PALOUSE:LIBERTY:V13.8:SynchronousMachine:DIESEL 1:SM,0.0,0.0,0.0
"PALOUSE:LIBERTY:V13.8:SynchronousMachine:DIESEL 2_crv1",Gen DIESEL 2 PALOUSE:LIBERTY:V13.8:SynchronousMachine:DIESEL 2:SM,0.0,0.0,0.0
"PALOUSE:LIBERTY:V13.8:SynchronousMachine:DIESEL 3_crv1",Gen DIESEL 3 PALOUSE:LIBERTY:V13.8:SynchronousMachine:DIESEL 3:SM,0.0,0.0,0.0
"PUGET:TACOMA:V24:SynchronousMachine:TACOMA 1_crv1",Gen TACOMA 1 PUGET:TACOMA:V24:SynchronousMachine:TACOMA 1:SM,0.0,-87.105835,130.65875
"PUGET:TACOMA:V24:SynchronousMachine:TACOMA 2_crv1",Gen TACOMA 2 PUGET:TACOMA:V24:SynchronousMachine:TACOMA 2:SM,0.0,-87.105835,130.65875
"PUGET:TACOMA:V24:SynchronousMachine:TACOMA 3_crv1",Gen TACOMA 3 PUGET:TACOMA:V24:SynchronousMachine:TACOMA 3:SM,0.0,-87.105835,130.65875
"COLUMBIA:YAKIMA:V13.8:SynchronousMachine:YAK_GEN_WEST_crv1",Gen YAK_GEN_WEST COLUMBIA:YAKIMA:V13.8:SynchronousMachine:YAK_GEN_WEST:SM,0.0,-75.739944,107.724464
"COLUMBIA:YAKIMA:V13.8:SynchronousMachine:YAK_GEN_EAST_crv1",Gen YAK_GEN_EAST COLUMBIA:YAKIMA:V13.8:SynchronousMachine:YAK_GEN_EAST:SM,0.0,-75.739944,107.724464
"PUGET:SATSOP:V24:SynchronousMachine:SATSOP GEN 1_crv1",Gen SATSOP GEN 1 PUGET:SATSOP:V24:SynchronousMachine:SATSOP GEN 1:SM,0.0,-250.0,400.0
"PUGET:SATSOP:V24:SynchronousMachine:SATSOP GEN 2_crv1",Gen SATSOP GEN 2 PUGET:SATSOP:V24:SynchronousMachine:SATSOP GEN 2:SM,0.0,0.0,0.0
"PUGET:SATSOP:V4.18:SynchronousMachine:E GEN A_crv1",Gen E GEN A PUGET:SATSOP:V4.18:SynchronousMachine:E GEN A:SM,0.0,0.0,0.0
"PUGET:SATSOP:V4.18:SynchronousMachine:E GEN B_crv1",Gen E GEN B PUGET:SATSOP:V4.18:SynchronousMachine:E GEN B:SM,0.0,0.0,0.0
"PUGET:SATSOP:V4.18:SynchronousMachine:E GEN C_crv1",Gen E GEN C PUGET:SATSOP:V4.18:SynchronousMachine:E GEN C:SM,0.0,0.0,0.0
"PUGET:SATSOP:V4.18:SynchronousMachine:E GEN D_crv1",Gen E GEN D PUGET:SATSOP:V4.18:SynchronousMachine:E GEN D:SM,0.0,0.0,0.0
"PALOUSE:ELMER:V14:SynchronousMachine:ELM_GEN 1_crv1",Gen ELM_GEN 1 PALOUSE:ELMER:V14:SynchronousMachine:ELM_GEN 1:SM,0.0,-30.940058,52.820175
"PALOUSE:ELMER:V14:SynchronousMachine:ELM_GEN 2_crv1",Gen ELM_GEN 2 PALOUSE:ELMER:V14:SynchronousMachine:ELM_GEN 2:SM,0.0,-30.940058,52.820175
"PALOUSE:ELMER:V14:SynchronousMachine:ELM_GEN 3_crv1",Gen ELM_GEN 3 PALOUSE:ELMER:V14:SynchronousMachine:ELM_GEN 3:SM,0.0,-30.940058,52.820175
"PALOUSE:ELMER:V14:SynchronousMachine:ELM_GEN 4_crv1",Gen ELM_GEN 4 PALOUSE:ELMER:V14:SynchronousMachine:ELM_GEN 4:SM,0.0,-30.940058,52.820175
"PALOUSE:ELMER:V14:SynchronousMachine:ELM_GEN 5_crv1",Gen ELM_GEN 5 PALOUSE:ELMER:V14:SynchronousMachine:ELM_GEN 5:SM,0.0,-30.940058,52.820175
"PALOUSE:ELMER:V14:SynchronousMachine:ELM_GEN 6_crv1",Gen ELM_GEN 6 PALOUSE:ELMER:V14:SynchronousMachine:ELM_GEN 6:SM,0.0,-30.940058,52.820175
"PALOUSE:ELMER:V14:SynchronousMachine:ELM_GEN 7_crv1",Gen ELM_GEN 7 PALOUSE:ELMER:V14:SynchronousMachine:ELM_GEN 7:SM,0.0,-30.940058,52.820175
"PALOUSE:ELMER:V14:SynchronousMachine:ELM_GEN 8_crv1",Gen ELM_GEN 8 PALOUSE:ELMER:V14:SynchronousMachine:ELM_GEN 8:SM,0.0,-30.940058,52.820175
"PALOUSE:ELMER:V14:SynchronousMachine:ELM_GEN 9_crv1",Gen ELM_GEN 9 PALOUSE:ELMER:V14:SynchronousMachine:ELM_GEN 9:SM,0.0,0.0,0.0
"PALOUSE:ELMER:V14:SynchronousMachine:ELM_GEN 10_crv1",Gen ELM_GEN 10 PALOUSE:ELMER:V14:SynchronousMachine:ELM_GEN 10:SM,0.0,0.0,0.0
"PUGET:BREMERTON:V13.8:SynchronousMachine:BREM GEN_crv1",Gen BREM GEN PUGET:BREMERTON:V13.8:SynchronousMachine:BREM GEN:SM,0.0,0.0,0.0
"PUGET:RENTON:V13.8:SynchronousMachine:RENT_G1_CC_CT_crv1",Gen RENT_G1_CC_CT PUGET:RENTON:V13.8:SynchronousMachine:RENT_G1_CC_CT:SM,0.0,0.0,0.0
"PUGET:RENTON:V13.8:SynchronousMachine:RENT_G2_CC_CT_crv1",Gen RENT_G2_CC_CT PUGET:RENTON:V13.8:SynchronousMachine:RENT_G2_CC_CT:SM,0.0,0.0,0.0
"PUGET:RENTON:V13.8:SynchronousMachine:RENT_G3_CC_S_crv1",Gen RENT_G3_CC_S PUGET:RENTON:V13.8:SynchronousMachine:RENT_G3_CC_S:SM,0.0,0.0,0.0
"PUGET:RENTON:V13.8:SynchronousMachine:RENT_G4_CC_CT_crv1",Gen RENT_G4_CC_CT PUGET:RENTON:V13.8:SynchronousMachine:RENT_G4_CC_CT:SM,0.0,0.0,0.0
"PUGET:RENTON:V13.8:SynchronousMachine:RENT_G5_CC_CT_crv1",Gen RENT_G5_CC_CT PUGET:RENTON:V13.8:SynchronousMachine:RENT_G5_CC_CT:SM,0.0,0.0,0.0
"PUGET:RENTON:V13.8:SynchronousMachine:RENT_G6_CC_S_crv1",Gen RENT_G6_CC_S PUGET:RENTON:V13.8:SynchronousMachine:RENT_G6_CC_S:SM,0.0,0.0,0.0
"PALOUSE:WENATCHEE:V14:SynchronousMachine:WEN_GEN 1_crv1",Gen WEN_GEN 1 PALOUSE:WENATCHEE:V14:SynchronousMachine:WEN_GEN 1:SM,0.0,-30.940058,52.820175
"PALOUSE:WENATCHEE:V14:SynchronousMachine:WEN_GEN 2_crv1",Gen WEN_GEN 2 PALOUSE:WENATCHEE:V14:SynchronousMachine:WEN_GEN 2:SM,0.0,-30.940058,52.820175
"PALOUSE:WENATCHEE:V14:SynchronousMachine:WEN_GEN 3_crv1",Gen WEN_GEN 3 PALOUSE:WENATCHEE:V14:SynchronousMachine:WEN_GEN 3:SM,0.0,-30.940058,52.820175
"PALOUSE:WENATCHEE:V14:SynchronousMachine:WEN_GEN 4_crv1",Gen WEN_GEN 4 PALOUSE:WENATCHEE:V14:SynchronousMachine:WEN_GEN 4:SM,0.0,-30.940058,52.820175
"PALOUSE:WENATCHEE:V14:SynchronousMachine:WEN_GEN 5_crv1",Gen WEN_GEN 5 PALOUSE:WENATCHEE:V14:SynchronousMachine:WEN_GEN 5:SM,0.0,-30.940058,52.820175
"PALOUSE:WENATCHEE:V14:SynchronousMachine:WEN_GEN 6_crv1",Gen WEN_GEN 6 PALOUSE:WENATCHEE:V14:SynchronousMachine:WEN_GEN 6:SM,0.0,-30.940058,52.820175
"PALOUSE:WENATCHEE:V14:SynchronousMachine:WEN_GEN 7_crv1",Gen WEN_GEN 7 PALOUSE:WENATCHEE:V14:SynchronousMachine:WEN_GEN 7:SM,0.0,-30.940058,52.820175
"PALOUSE:WENATCHEE:V14:SynchronousMachine:WEN_GEN 8_crv1",Gen WEN_GEN 8 PALOUSE:WENATCHEE:V14:SynchronousMachine:WEN_GEN 8:SM,0.0,-30.940058,52.820175
"PALOUSE:WENATCHEE:V14:SynchronousMachine:WEN_GEN 9_crv1",Gen WEN_GEN 9 PALOUSE:WENATCHEE:V14:SynchronousMachine:WEN_GEN 9:SM,0.0,-32.44006,57.320175
"PALOUSE:WENATCHEE:V14:SynchronousMachine:WEN_GEN 10_crv1",Gen WEN_GEN 10 PALOUSE:WENATCHEE:V14:SynchronousMachine:WEN_GEN 10:SM,0.0,0.0,0.0
"PALOUSE:WENATCHEE:V4.18:SynchronousMachine:POWH DIESEL_crv1",Gen POWH DIESEL PALOUSE:WENATCHEE:V4.18:SynchronousMachine:POWH DIESEL:SM,0.0,0.0,0.0
"PALOUSE:ST JOHN:V24:SynchronousMachine:FEEDER 1_crv1",Gen FEEDER 1 PALOUSE:ST JOHN:V24:SynchronousMachine:FEEDER 1:SM,0.0,0.0,0.0
"PALOUSE:ST JOHN:V24:SynchronousMachine:FEEDER 2_crv1",Gen FEEDER 2 PALOUSE:ST JOHN:V24:SynchronousMachine:FEEDER 2:SM,0.0,0.0,0.0
"PALOUSE:ST JOHN:V24:SynchronousMachine:FEEDER 3_crv1",Gen FEEDER 3 PALOUSE:ST JOHN:V24:SynchronousMachine:FEEDER 3:SM,0.0,0.0,0.0
"PALOUSE:ST JOHN:V24:SynchronousMachine:FEEDER 4_crv1",Gen FEEDER 4 PALOUSE:ST JOHN:V24:SynchronousMachine:FEEDER 4:SM,0.0,0.0,0.0
"PALOUSE:ST JOHN:V24:SynchronousMachine:FEEDER 5_crv1",Gen FEEDER 5 PALOUSE:ST JOHN:V24:SynchronousMachine:FEEDER 5:SM,0.0,0.0,0.0
"PALOUSE:ST JOHN:V24:SynchronousMachine:FEEDER 6_crv1",Gen FEEDER 6 PALOUSE:ST JOHN:V24:SynchronousMachine:FEEDER 6:SM,0.0,0.0,0.0
"PALOUSE:ST JOHN:V24:SynchronousMachine:FEEDER 7_crv1",Gen FEEDER 7 PALOUSE:ST JOHN:V24:SynchronousMachine:FEEDER 7:SM,0.0,0.0,0.0
"PALOUSE:VANTAGE:V24:SynchronousMachine:GEN 2-1_crv1",Gen GEN 2-1 PALOUSE:VANTAGE:V24:SynchronousMachine:GEN 2-1:SM,0.0,0.0,0.0
"PALOUSE:VANTAGE:V24:SynchronousMachine:GEN 2-2_crv1",Gen GEN 2-2 PALOUSE:VANTAGE:V24:SynchronousMachine:GEN 2-2:SM,0.0,0.0,0.0
"PALOUSE:VANTAGE:V24:SynchronousMachine:GEN 2-3_crv1",Gen GEN 2-3 PALOUSE:VANTAGE:V24:SynchronousMachine:GEN 2-3:SM,0.0,0.0,0.0
"PALOUSE:VANTAGE:V24:SynchronousMachine:GEN 2-4_crv1",Gen GEN 2-4 PALOUSE:VANTAGE:V24:SynchronousMachine:GEN 2-4:SM,0.0,0.0,0.0
"PALOUSE:VANTAGE:V33:SynchronousMachine:GEN 3-1_crv1",Gen GEN 3-1 PALOUSE:VANTAGE:V33:SynchronousMachine:GEN 3-1:SM,0.0,0.0,0.0
"PALOUSE:VANTAGE:V33:SynchronousMachine:GEN 3-2_crv1",Gen GEN 3-2 PALOUSE:VANTAGE:V33:SynchronousMachine:GEN 3-2:SM,0.0,0.0,0.0
"PALOUSE:VANTAGE:V33:SynchronousMachine:GEN 3-3_crv1",Gen GEN 3-3 PALOUSE:VANTAGE:V33:SynchronousMachine:GEN 3-3:SM,0.0,0.0,0.0
"PALOUSE:VANTAGE:V33:SynchronousMachine:GEN 3-4_crv1",Gen GEN 3-4 PALOUSE:VANTAGE:V33:SynchronousMachine:GEN 3-4:SM,0.0,0.0,0.0
"COLUMBIA:COYOTE RIDGE:V33:SynchronousMachine:FDR 310_crv1",Gen FDR 310 COLUMBIA:COYOTE RIDGE:V33:SynchronousMachine:FDR 310:SM,0.0,0.0,0.0
"COLUMBIA:COYOTE RIDGE:V33:SynchronousMachine:FDR 320_crv1",Gen FDR 320 COLUMBIA:COYOTE RIDGE:V33:SynchronousMachine:FDR 320:SM,0.0,0.0,0.0
"COLUMBIA:COYOTE RIDGE:V33:SynchronousMachine:FDR 330_crv1",Gen FDR 330 COLUMBIA:COYOTE RIDGE:V33:SynchronousMachine:FDR 330:SM,0.0,0.0,0.0
"COLUMBIA:COYOTE RIDGE:V33:SynchronousMachine:FDR 340_crv1",Gen FDR 340 COLUMBIA:COYOTE RIDGE:V33:SynchronousMachine:FDR 340:SM,0.0,0.0,0.0
"COLUMBIA:COYOTE RIDGE:V33:SynchronousMachine:FDR 350_crv1",Gen FDR 350 COLUMBIA:COYOTE RIDGE:V33:SynchronousMachine:FDR 350:SM,0.0,0.0,0.0
"COLUMBIA:COYOTE RIDGE:V21.6:SynchronousMachine:FDR 210_crv1",Gen FDR 210 COLUMBIA:COYOTE RIDGE:V21.6:SynchronousMachine:FDR 210:SM,0.0,0.0,0.0
"COLUMBIA:COYOTE RIDGE:V21.6:SynchronousMachine:FDR 220_crv1",Gen FDR 220 COLUMBIA:COYOTE RIDGE:V21.6:SynchronousMachine:FDR 220:SM,0.0,0.0,0.0
"COLUMBIA:COYOTE RIDGE:V21.6:SynchronousMachine:FDR 230_crv1",Gen FDR 230 COLUMBIA:COYOTE RIDGE:V21.6:SynchronousMachine:FDR 230:SM,0.0,0.0,0.0
"COLUMBIA:COYOTE RIDGE:V21.6:SynchronousMachine:FDR 240_crv1",Gen FDR 240 COLUMBIA:COYOTE RIDGE:V21.6:SynchronousMachine:FDR 240:SM,0.0,0.0,0.0
"COLUMBIA:COYOTE RIDGE:V21.6:SynchronousMachine:FDR 250_crv1",Gen FDR 250 COLUMBIA:COYOTE RIDGE:V21.6:SynchronousMachine:FDR 250:SM,0.0,0.0,0.0
"COLUMBIA:COYOTE RIDGE:V21.6:SynchronousMachine:FDR 260_crv1",Gen FDR 260 COLUMBIA:COYOTE RIDGE:V21.6:SynchronousMachine:FDR 260:SM,0.0,0.0,0.0
"COLUMBIA:WALLA WALLA:V21.6:SynchronousMachine:FDR 120_crv1",Gen FDR 120 COLUMBIA:WALLA WALLA:V21.6:SynchronousMachine:FDR 120:SM,0.0,0.0,0.0
"COLUMBIA:WALLA WALLA:V21.6:SynchronousMachine:FDR 160_crv1",Gen FDR 160 COLUMBIA:WALLA WALLA:V21.6:SynchronousMachine:FDR 160:SM,0.0,0.0,0.0
"COLUMBIA:WALLA WALLA:V21.6:SynchronousMachine:FDR 170_crv1",Gen FDR 170 COLUMBIA:WALLA WALLA:V21.6:SynchronousMachine:FDR 170:SM,0.0,0.0,0.0
"COLUMBIA:WALLA WALLA:V21.6:SynchronousMachine:FDR 180_crv1",Gen FDR 180 COLUMBIA:WALLA WALLA:V21.6:SynchronousMachine:FDR 180:SM,0.0,0.0,0.0
"COLUMBIA:WALLA WALLA:V21.6:SynchronousMachine:FDR 250_crv1",Gen FDR 250 COLUMBIA:WALLA WALLA:V21.6:SynchronousMachine:FDR 250:SM,0.0,0.0,0.0
"COLUMBIA:WALLA WALLA:V21.6:SynchronousMachine:FDR 260_crv1",Gen FDR 260 COLUMBIA:WALLA WALLA:V21.6:SynchronousMachine:FDR 260:SM,0.0,0.0,0.0
"COLUMBIA:WALLA WALLA:V21.6:SynchronousMachine:FDR 270_crv1",Gen FDR 270 COLUMBIA:WALLA WALLA:V21.6:SynchronousMachine:FDR 270:SM,0.0,0.0,0.0
"COLUMBIA:WALLA WALLA:V21.6:SynchronousMachine:FDR 280_crv1",Gen FDR 280 COLUMBIA:WALLA WALLA:V21.6:SynchronousMachine:FDR 280:SM,0.0,0.0,0.0
"COLUMBIA:WALLA WALLA:V33:SynchronousMachine:FDR 330_crv1",Gen FDR 330 COLUMBIA:WALLA WALLA:V33:SynchronousMachine:FDR 330:SM,0.0,0.0,0.0
"COLUMBIA:WALLA WALLA:V33:SynchronousMachine:FDR 340_crv1",Gen FDR 340 COLUMBIA:WALLA WALLA:V33:SynchronousMachine:FDR 340:SM,0.0,0.0,0.0
"COLUMBIA:WALLA WALLA:V33:SynchronousMachine:FDR 350_crv1",Gen FDR 350 COLUMBIA:WALLA WALLA:V33:SynchronousMachine:FDR 350:SM,0.0,0.0,0.0
"COLUMBIA:WALLA WALLA:V33:SynchronousMachine:FDR 360_crv1",Gen FDR 360 COLUMBIA:WALLA WALLA:V33:SynchronousMachine:FDR 360:SM,0.0,0.0,0.0
"COLUMBIA:WALLA WALLA:V33:SynchronousMachine:FDR 370_crv1",Gen FDR 370 COLUMBIA:WALLA WALLA:V33:SynchronousMachine:FDR 370:SM,0.0,0.0,0.0
"PUGET:VANCOUVER:V24:SynchronousMachine:VANCOUVER_crv2",Gen VANCOUVER PUGET:VANCOUVER:V24:SynchronousMachine:VANCOUVER:SM,73.0,-55.333115,67.0
"PUGET:EVERETT:V24:SynchronousMachine:EVERETT 1_crv2",Gen EVERETT 1 PUGET:EVERETT:V24:SynchronousMachine:EVERETT 1:SM,400.0,-124.6425,162.57718
"PUGET:EVERETT:V24:SynchronousMachine:EVERETT 2_crv2",Gen EVERETT 2 PUGET:EVERETT:V24:SynchronousMachine:EVERETT 2:SM,400.0,-122.54375,159.83966
"PUGET:CHEHALIS:V24:SynchronousMachine:CHEHALIS_crv2",Gen CHEHALIS PUGET:CHEHALIS:V24:SynchronousMachine:CHEHALIS:SM,1200.0,-250.0,400.0
"PUGET:AIRPORT:V24:SynchronousMachine:AIRPORT_crv2",Gen AIRPORT PUGET:AIRPORT:V24:SynchronousMachine:AIRPORT:SM,600.0,-162.3804,243.5706
"PALOUSE:LIBERTY:V24:SynchronousMachine:LIBERTY_crv2",Gen LIBERTY PALOUSE:LIBERTY:V24:SynchronousMachine:LIBERTY:SM,1200.0,-280.9251,449.48016
"PUGET:MT VERNON:V24:SynchronousMachine:MT VERNON_crv2",Gen MT VERNON PUGET:MT VERNON:V24:SynchronousMachine:MT VERNON:SM,400.0,-115.0,150.0
"PALOUSE:ELLENSBURG:V13.8:SynchronousMachine:ELLENS_G1_CC_CT_crv2",Gen ELLENS_G1_CC_CT PALOUSE:ELLENSBURG:V13.8:SynchronousMachine:ELLENS_G1_CC_CT:SM,75.0,-54.81219,78.06585
"PALOUSE:ELLENSBURG:V13.8:SynchronousMachine:ELLENS_G2_CC_CT_crv2",Gen ELLENS_G2_CC_CT PALOUSE:ELLENSBURG:V13.8:SynchronousMachine:ELLENS_G2_CC_CT:SM,75.0,-54.81219,78.06585
"PALOUSE:ELLENSBURG:V13.8:SynchronousMachine:ELLENS_G3_CC_S_crv2",Gen ELLENS_G3_CC_S PALOUSE:ELLENSBURG:V13.8:SynchronousMachine:ELLENS_G3_CC_S:SM,50.0,0.0,0.0
"PALOUSE:ELLENSBURG:V4.18:SynchronousMachine:ELLENS_G4_DIESEL_crv2",Gen ELLENS_G4_DIESEL PALOUSE:ELLENSBURG:V4.18:SynchronousMachine:ELLENS_G4_DIESEL:SM,3.0,0.0,0.0
"PALOUSE:CHENEY:V13.8:SynchronousMachine:CHEN_G_1_crv2",Gen CHEN_G_1 PALOUSE:CHENEY:V13.8:SynchronousMachine:CHEN_G_1:SM,50.0,-25.99735,25.99735
"PALOUSE:CHENEY:V13.8:SynchronousMachine:CHEN_G_2_crv2",Gen CHEN_G_2 PALOUSE:CHENEY:V13.8:SynchronousMachine:CHEN_G_2:SM,50.0,-25.99735,25.99735
"PALOUSE:CHENEY:V13.8:SynchronousMachine:CHEN_G_3_crv2",Gen CHEN_G_3 PALOUSE:CHENEY:V13.8:SynchronousMachine:CHEN_G_3:SM,50.0,0.0,0.0
"PALOUSE:CHENEY:V13.8:SynchronousMachine:CHEN_G_4_crv2",Gen CHEN_G_4 PALOUSE:CHENEY:V13.8:SynchronousMachine:CHEN_G_4:SM,50.0,-25.99735,25.99735
"COLUMBIA:FINLEY:V13.8:SynchronousMachine:FIN_G_1_crv2",Gen FIN_G_1 COLUMBIA:FINLEY:V13.8:SynchronousMachine:FIN_G_1:SM,102.0,-67.818344,67.818344
"COLUMBIA:FINLEY:V13.8:SynchronousMachine:FIN_G_2_crv2",Gen FIN_G_2 COLUMBIA:FINLEY:V13.8:SynchronousMachine:FIN_G_2:SM,95.0,-60.863243,60.863243
"COLUMBIA:FINLEY:V13.8:SynchronousMachine:FIN_G_3_crv2",Gen FIN_G_3 COLUMBIA:FINLEY:V13.8:SynchronousMachine:FIN_G_3:SM,40.0,-22.686916,22.686916
"COLUMBIA:FINLEY:V13.8:SynchronousMachine:FIN_G_4_crv2",Gen FIN_G_4 COLUMBIA:FINLEY:V13.8:SynchronousMachine:FIN_G_4:SM,18.0,0.0,0.0
"PALOUSE:LIBERTY:V13.8:SynchronousMachine:DIESEL 1_crv2",Gen DIESEL 1 PALOUSE:LIBERTY:V13.8:SynchronousMachine:DIESEL 1:SM,3.0,0.0,0.0
"PALOUSE:LIBERTY:V13.8:SynchronousMachine:DIESEL 2_crv2",Gen DIESEL 2 PALOUSE:LIBERTY:V13.8:SynchronousMachine:DIESEL 2:SM,3.0,0.0,0.0
"PALOUSE:LIBERTY:V13.8:SynchronousMachine:DIESEL 3_crv2",Gen DIESEL 3 PALOUSE:LIBERTY:V13.8:SynchronousMachine:DIESEL 3:SM,3.0,0.0,0.0
"PUGET:TACOMA:V24:SynchronousMachine:TACOMA 1_crv2",Gen TACOMA 1 PUGET:TACOMA:V24:SynchronousMachine:TACOMA 1:SM,200.0,-87.105835,130.65875
"PUGET:TACOMA:V24:SynchronousMachine:TACOMA 2_crv2",Gen TACOMA 2 PUGET:TACOMA:V24:SynchronousMachine:TACOMA 2:SM,200.0,-87.105835,130.65875
"PUGET:TACOMA:V24:SynchronousMachine:TACOMA 3_crv2",Gen TACOMA 3 PUGET:TACOMA:V24:SynchronousMachine:TACOMA 3:SM,200.0,-87.105835,130.65875
"COLUMBIA:YAKIMA:V13.8:SynchronousMachine:YAK_GEN_WEST_crv2",Gen YAK_GEN_WEST COLUMBIA:YAKIMA:V13.8:SynchronousMachine:YAK_GEN_WEST:SM,250.0,-75.739944,107.724464
"COLUMBIA:YAKIMA:V13.8:SynchronousMachine:YAK_GEN_EAST_crv2",Gen YAK_GEN_EAST COLUMBIA:YAKIMA:V13.8:SynchronousMachine:YAK_GEN_EAST:SM,250.0,-75.739944,107.724464
"PUGET:SATSOP:V24:SynchronousMachine:SATSOP GEN 1_crv2",Gen SATSOP GEN 1 PUGET:SATSOP:V24:SynchronousMachine:SATSOP GEN 1:SM,1200.0,-250.0,400.0
"PUGET:SATSOP:V24:SynchronousMachine:SATSOP GEN 2_crv2",Gen SATSOP GEN 2 PUGET:SATSOP:V24:SynchronousMachine:SATSOP GEN 2:SM,1200.0,0.0,0.0
"PUGET:SATSOP:V4.18:SynchronousMachine:E GEN A_crv2",Gen E GEN A PUGET:SATSOP:V4.18:SynchronousMachine:E GEN A:SM,10.0,0.0,0.0
"PUGET:SATSOP:V4.18:SynchronousMachine:E GEN B_crv2",Gen E GEN B PUGET:SATSOP:V4.18:SynchronousMachine:E GEN B:SM,10.0,0.0,0.0
"PUGET:SATSOP:V4.18:SynchronousMachine:E GEN C_crv2",Gen E GEN C PUGET:SATSOP:V4.18:SynchronousMachine:E GEN C:SM,10.0,0.0,0.0
"PUGET:SATSOP:V4.18:SynchronousMachine:E GEN D_crv2",Gen E GEN D PUGET:SATSOP:V4.18:SynchronousMachine:E GEN D:SM,10.0,0.0,0.0
"PALOUSE:ELMER:V14:SynchronousMachine:ELM_GEN 1_crv2",Gen ELM_GEN 1 PALOUSE:ELMER:V14:SynchronousMachine:ELM_GEN 1:SM,100.0,-30.940058,52.820175
"PALOUSE:ELMER:V14:SynchronousMachine:ELM_GEN 2_crv2",Gen ELM_GEN 2 PALOUSE:ELMER:V14:SynchronousMachine:ELM_GEN 2:SM,100.0,-30.940058,52.820175
"PALOUSE:ELMER:V14:SynchronousMachine:ELM_GEN 3_crv2",Gen ELM_GEN 3 PALOUSE:ELMER:V14:SynchronousMachine:ELM_GEN 3:SM,100.0,-30.940058,52.820175
"PALOUSE:ELMER:V14:SynchronousMachine:ELM_GEN 4_crv2",Gen ELM_GEN 4 PALOUSE:ELMER:V14:SynchronousMachine:ELM_GEN 4:SM,100.0,-30.940058,52.820175
"PALOUSE:ELMER:V14:SynchronousMachine:ELM_GEN 5_crv2",Gen ELM_GEN 5 PALOUSE:ELMER:V14:SynchronousMachine:ELM_GEN 5:SM,100.0,-30.940058,52.820175
"PALOUSE:ELMER:V14:SynchronousMachine:ELM_GEN 6_crv2",Gen ELM_GEN 6 PALOUSE:ELMER:V14:SynchronousMachine:ELM_GEN 6:SM,100.0,-30.940058,52.820175
"PALOUSE:ELMER:V14:SynchronousMachine:ELM_GEN 7_crv2",Gen ELM_GEN 7 PALOUSE:ELMER:V14:SynchronousMachine:ELM_GEN 7:SM,100.0,-30.940058,52.820175
"PALOUSE:ELMER:V14:SynchronousMachine:ELM_GEN 8_crv2",Gen ELM_GEN 8 PALOUSE:ELMER:V14:SynchronousMachine:ELM_GEN 8:SM,100.0,-30.940058,52.820175
"PALOUSE:ELMER:V14:SynchronousMachine:ELM_GEN 9_crv2",Gen ELM_GEN 9 PALOUSE:ELMER:V14:SynchronousMachine:ELM_GEN 9:SM,100.0,0.0,0.0
"PALOUSE:ELMER:V14:SynchronousMachine:ELM_GEN 10_crv2",Gen ELM_GEN 10 PALOUSE:ELMER:V14:SynchronousMachine:ELM_GEN 10:SM,100.0,0.0,0.0
"PUGET:BREMERTON:V13.8:SynchronousMachine:BREM GEN_crv2",Gen BREM GEN PUGET:BREMERTON:V13.8:SynchronousMachine:BREM GEN:SM,80.0,0.0,0.0
"PUGET:RENTON:V13.8:SynchronousMachine:RENT_G1_CC_CT_crv2",Gen RENT_G1_CC_CT PUGET:RENTON:V13.8:SynchronousMachine:RENT_G1_CC_CT:SM,75.0,0.0,0.0
"PUGET:RENTON:V13.8:SynchronousMachine:RENT_G2_CC_CT_crv2",Gen RENT_G2_CC_CT PUGET:RENTON:V13.8:SynchronousMachine:RENT_G2_CC_CT:SM,75.0,0.0,0.0
"PUGET:RENTON:V13.8:SynchronousMachine:RENT_G3_CC_S_crv2",Gen RENT_G3_CC_S PUGET:RENTON:V13.8:SynchronousMachine:RENT_G3_CC_S:SM,50.0,0.0,0.0
"PUGET:RENTON:V13.8:SynchronousMachine:RENT_G4_CC_CT_crv2",Gen RENT_G4_CC_CT PUGET:RENTON:V13.8:SynchronousMachine:RENT_G4_CC_CT:SM,75.0,0.0,0.0
"PUGET:RENTON:V13.8:SynchronousMachine:RENT_G5_CC_CT_crv2",Gen RENT_G5_CC_CT PUGET:RENTON:V13.8:SynchronousMachine:RENT_G5_CC_CT:SM,75.0,0.0,0.0
"PUGET:RENTON:V13.8:SynchronousMachine:RENT_G6_CC_S_crv2",Gen RENT_G6_CC_S PUGET:RENTON:V13.8:SynchronousMachine:RENT_G6_CC_S:SM,50.0,0.0,0.0
"PALOUSE:WENATCHEE:V14:SynchronousMachine:WEN_GEN 1_crv2",Gen WEN_GEN 1 PALOUSE:WENATCHEE:V14:SynchronousMachine:WEN_GEN 1:SM,100.0,-30.940058,52.820175
"PALOUSE:WENATCHEE:V14:SynchronousMachine:WEN_GEN 2_crv2",Gen WEN_GEN 2 PALOUSE:WENATCHEE:V14:SynchronousMachine:WEN_GEN 2:SM,100.0,-30.940058,52.820175
"PALOUSE:WENATCHEE:V14:SynchronousMachine:WEN_GEN 3_crv2",Gen WEN_GEN 3 PALOUSE:WENATCHEE:V14:SynchronousMachine:WEN_GEN 3:SM,100.0,-30.940058,52.820175
"PALOUSE:WENATCHEE:V14:SynchronousMachine:WEN_GEN 4_crv2",Gen WEN_GEN 4 PALOUSE:WENATCHEE:V14:SynchronousMachine:WEN_GEN 4:SM,100.0,-30.940058,52.820175
"PALOUSE:WENATCHEE:V14:SynchronousMachine:WEN_GEN 5_crv2",Gen WEN_GEN 5 PALOUSE:WENATCHEE:V14:SynchronousMachine:WEN_GEN 5:SM,100.0,-30.940058,52.820175
"PALOUSE:WENATCHEE:V14:SynchronousMachine:WEN_GEN 6_crv2",Gen WEN_GEN 6 PALOUSE:WENATCHEE:V14:SynchronousMachine:WEN_GEN 6:SM,100.0,-30.940058,52.820175
"PALOUSE:WENATCHEE:V14:SynchronousMachine:WEN_GEN 7_crv2",Gen WEN_GEN 7 PALOUSE:WENATCHEE:V14:SynchronousMachine:WEN_GEN 7:SM,100.0,-30.940058,52.820175
"PALOUSE:WENATCHEE:V14:SynchronousMachine:WEN_GEN 8_crv2",Gen WEN_GEN 8 PALOUSE:WENATCHEE:V14:SynchronousMachine:WEN_GEN 8:SM,100.0,-30.940058,52.820175
"PALOUSE:WENATCHEE:V14:SynchronousMachine:WEN_GEN 9_crv2",Gen WEN_GEN 9 PALOUSE:WENATCHEE:V14:SynchronousMachine:WEN_GEN 9:SM,100.0,-32.44006,57.320175
"PALOUSE:WENATCHEE:V14:SynchronousMachine:WEN_GEN 10_crv2",Gen WEN_GEN 10 PALOUSE:WENATCHEE:V14:SynchronousMachine:WEN_GEN 10:SM,100.0,0.0,0.0
"PALOUSE:WENATCHEE:V4.18:SynchronousMachine:POWH DIESEL_crv2",Gen POWH DIESEL PALOUSE:WENATCHEE:V4.18:SynchronousMachine:POWH DIESEL:SM,3.0,0.0,0.0
"PALOUSE:ST JOHN:V24:SynchronousMachine:FEEDER 1_crv2",Gen FEEDER 1 PALOUSE:ST JOHN:V24:SynchronousMachine:FEEDER 1:SM,22.0,0.0,0.0
"PALOUSE:ST JOHN:V24:SynchronousMachine:FEEDER 2_crv2",Gen FEEDER 2 PALOUSE:ST JOHN:V24:SynchronousMachine:FEEDER 2:SM,15.0,0.0,0.0
"PALOUSE:ST JOHN:V24:SynchronousMachine:FEEDER 3_crv2",Gen FEEDER 3 PALOUSE:ST JOHN:V24:SynchronousMachine:FEEDER 3:SM,31.0,0.0,0.0
"PALOUSE:ST JOHN:V24:SynchronousMachine:FEEDER 4_crv2",Gen FEEDER 4 PALOUSE:ST JOHN:V24:SynchronousMachine:FEEDER 4:SM,28.0,0.0,0.0
"PALOUSE:ST JOHN:V24:SynchronousMachine:FEEDER 5_crv2",Gen FEEDER 5 PALOUSE:ST JOHN:V24:SynchronousMachine:FEEDER 5:SM,17.0,0.0,0.0
"PALOUSE:ST JOHN:V24:SynchronousMachine:FEEDER 6_crv2",Gen FEEDER 6 PALOUSE:ST JOHN:V24:SynchronousMachine:FEEDER 6:SM,23.0,0.0,0.0
"PALOUSE:ST JOHN:V24:SynchronousMachine:FEEDER 7_crv2",Gen FEEDER 7 PALOUSE:ST JOHN:V24:SynchronousMachine:FEEDER 7:SM,14.0,0.0,0.0
"PALOUSE:VANTAGE:V24:SynchronousMachine:GEN 2-1_crv2",Gen GEN 2-1 PALOUSE:VANTAGE:V24:SynchronousMachine:GEN 2-1:SM,25.0,0.0,0.0
"PALOUSE:VANTAGE:V24:SynchronousMachine:GEN 2-2_crv2",Gen GEN 2-2 PALOUSE:VANTAGE:V24:SynchronousMachine:GEN 2-2:SM,30.0,0.0,0.0
"PALOUSE:VANTAGE:V24:SynchronousMachine:GEN 2-3_crv2",Gen GEN 2-3 PALOUSE:VANTAGE:V24:SynchronousMachine:GEN 2-3:SM,17.0,0.0,0.0
"PALOUSE:VANTAGE:V24:SynchronousMachine:GEN 2-4_crv2",Gen GEN 2-4 PALOUSE:VANTAGE:V24:SynchronousMachine:GEN 2-4:SM,33.0,0.0,0.0
"PALOUSE:VANTAGE:V33:SynchronousMachine:GEN 3-1_crv2",Gen GEN 3-1 PALOUSE:VANTAGE:V33:SynchronousMachine:GEN 3-1:SM,25.0,0.0,0.0
"PALOUSE:VANTAGE:V33:SynchronousMachine:GEN 3-2_crv2",Gen GEN 3-2 PALOUSE:VANTAGE:V33:SynchronousMachine:GEN 3-2:SM,30.0,0.0,0.0
"PALOUSE:VANTAGE:V33:SynchronousMachine:GEN 3-3_crv2",Gen GEN 3-3 PALOUSE:VANTAGE:V33:SynchronousMachine:GEN 3-3:SM,17.0,0.0,0.0
"PALOUSE:VANTAGE:V33:SynchronousMachine:GEN 3-4_crv2",Gen GEN 3-4 PALOUSE:VANTAGE:V33:SynchronousMachine:GEN 3-4:SM,33.0,0.0,0.0
"COLUMBIA:COYOTE RIDGE:V33:SynchronousMachine:FDR 310_crv2",Gen FDR 310 COLUMBIA:COYOTE RIDGE:V33:SynchronousMachine:FDR 310:SM,17.0,0.0,0.0
"COLUMBIA:COYOTE RIDGE:V33:SynchronousMachine:FDR 320_crv2",Gen FDR 320 COLUMBIA:COYOTE RIDGE:V33:SynchronousMachine:FDR 320:SM,31.0,0.0,0.0
"COLUMBIA:COYOTE RIDGE:V33:SynchronousMachine:FDR 330_crv2",Gen FDR 330 COLUMBIA:COYOTE RIDGE:V33:SynchronousMachine:FDR 330:SM,14.0,0.0,0.0
"COLUMBIA:COYOTE RIDGE:V33:SynchronousMachine:FDR 340_crv2",Gen FDR 340 COLUMBIA:COYOTE RIDGE:V33:SynchronousMachine:FDR 340:SM,23.0,0.0,0.0
"COLUMBIA:COYOTE RIDGE:V33:SynchronousMachine:FDR 350_crv2",Gen FDR 350 COLUMBIA:COYOTE RIDGE:V33:SynchronousMachine:FDR 350:SM,15.0,0.0,0.0
"COLUMBIA:COYOTE RIDGE:V21.6:SynchronousMachine:FDR 210_crv2",Gen FDR 210 COLUMBIA:COYOTE RIDGE:V21.6:SynchronousMachine:FDR 210:SM,21.0,0.0,0.0
"COLUMBIA:COYOTE RIDGE:V21.6:SynchronousMachine:FDR 220_crv2",Gen FDR 220 COLUMBIA:COYOTE RIDGE:V21.6:SynchronousMachine:FDR 220:SM,11.0,0.0,0.0
"COLUMBIA:COYOTE RIDGE:V21.6:SynchronousMachine:FDR 230_crv2",Gen FDR 230 COLUMBIA:COYOTE RIDGE:V21.6:SynchronousMachine:FDR 230:SM,34.0,0.0,0.0
"COLUMBIA:COYOTE RIDGE:V21.6:SynchronousMachine:FDR 240_crv2",Gen FDR 240 COLUMBIA:COYOTE RIDGE:V21.6:SynchronousMachine:FDR 240:SM,23.0,0.0,0.0
"COLUMBIA:COYOTE RIDGE:V21.6:SynchronousMachine:FDR 250_crv2",Gen FDR 250 COLUMBIA:COYOTE RIDGE:V21.6:SynchronousMachine:FDR 250:SM,19.0,0.0,0.0
"COLUMBIA:COYOTE RIDGE:V21.6:SynchronousMachine:FDR 260_crv2",Gen FDR 260 COLUMBIA:COYOTE RIDGE:V21.6:SynchronousMachine:FDR 260:SM,22.0,0.0,0.0
"COLUMBIA:WALLA WALLA:V21.6:SynchronousMachine:FDR 120_crv2",Gen FDR 120 COLUMBIA:WALLA WALLA:V21.6:SynchronousMachine:FDR 120:SM,20.0,0.0,0.0
"COLUMBIA:WALLA WALLA:V21.6:SynchronousMachine:FDR 160_crv2",Gen FDR 160 COLUMBIA:WALLA WALLA:V21.6:SynchronousMachine:FDR 160:SM,15.0,0.0,0.0
"COLUMBIA:WALLA WALLA:V21.6:SynchronousMachine:FDR 170_crv2",Gen FDR 170 COLUMBIA:WALLA WALLA:V21.6:SynchronousMachine:FDR 170:SM,30.0,0.0,0.0
"COLUMBIA:WALLA WALLA:V21.6:SynchronousMachine:FDR 180_crv2",Gen FDR 180 COLUMBIA:WALLA WALLA:V21.6:SynchronousMachine:FDR 180:SM,27.0,0.0,0.0
"COLUMBIA:WALLA WALLA:V21.6:SynchronousMachine:FDR 250_crv2",Gen FDR 250 COLUMBIA:WALLA WALLA:V21.6:SynchronousMachine:FDR 250:SM,16.0,0.0,0.0
"COLUMBIA:WALLA WALLA:V21.6:SynchronousMachine:FDR 260_crv2",Gen FDR 260 COLUMBIA:WALLA WALLA:V21.6:SynchronousMachine:FDR 260:SM,22.0,0.0,0.0
"COLUMBIA:WALLA WALLA:V21.6:SynchronousMachine:FDR 270_crv2",Gen FDR 270 COLUMBIA:WALLA WALLA:V21.6:SynchronousMachine:FDR 270:SM,13.0,0.0,0.0
"COLUMBIA:WALLA WALLA:V21.6:SynchronousMachine:FDR 280_crv2",Gen FDR 280 COLUMBIA:WALLA WALLA:V21.6:SynchronousMachine:FDR 280:SM,10.0,0.0,0.0
"COLUMBIA:WALLA WALLA:V33:SynchronousMachine:FDR 330_crv2",Gen FDR 330 COLUMBIA:WALLA WALLA:V33:SynchronousMachine:FDR 330:SM,27.0,0.0,0.0
"COLUMBIA:WALLA WALLA:V33:SynchronousMachine:FDR 340_crv2",Gen FDR 340 COLUMBIA:WALLA WALLA:V33:SynchronousMachine:FDR 340:SM,24.0,0.0,0.0
"COLUMBIA:WALLA WALLA:V33:SynchronousMachine:FDR 350_crv2",Gen FDR 350 COLUMBIA:WALLA WALLA:V33:SynchronousMachine:FDR 350:SM,18.0,0.0,0.0
"COLUMBIA:WALLA WALLA:V33:SynchronousMachine:FDR 360_crv2",Gen FDR 360 COLUMBIA:WALLA WALLA:V33:SynchronousMachine:FDR 360:SM,21.0,0.0,0.0
"COLUMBIA:WALLA WALLA:V33:SynchronousMachine:FDR 370_crv2",Gen FDR 370 COLUMBIA:WALLA WALLA:V33:SynchronousMachine:FDR 370:SM,37.0,0.0,0.0
