"ID","Name","Node","GeneratingUnit","RegulatedNode"
"Gen VANCOUVER PUGET:VANCOUVER:V24:SynchronousMachine:VANCOUVER:SM","VANCOUVER","PUGET:VANCOUVER:V24:BusBarSection:GEN BUS","PUGET:VANCOUVER:V24:SynchronousMachine:VANCOUVER","PUGET:VANCOUVER:V24:BusBarSection:GEN BUS"
"Gen EVERETT 1 PUGET:EVERETT:V24:SynchronousMachine:EVERETT 1:SM","EVERETT 1","PUGET:EVERETT:V24:BusBarSection:BUS 3","PUGET:EVERETT:V24:SynchronousMachine:EVERETT 1","PUGET:EVERETT:V24:BusBarSection:BUS 3"
"Gen EVERETT 2 PUGET:EVERETT:V24:SynchronousMachine:EVERETT 2:SM","EVERETT 2","PUGET:EVERETT:V24:BusBarSection:BUS 4","PUGET:EVERETT:V24:SynchronousMachine:EVERETT 2","PUGET:EVERETT:V24:BusBarSection:BUS 4"
"Gen CHEHALIS PUGET:CHEHALIS:V24:SynchronousMachine:CHEHALIS:SM","CHEHALIS","PUGET:CHEHALIS:V24:BusBarSection:BUS 5","PUGET:CHEHALIS:V24:SynchronousMachine:CHEHALIS","PUGET:CHEHALIS:V24:BusBarSection:BUS 5"
"Gen AIRPORT PUGET:AIRPORT:V24:SynchronousMachine:AIRPORT:SM","AIRPORT","PUGET:AIRPORT:V24:BusBarSection:BUS 3","PUGET:AIRPORT:V24:SynchronousMachine:AIRPORT","PUGET:AIRPORT:V24:BusBarSection:BUS 3"
"Gen LIBERTY PALOUSE:LIBERTY:V24:SynchronousMachine:LIBERTY:SM","LIBERTY","PALOUSE:LIBERTY:V24:BusBarSection:BUS 3","PALOUSE:LIBERTY:V24:SynchronousMachine:LIBERTY","PALOUSE:LIBERTY:V24:BusBarSection:BUS 3"
"Gen MT VERNON PUGET:MT VERNON:V24:SynchronousMachine:MT VERNON:SM","MT VERNON","PUGET:MT VERNON:V24:BusBarSection:BUS 3-2","PUGET:MT VERNON:V24:SynchronousMachine:MT VERNON","PUGET:MT VERNON:V24:BusBarSection:BUS 3-2"
"Gen ELLENS_G1_CC_CT PALOUSE:ELLENSBURG:V13.8:SynchronousMachine:ELLENS_G1_CC_CT:SM","ELLENS_G1_CC_CT","PALOUSE:ELLENSBURG:V13.8:BusBarSection:G1","PALOUSE:ELLENSBURG:V13.8:SynchronousMachine:ELLENS_G1_CC_CT","PALOUSE:ELLENSBURG:V13.8:BusBarSection:G1"
"Gen ELLENS_G2_CC_CT PALOUSE:ELLENSBURG:V13.8:SynchronousMachine:ELLENS_G2_CC_CT:SM","ELLENS_G2_CC_CT","PALOUSE:ELLENSBURG:V13.8:BusBarSection:G2","PALOUSE:ELLENSBURG:V13.8:SynchronousMachine:ELLENS_G2_CC_CT","PALOUSE:ELLENSBURG:V13.8:BusBarSection:G2"
"Gen ELLENS_G3_CC_S PALOUSE:ELLENSBURG:V13.8:SynchronousMachine:ELLENS_G3_CC_S:SM","ELLENS_G3_CC_S","PALOUSE:ELLENSBURG:V13.8:Junction:2181","PALOUSE:ELLENSBURG:V13.8:SynchronousMachine:ELLENS_G3_CC_S","PALOUSE:ELLENSBURG:V13.8:BusBarSection:G3"
"Gen ELLENS_G4_DIESEL PALOUSE:ELLENSBURG:V4.18:SynchronousMachine:ELLENS_G4_DIESEL:SM","ELLENS_G4_DIESEL","PALOUSE:ELLENSBURG:V4.18:Junction:2197","PALOUSE:ELLENSBURG:V4.18:SynchronousMachine:ELLENS_G4_DIESEL","PALOUSE:ELLENSBURG:V4.18:BusBarSection:G4"
"Gen CHEN_G_1 PALOUSE:CHENEY:V13.8:SynchronousMachine:CHEN_G_1:SM","CHEN_G_1","PALOUSE:CHENEY:V13.8:BusBarSection:G_1_2","PALOUSE:CHENEY:V13.8:SynchronousMachine:CHEN_G_1","PALOUSE:CHENEY:V13.8:BusBarSection:G_1_2"
"Gen CHEN_G_2 PALOUSE:CHENEY:V13.8:SynchronousMachine:CHEN_G_2:SM","CHEN_G_2","PALOUSE:CHENEY:V13.8:BusBarSection:G_1_2","PALOUSE:CHENEY:V13.8:SynchronousMachine:CHEN_G_2","PALOUSE:CHENEY:V13.8:BusBarSection:G_1_2"
"Gen CHEN_G_3 PALOUSE:CHENEY:V13.8:SynchronousMachine:CHEN_G_3:SM","CHEN_G_3","PALOUSE:CHENEY:V13.8:Junction:2374","PALOUSE:CHENEY:V13.8:SynchronousMachine:CHEN_G_3","PALOUSE:CHENEY:V13.8:BusBarSection:G_3_4"
"Gen CHEN_G_4 PALOUSE:CHENEY:V13.8:SynchronousMachine:CHEN_G_4:SM","CHEN_G_4","PALOUSE:CHENEY:V13.8:BusBarSection:G_3_4","PALOUSE:CHENEY:V13.8:SynchronousMachine:CHEN_G_4","PALOUSE:CHENEY:V13.8:BusBarSection:G_3_4"
"Gen FIN_G_1 COLUMBIA:FINLEY:V13.8:SynchronousMachine:FIN_G_1:SM","FIN_G_1","COLUMBIA:FINLEY:V13.8:BusBarSection:G_1","COLUMBIA:FINLEY:V13.8:SynchronousMachine:FIN_G_1","COLUMBIA:FINLEY:V13.8:BusBarSection:G_1"
"Gen FIN_G_2 COLUMBIA:FINLEY:V13.8:SynchronousMachine:FIN_G_2:SM","FIN_G_2","COLUMBIA:FINLEY:V13.8:BusBarSection:G_2","COLUMBIA:FINLEY:V13.8:SynchronousMachine:FIN_G_2","COLUMBIA:FINLEY:V13.8:BusBarSection:G_2"
"Gen FIN_G_3 COLUMBIA:FINLEY:V13.8:SynchronousMachine:FIN_G_3:SM","FIN_G_3","COLUMBIA:FINLEY:V13.8:BusBarSection:G_3","COLUMBIA:FINLEY:V13.8:SynchronousMachine:FIN_G_3","COLUMBIA:FINLEY:V13.8:BusBarSection:G_3"
"Gen FIN_G_4 COLUMBIA:FINLEY:V13.8:SynchronousMachine:FIN_G_4:SM","FIN_G_4","COLUMBIA:FINLEY:V13.8:BusBarSection:G_4","COLUMBIA:FINLEY:V13.8:SynchronousMachine:FIN_G_4","COLUMBIA:FINLEY:V13.8:BusBarSection:G_4"
"Gen DIESEL 1 PALOUSE:LIBERTY:V13.8:SynchronousMachine:DIESEL 1:SM","DIESEL 1","PALOUSE:LIBERTY:V13.8:Junction:3198","PALOUSE:LIBERTY:V13.8:SynchronousMachine:DIESEL 1","PALOUSE:LIBERTY:V13.8:BusBarSection:DIESEL"
"Gen DIESEL 2 PALOUSE:LIBERTY:V13.8:SynchronousMachine:DIESEL 2:SM","DIESEL 2","PALOUSE:LIBERTY:V13.8:Junction:3199","PALOUSE:LIBERTY:V13.8:SynchronousMachine:DIESEL 2","PALOUSE:LIBERTY:V13.8:BusBarSection:DIESEL"
"Gen DIESEL 3 PALOUSE:LIBERTY:V13.8:SynchronousMachine:DIESEL 3:SM","DIESEL 3","PALOUSE:LIBERTY:V13.8:Junction:3200","PALOUSE:LIBERTY:V13.8:SynchronousMachine:DIESEL 3","PALOUSE:LIBERTY:V13.8:BusBarSection:DIESEL"
"Gen TACOMA 1 PUGET:TACOMA:V24:SynchronousMachine:TACOMA 1:SM","TACOMA 1","PUGET:TACOMA:V24:BusBarSection:GEN SOUTH","PUGET:TACOMA:V24:SynchronousMachine:TACOMA 1","PUGET:TACOMA:V24:BusBarSection:GEN SOUTH"
"Gen TACOMA 2 PUGET:TACOMA:V24:SynchronousMachine:TACOMA 2:SM","TACOMA 2","PUGET:TACOMA:V24:BusBarSection:GEN SOUTH","PUGET:TACOMA:V24:SynchronousMachine:TACOMA 2","PUGET:TACOMA:V24:BusBarSection:GEN SOUTH"
"Gen TACOMA 3 PUGET:TACOMA:V24:SynchronousMachine:TACOMA 3:SM","TACOMA 3","PUGET:TACOMA:V24:BusBarSection:GEN SOUTH","PUGET:TACOMA:V24:SynchronousMachine:TACOMA 3","PUGET:TACOMA:V24:BusBarSection:GEN SOUTH"
"Gen YAK_GEN_WEST COLUMBIA:YAKIMA:V13.8:SynchronousMachine:YAK_GEN_WEST:SM","YAK_GEN_WEST","COLUMBIA:YAKIMA:V13.8:Junction:3754","COLUMBIA:YAKIMA:V13.8:SynchronousMachine:YAK_GEN_WEST","COLUMBIA:YAKIMA:V13.8:Junction:3754"
"Gen YAK_GEN_EAST COLUMBIA:YAKIMA:V13.8:SynchronousMachine:YAK_GEN_EAST:SM","YAK_GEN_EAST","COLUMBIA:YAKIMA:V13.8:Junction:3755","COLUMBIA:YAKIMA:V13.8:SynchronousMachine:YAK_GEN_EAST","COLUMBIA:YAKIMA:V13.8:Junction:3755"
"Gen SATSOP GEN 1 PUGET:SATSOP:V24:SynchronousMachine:SATSOP GEN 1:SM","SATSOP GEN 1","PUGET:SATSOP:V24:BusBarSection:GEN WEST BUS","PUGET:SATSOP:V24:SynchronousMachine:SATSOP GEN 1","PUGET:SATSOP:V24:BusBarSection:GEN WEST BUS"
"Gen SATSOP GEN 2 PUGET:SATSOP:V24:SynchronousMachine:SATSOP GEN 2:SM","SATSOP GEN 2","PUGET:SATSOP:V24:Junction:5159","PUGET:SATSOP:V24:SynchronousMachine:SATSOP GEN 2","PUGET:SATSOP:V24:BusBarSection:GEN WEST BUS"
"Gen E GEN A PUGET:SATSOP:V4.18:SynchronousMachine:E GEN A:SM","E GEN A","PUGET:SATSOP:V4.18:Junction:5193","PUGET:SATSOP:V4.18:SynchronousMachine:E GEN A","PUGET:SATSOP:V4.18:BusBarSection:SS BUS 4.18KV"
"Gen E GEN B PUGET:SATSOP:V4.18:SynchronousMachine:E GEN B:SM","E GEN B","PUGET:SATSOP:V4.18:Junction:5195","PUGET:SATSOP:V4.18:SynchronousMachine:E GEN B","PUGET:SATSOP:V4.18:BusBarSection:SS BUS 4.18KV"
"Gen E GEN C PUGET:SATSOP:V4.18:SynchronousMachine:E GEN C:SM","E GEN C","PUGET:SATSOP:V4.18:Junction:5876","PUGET:SATSOP:V4.18:SynchronousMachine:E GEN C","PUGET:SATSOP:V4.18:BusBarSection:SS BUS 4.18KV"
"Gen E GEN D PUGET:SATSOP:V4.18:SynchronousMachine:E GEN D:SM","E GEN D","PUGET:SATSOP:V4.18:Junction:5879","PUGET:SATSOP:V4.18:SynchronousMachine:E GEN D","PUGET:SATSOP:V4.18:BusBarSection:SS BUS 4.18KV"
"Gen ELM_GEN 1 PALOUSE:ELMER:V14:SynchronousMachine:ELM_GEN 1:SM","ELM_GEN 1","PALOUSE:ELMER:V14:BusBarSection:14KV GEN BUS 1","PALOUSE:ELMER:V14:SynchronousMachine:ELM_GEN 1","PALOUSE:ELMER:V14:BusBarSection:14KV GEN BUS 1"
"Gen ELM_GEN 2 PALOUSE:ELMER:V14:SynchronousMachine:ELM_GEN 2:SM","ELM_GEN 2","PALOUSE:ELMER:V14:BusBarSection:14KV GEN BUS 1","PALOUSE:ELMER:V14:SynchronousMachine:ELM_GEN 2","PALOUSE:ELMER:V14:BusBarSection:14KV GEN BUS 1"
"Gen ELM_GEN 3 PALOUSE:ELMER:V14:SynchronousMachine:ELM_GEN 3:SM","ELM_GEN 3","PALOUSE:ELMER:V14:BusBarSection:14KV GEN BUS 2","PALOUSE:ELMER:V14:SynchronousMachine:ELM_GEN 3","PALOUSE:ELMER:V14:BusBarSection:14KV GEN BUS 2"
"Gen ELM_GEN 4 PALOUSE:ELMER:V14:SynchronousMachine:ELM_GEN 4:SM","ELM_GEN 4","PALOUSE:ELMER:V14:BusBarSection:14KV GEN BUS 2","PALOUSE:ELMER:V14:SynchronousMachine:ELM_GEN 4","PALOUSE:ELMER:V14:BusBarSection:14KV GEN BUS 2"
"Gen ELM_GEN 5 PALOUSE:ELMER:V14:SynchronousMachine:ELM_GEN 5:SM","ELM_GEN 5","PALOUSE:ELMER:V14:BusBarSection:14KV GEN BUS 3","PALOUSE:ELMER:V14:SynchronousMachine:ELM_GEN 5","PALOUSE:ELMER:V14:BusBarSection:14KV GEN BUS 3"
"Gen ELM_GEN 6 PALOUSE:ELMER:V14:SynchronousMachine:ELM_GEN 6:SM","ELM_GEN 6","PALOUSE:ELMER:V14:BusBarSection:14KV GEN BUS 3","PALOUSE:ELMER:V14:SynchronousMachine:ELM_GEN 6","PALOUSE:ELMER:V14:BusBarSection:14KV GEN BUS 3"
"Gen ELM_GEN 7 PALOUSE:ELMER:V14:SynchronousMachine:ELM_GEN 7:SM","ELM_GEN 7","PALOUSE:ELMER:V14:BusBarSection:14KV GEN BUS 4","PALOUSE:ELMER:V14:SynchronousMachine:ELM_GEN 7","PALOUSE:ELMER:V14:BusBarSection:14KV GEN BUS 4"
"Gen ELM_GEN 8 PALOUSE:ELMER:V14:SynchronousMachine:ELM_GEN 8:SM","ELM_GEN 8","PALOUSE:ELMER:V14:BusBarSection:14KV GEN BUS 4","PALOUSE:ELMER:V14:SynchronousMachine:ELM_GEN 8","PALOUSE:ELMER:V14:BusBarSection:14KV GEN BUS 4"
"Gen ELM_GEN 9 PALOUSE:ELMER:V14:SynchronousMachine:ELM_GEN 9:SM","ELM_GEN 9","PALOUSE:ELMER:V14:Junction:6860","PALOUSE:ELMER:V14:SynchronousMachine:ELM_GEN 9","PALOUSE:ELMER:V14:BusBarSection:14KV GEN BUS 5"
"Gen ELM_GEN 10 PALOUSE:ELMER:V14:SynchronousMachine:ELM_GEN 10:SM","ELM_GEN 10","PALOUSE:ELMER:V14:Junction:6858","PALOUSE:ELMER:V14:SynchronousMachine:ELM_GEN 10","PALOUSE:ELMER:V14:BusBarSection:14KV GEN BUS 5"
"Gen BREM GEN PUGET:BREMERTON:V13.8:SynchronousMachine:BREM GEN:SM","BREM GEN","PUGET:BREMERTON:V13.8:Junction:7428","PUGET:BREMERTON:V13.8:SynchronousMachine:BREM GEN","PUGET:BREMERTON:V13.8:BusBarSection:GEN BUS"
"Gen RENT_G1_CC_CT PUGET:RENTON:V13.8:SynchronousMachine:RENT_G1_CC_CT:SM","RENT_G1_CC_CT","PUGET:RENTON:V13.8:Junction:7475","PUGET:RENTON:V13.8:SynchronousMachine:RENT_G1_CC_CT","PUGET:RENTON:V13.8:BusBarSection:WEST GEN BUS"
"Gen RENT_G2_CC_CT PUGET:RENTON:V13.8:SynchronousMachine:RENT_G2_CC_CT:SM","RENT_G2_CC_CT","PUGET:RENTON:V13.8:Junction:7477","PUGET:RENTON:V13.8:SynchronousMachine:RENT_G2_CC_CT","PUGET:RENTON:V13.8:BusBarSection:WEST GEN BUS"
"Gen RENT_G3_CC_S PUGET:RENTON:V13.8:SynchronousMachine:RENT_G3_CC_S:SM","RENT_G3_CC_S","PUGET:RENTON:V13.8:Junction:7473","PUGET:RENTON:V13.8:SynchronousMachine:RENT_G3_CC_S","PUGET:RENTON:V13.8:BusBarSection:WEST GEN BUS"
"Gen RENT_G4_CC_CT PUGET:RENTON:V13.8:SynchronousMachine:RENT_G4_CC_CT:SM","RENT_G4_CC_CT","PUGET:RENTON:V13.8:Junction:7474","PUGET:RENTON:V13.8:SynchronousMachine:RENT_G4_CC_CT","PUGET:RENTON:V13.8:BusBarSection:EAST GEN BUS"
"Gen RENT_G5_CC_CT PUGET:RENTON:V13.8:SynchronousMachine:RENT_G5_CC_CT:SM","RENT_G5_CC_CT","PUGET:RENTON:V13.8:Junction:7472","PUGET:RENTON:V13.8:SynchronousMachine:RENT_G5_CC_CT","PUGET:RENTON:V13.8:BusBarSection:EAST GEN BUS"
"Gen RENT_G6_CC_S PUGET:RENTON:V13.8:SynchronousMachine:RENT_G6_CC_S:SM","RENT_G6_CC_S","PUGET:RENTON:V13.8:Junction:7478","PUGET:RENTON:V13.8:SynchronousMachine:RENT_G6_CC_S","PUGET:RENTON:V13.8:BusBarSection:EAST GEN BUS"
"Gen WEN_GEN 1 PALOUSE:WENATCHEE:V14:SynchronousMachine:WEN_GEN 1:SM","WEN_GEN 1","PALOUSE:WENATCHEE:V14:Junction:7619","PALOUSE:WENATCHEE:V14:SynchronousMachine:WEN_GEN 1","PALOUSE:WENATCHEE:V14:Junction:7619"
"Gen WEN_GEN 2 PALOUSE:WENATCHEE:V14:SynchronousMachine:WEN_GEN 2:SM","WEN_GEN 2","PALOUSE:WENATCHEE:V14:Junction:7616","PALOUSE:WENATCHEE:V14:SynchronousMachine:WEN_GEN 2","PALOUSE:WENATCHEE:V14:Junction:7616"
"Gen WEN_GEN 3 PALOUSE:WENATCHEE:V14:SynchronousMachine:WEN_GEN 3:SM","WEN_GEN 3","PALOUSE:WENATCHEE:V14:Junction:7617","PALOUSE:WENATCHEE:V14:SynchronousMachine:WEN_GEN 3","PALOUSE:WENATCHEE:V14:Junction:7617"
"Gen WEN_GEN 4 PALOUSE:WENATCHEE:V14:SynchronousMachine:WEN_GEN 4:SM","WEN_GEN 4","PALOUSE:WENATCHEE:V14:Junction:7621","PALOUSE:WENATCHEE:V14:SynchronousMachine:WEN_GEN 4","PALOUSE:WENATCHEE:V14:Junction:7621"
"Gen WEN_GEN 5 PALOUSE:WENATCHEE:V14:SynchronousMachine:WEN_GEN 5:SM","WEN_GEN 5","PALOUSE:WENATCHEE:V14:Junction:7613","PALOUSE:WENATCHEE:V14:SynchronousMachine:WEN_GEN 5","PALOUSE:WENATCHEE:V14:Junction:7613"
"Gen WEN_GEN 6 PALOUSE:WENATCHEE:V14:SynchronousMachine:WEN_GEN 6:SM","WEN_GEN 6","PALOUSE:WENATCHEE:V14:BusBarSection:SS BUS 1","PALOUSE:WENATCHEE:V14:SynchronousMachine:WEN_GEN 6","PALOUSE:WENATCHEE:V14:BusBarSection:SS BUS 1"
"Gen WEN_GEN 7 PALOUSE:WENATCHEE:V14:SynchronousMachine:WEN_GEN 7:SM","WEN_GEN 7","PALOUSE:WENATCHEE:V14:BusBarSection:SS BUS 2","PALOUSE:WENATCHEE:V14:SynchronousMachine:WEN_GEN 7","PALOUSE:WENATCHEE:V14:BusBarSection:SS BUS 2"
"Gen WEN_GEN 8 PALOUSE:WENATCHEE:V14:SynchronousMachine:WEN_GEN 8:SM","WEN_GEN 8","PALOUSE:WENATCHEE:V14:Junction:7612","PALOUSE:WENATCHEE:V14:SynchronousMachine:WEN_GEN 8","PALOUSE:WENATCHEE:V14:Junction:7612"
"Gen WEN_GEN 9 PALOUSE:WENATCHEE:V14:SynchronousMachine:WEN_GEN 9:SM","WEN_GEN 9","PALOUSE:WENATCHEE:V14:Junction:7620","PALOUSE:WENATCHEE:V14:SynchronousMachine:WEN_GEN 9","PALOUSE:WENATCHEE:V14:Junction:7620"
"Gen WEN_GEN 10 PALOUSE:WENATCHEE:V14:SynchronousMachine:WEN_GEN 10:SM","WEN_GEN 10","PALOUSE:WENATCHEE:V14:Junction:7653","PALOUSE:WENATCHEE:V14:SynchronousMachine:WEN_GEN 10","PALOUSE:WENATCHEE:V14:Junction:7615"
"Gen POWH DIESEL PALOUSE:WENATCHEE:V4.18:SynchronousMachine:POWH DIESEL:SM","POWH DIESEL","PALOUSE:WENATCHEE:V4.18:Junction:7879","PALOUSE:WENATCHEE:V4.18:SynchronousMachine:POWH DIESEL","PALOUSE:WENATCHEE:V4.18:Junction:7879"
"Gen FEEDER 1 PALOUSE:ST JOHN:V24:SynchronousMachine:FEEDER 1:SM","FEEDER 1","PALOUSE:ST JOHN:V24:Junction:8810","PALOUSE:ST JOHN:V24:SynchronousMachine:FEEDER 1","PALOUSE:ST JOHN:V24:BusBarSection:24KV FDR BUS"
"Gen FEEDER 2 PALOUSE:ST JOHN:V24:SynchronousMachine:FEEDER 2:SM","FEEDER 2","PALOUSE:ST JOHN:V24:Junction:8812","PALOUSE:ST JOHN:V24:SynchronousMachine:FEEDER 2","PALOUSE:ST JOHN:V24:BusBarSection:24KV FDR BUS"
"Gen FEEDER 3 PALOUSE:ST JOHN:V24:SynchronousMachine:FEEDER 3:SM","FEEDER 3","PALOUSE:ST JOHN:V24:Junction:8800","PALOUSE:ST JOHN:V24:SynchronousMachine:FEEDER 3","PALOUSE:ST JOHN:V24:BusBarSection:24KV FDR BUS"
"Gen FEEDER 4 PALOUSE:ST JOHN:V24:SynchronousMachine:FEEDER 4:SM","FEEDER 4","PALOUSE:ST JOHN:V24:Junction:8813","PALOUSE:ST JOHN:V24:SynchronousMachine:FEEDER 4","PALOUSE:ST JOHN:V24:BusBarSection:24KV FDR BUS"
"Gen FEEDER 5 PALOUSE:ST JOHN:V24:SynchronousMachine:FEEDER 5:SM","FEEDER 5","PALOUSE:ST JOHN:V24:Junction:8808","PALOUSE:ST JOHN:V24:SynchronousMachine:FEEDER 5","PALOUSE:ST JOHN:V24:BusBarSection:24KV FDR BUS"
"Gen FEEDER 6 PALOUSE:ST JOHN:V24:SynchronousMachine:FEEDER 6:SM","FEEDER 6","PALOUSE:ST JOHN:V24:Junction:8814","PALOUSE:ST JOHN:V24:SynchronousMachine:FEEDER 6","PALOUSE:ST JOHN:V24:BusBarSection:24KV FDR BUS"
"Gen FEEDER 7 PALOUSE:ST JOHN:V24:SynchronousMachine:FEEDER 7:SM","FEEDER 7","PALOUSE:ST JOHN:V24:Junction:8811","PALOUSE:ST JOHN:V24:SynchronousMachine:FEEDER 7","PALOUSE:ST JOHN:V24:BusBarSection:24KV FDR BUS"
"Gen GEN 2-1 PALOUSE:VANTAGE:V24:SynchronousMachine:GEN 2-1:SM","GEN 2-1","PALOUSE:VANTAGE:V24:Junction:8860","PALOUSE:VANTAGE:V24:SynchronousMachine:GEN 2-1","PALOUSE:VANTAGE:V24:BusBarSection:24KV BUS"
"Gen GEN 2-2 PALOUSE:VANTAGE:V24:SynchronousMachine:GEN 2-2:SM","GEN 2-2","PALOUSE:VANTAGE:V24:Junction:8855","PALOUSE:VANTAGE:V24:SynchronousMachine:GEN 2-2","PALOUSE:VANTAGE:V24:BusBarSection:24KV BUS"
"Gen GEN 2-3 PALOUSE:VANTAGE:V24:SynchronousMachine:GEN 2-3:SM","GEN 2-3","PALOUSE:VANTAGE:V24:Junction:8862","PALOUSE:VANTAGE:V24:SynchronousMachine:GEN 2-3","PALOUSE:VANTAGE:V24:BusBarSection:24KV BUS"
"Gen GEN 2-4 PALOUSE:VANTAGE:V24:SynchronousMachine:GEN 2-4:SM","GEN 2-4","PALOUSE:VANTAGE:V24:Junction:8861","PALOUSE:VANTAGE:V24:SynchronousMachine:GEN 2-4","PALOUSE:VANTAGE:V24:BusBarSection:24KV BUS"
"Gen GEN 3-1 PALOUSE:VANTAGE:V33:SynchronousMachine:GEN 3-1:SM","GEN 3-1","PALOUSE:VANTAGE:V33:Junction:8868","PALOUSE:VANTAGE:V33:SynchronousMachine:GEN 3-1","PALOUSE:VANTAGE:V33:BusBarSection:33KV BUS"
"Gen GEN 3-2 PALOUSE:VANTAGE:V33:SynchronousMachine:GEN 3-2:SM","GEN 3-2","PALOUSE:VANTAGE:V33:Junction:8863","PALOUSE:VANTAGE:V33:SynchronousMachine:GEN 3-2","PALOUSE:VANTAGE:V33:BusBarSection:33KV BUS"
"Gen GEN 3-3 PALOUSE:VANTAGE:V33:SynchronousMachine:GEN 3-3:SM","GEN 3-3","PALOUSE:VANTAGE:V33:Junction:8867","PALOUSE:VANTAGE:V33:SynchronousMachine:GEN 3-3","PALOUSE:VANTAGE:V33:BusBarSection:33KV BUS"
"Gen GEN 3-4 PALOUSE:VANTAGE:V33:SynchronousMachine:GEN 3-4:SM","GEN 3-4","PALOUSE:VANTAGE:V33:Junction:8866","PALOUSE:VANTAGE:V33:SynchronousMachine:GEN 3-4","PALOUSE:VANTAGE:V33:BusBarSection:33KV BUS"
"Gen FDR 310 COLUMBIA:COYOTE RIDGE:V33:SynchronousMachine:FDR 310:SM","FDR 310","COLUMBIA:COYOTE RIDGE:V33:Junction:8671","COLUMBIA:COYOTE RIDGE:V33:SynchronousMachine:FDR 310","COLUMBIA:COYOTE RIDGE:V33:BusBarSection:33KV BUS"
"Gen FDR 320 COLUMBIA:COYOTE RIDGE:V33:SynchronousMachine:FDR 320:SM","FDR 320","COLUMBIA:COYOTE RIDGE:V33:Junction:8670","COLUMBIA:COYOTE RIDGE:V33:SynchronousMachine:FDR 320","COLUMBIA:COYOTE RIDGE:V33:BusBarSection:33KV BUS"
"Gen FDR 330 COLUMBIA:COYOTE RIDGE:V33:SynchronousMachine:FDR 330:SM","FDR 330","COLUMBIA:COYOTE RIDGE:V33:Junction:8674","COLUMBIA:COYOTE RIDGE:V33:SynchronousMachine:FDR 330","COLUMBIA:COYOTE RIDGE:V33:BusBarSection:33KV BUS"
"Gen FDR 340 COLUMBIA:COYOTE RIDGE:V33:SynchronousMachine:FDR 340:SM","FDR 340","COLUMBIA:COYOTE RIDGE:V33:Junction:8675","COLUMBIA:COYOTE RIDGE:V33:SynchronousMachine:FDR 340","COLUMBIA:COYOTE RIDGE:V33:BusBarSection:33KV BUS"
"Gen FDR 350 COLUMBIA:COYOTE RIDGE:V33:SynchronousMachine:FDR 350:SM","FDR 350","COLUMBIA:COYOTE RIDGE:V33:Junction:8667","COLUMBIA:COYOTE RIDGE:V33:SynchronousMachine:FDR 350","COLUMBIA:COYOTE RIDGE:V33:BusBarSection:33KV BUS"
"Gen FDR 210 COLUMBIA:COYOTE RIDGE:V21.6:SynchronousMachine:FDR 210:SM","FDR 210","COLUMBIA:COYOTE RIDGE:V21.6:Junction:8703","COLUMBIA:COYOTE RIDGE:V21.6:SynchronousMachine:FDR 210","COLUMBIA:COYOTE RIDGE:V21.6:BusBarSection:21.6KV BUS"
"Gen FDR 220 COLUMBIA:COYOTE RIDGE:V21.6:SynchronousMachine:FDR 220:SM","FDR 220","COLUMBIA:COYOTE RIDGE:V21.6:Junction:8717","COLUMBIA:COYOTE RIDGE:V21.6:SynchronousMachine:FDR 220","COLUMBIA:COYOTE RIDGE:V21.6:BusBarSection:21.6KV BUS"
"Gen FDR 230 COLUMBIA:COYOTE RIDGE:V21.6:SynchronousMachine:FDR 230:SM","FDR 230","COLUMBIA:COYOTE RIDGE:V21.6:Junction:8710","COLUMBIA:COYOTE RIDGE:V21.6:SynchronousMachine:FDR 230","COLUMBIA:COYOTE RIDGE:V21.6:BusBarSection:21.6KV BUS"
"Gen FDR 240 COLUMBIA:COYOTE RIDGE:V21.6:SynchronousMachine:FDR 240:SM","FDR 240","COLUMBIA:COYOTE RIDGE:V21.6:Junction:8705","COLUMBIA:COYOTE RIDGE:V21.6:SynchronousMachine:FDR 240","COLUMBIA:COYOTE RIDGE:V21.6:BusBarSection:21.6KV BUS"
"Gen FDR 250 COLUMBIA:COYOTE RIDGE:V21.6:SynchronousMachine:FDR 250:SM","FDR 250","COLUMBIA:COYOTE RIDGE:V21.6:Junction:8706","COLUMBIA:COYOTE RIDGE:V21.6:SynchronousMachine:FDR 250","COLUMBIA:COYOTE RIDGE:V21.6:BusBarSection:21.6KV BUS"
"Gen FDR 260 COLUMBIA:COYOTE RIDGE:V21.6:SynchronousMachine:FDR 260:SM","FDR 260","COLUMBIA:COYOTE RIDGE:V21.6:Junction:8709","COLUMBIA:COYOTE RIDGE:V21.6:SynchronousMachine:FDR 260","COLUMBIA:COYOTE RIDGE:V21.6:BusBarSection:21.6KV BUS"
"Gen FDR 120 COLUMBIA:WALLA WALLA:V21.6:SynchronousMachine:FDR 120:SM","FDR 120","COLUMBIA:WALLA WALLA:V21.6:Junction:8478","COLUMBIA:WALLA WALLA:V21.6:SynchronousMachine:FDR 120","COLUMBIA:WALLA WALLA:V21.6:BusBarSection:21.6KV BUS 1"
"Gen FDR 160 COLUMBIA:WALLA WALLA:V21.6:SynchronousMachine:FDR 160:SM","FDR 160","COLUMBIA:WALLA WALLA:V21.6:Junction:8477","COLUMBIA:WALLA WALLA:V21.6:SynchronousMachine:FDR 160","COLUMBIA:WALLA WALLA:V21.6:BusBarSection:21.6KV BUS 1"
"Gen FDR 170 COLUMBIA:WALLA WALLA:V21.6:SynchronousMachine:FDR 170:SM","FDR 170","COLUMBIA:WALLA WALLA:V21.6:Junction:8480","COLUMBIA:WALLA WALLA:V21.6:SynchronousMachine:FDR 170","COLUMBIA:WALLA WALLA:V21.6:BusBarSection:21.6KV BUS 1"
"Gen FDR 180 COLUMBIA:WALLA WALLA:V21.6:SynchronousMachine:FDR 180:SM","FDR 180","COLUMBIA:WALLA WALLA:V21.6:Junction:8473","COLUMBIA:WALLA WALLA:V21.6:SynchronousMachine:FDR 180","COLUMBIA:WALLA WALLA:V21.6:BusBarSection:21.6KV BUS 1"
"Gen FDR 250 COLUMBIA:WALLA WALLA:V21.6:SynchronousMachine:FDR 250:SM","FDR 250","COLUMBIA:WALLA WALLA:V21.6:Junction:8469","COLUMBIA:WALLA WALLA:V21.6:SynchronousMachine:FDR 250","COLUMBIA:WALLA WALLA:V21.6:BusBarSection:21.6KV BUS 2"
"Gen FDR 260 COLUMBIA:WALLA WALLA:V21.6:SynchronousMachine:FDR 260:SM","FDR 260","COLUMBIA:WALLA WALLA:V21.6:Junction:8487","COLUMBIA:WALLA WALLA:V21.6:SynchronousMachine:FDR 260","COLUMBIA:WALLA WALLA:V21.6:BusBarSection:21.6KV BUS 2"
"Gen FDR 270 COLUMBIA:WALLA WALLA:V21.6:SynchronousMachine:FDR 270:SM","FDR 270","COLUMBIA:WALLA WALLA:V21.6:Junction:8484","COLUMBIA:WALLA WALLA:V21.6:SynchronousMachine:FDR 270","COLUMBIA:WALLA WALLA:V21.6:BusBarSection:21.6KV BUS 2"
"Gen FDR 280 COLUMBIA:WALLA WALLA:V21.6:SynchronousMachine:FDR 280:SM","FDR 280","COLUMBIA:WALLA WALLA:V21.6:Junction:8470","COLUMBIA:WALLA WALLA:V21.6:SynchronousMachine:FDR 280","COLUMBIA:WALLA WALLA:V21.6:BusBarSection:21.6KV BUS 2"
"Gen FDR 330 COLUMBIA:WALLA WALLA:V33:SynchronousMachine:FDR 330:SM","FDR 330","COLUMBIA:WALLA WALLA:V33:Junction:8524","COLUMBIA:WALLA WALLA:V33:SynchronousMachine:FDR 330","COLUMBIA:WALLA WALLA:V33:BusBarSection:33KV BUS"
"Gen FDR 340 COLUMBIA:WALLA WALLA:V33:SynchronousMachine:FDR 340:SM","FDR 340","COLUMBIA:WALLA WALLA:V33:Junction:8532","COLUMBIA:WALLA WALLA:V33:SynchronousMachine:FDR 340","COLUMBIA:WALLA WALLA:V33:BusBarSection:33KV BUS"
"Gen FDR 350 COLUMBIA:WALLA WALLA:V33:SynchronousMachine:FDR 350:SM","FDR 350","COLUMBIA:WALLA WALLA:V33:Junction:8527","COLUMBIA:WALLA WALLA:V33:SynchronousMachine:FDR 350","COLUMBIA:WALLA WALLA:V33:BusBarSection:33KV BUS"
"Gen FDR 360 COLUMBIA:WALLA WALLA:V33:SynchronousMachine:FDR 360:SM","FDR 360","COLUMBIA:WALLA WALLA:V33:Junction:8526","COLUMBIA:WALLA WALLA:V33:SynchronousMachine:FDR 360","COLUMBIA:WALLA WALLA:V33:BusBarSection:33KV BUS"
"Gen FDR 370 COLUMBIA:WALLA WALLA:V33:SynchronousMachine:FDR 370:SM","FDR 370","COLUMBIA:WALLA WALLA:V33:Junction:8525","COLUMBIA:WALLA WALLA:V33:SynchronousMachine:FDR 370","COLUMBIA:WALLA WALLA:V33:BusBarSection:33KV BUS"
