"ID","Name","WindingCount"
"PUGET:EVERETT:Transformer:EVETR 30","EVETR 30",2
"PUGET:EVERETT:Transformer:EVETR 35","EVETR 35",2
"PUGET:TACOMA:Transformer:TAC TR 39","TAC TR 39",2
"PUGET:TACOMA:Transformer:TAC TR 41","TAC TR 41",2
"PUGET:CHEHALIS:Transformer:CHETR 45","CHETR 45",2
"PUGET:CHEHALIS:Transformer:CHETR 48","CHETR 48",2
"PUGET:AIRPORT:Transformer:AIRTR 57","AIRTR 57",2
"PUGET:LONGVIEW:Transformer:LONGTR 59","LONGTR 59",2
"PUGET:PORT ANGELES:Transformer:PT A TR 63","PT A TR 63",2
"PUGET:REDMOND:Transformer:REDTR 70","REDTR 70",2
"PUGET:BELLEVUE:Transformer:BELLVTR 74","BELLVTR 74",2
"PUGET:MT VERNON:Transformer:MT VTR","MT VTR",2
"PALOUSE:ELLENSBURG:Transformer:G1","G1",2
"PALOUSE:ELLENSBURG:Transformer:G2","G2",2
"PALOUSE:ELLENSBURG:Transformer:G3","G3",2
"PALOUSE:ELLENSBURG:Transformer:G4","G4",2
"PALOUSE:ELLENSBURG:Transformer:T1","T1",2
"PALOUSE:ELLENSBURG:Transformer:T2","T2",2
"PALOUSE:CHENEY:Transformer:G_1_2","G_1_2",2
"PALOUSE:CHENEY:Transformer:G_2_4","G_2_4",2
"PALOUSE:CHENEY:Transformer:SS1","SS1",2
"PALOUSE:CHENEY:Transformer:SS2","SS2",2
"PALOUSE:CHENEY:Transformer:T1","T1",2
"PALOUSE:CHENEY:Transformer:T2","T2",2
"COLUMBIA:FINLEY:Transformer:T_1","T_1",2
"COLUMBIA:FINLEY:Transformer:T_2","T_2",2
"COLUMBIA:FINLEY:Transformer:T_3","T_3",2
"COLUMBIA:FINLEY:Transformer:T_4","T_4",2
"COLUMBIA:YAKIMA:Transformer:ETR1","ETR1",2
"COLUMBIA:YAKIMA:Transformer:WTR1","WTR1",2
"COLUMBIA:YAKIMA:Transformer:WTR2","WTR2",2
"COLUMBIA:YAKIMA:Transformer:ETR2","ETR2",2
"COLUMBIA:YAKIMA:Transformer:TR3","TR3",2
"COLUMBIA:FINLEY:Transformer:TR 1","TR 1",2
"COLUMBIA:SUNNYSIDE:Transformer:TR 2","TR 2",2
"COLUMBIA:SUNNYSIDE:Transformer:TR 1","TR 1",2
"COLUMBIA:FINLEY:Transformer:TR 2","TR 2",2
"COLUMBIA:GRANDVIEW:Transformer:TR15","TR15",2
"COLUMBIA:PROSSER:Transformer:TR-14","TR-14",2
"COLUMBIA:BENTON:Transformer:TR-13","TR-13",2
"COLUMBIA:RICHLAND:Transformer:TR-12","TR-12",2
"COLUMBIA:KENNEWICK:Transformer:TR-11","TR-11",2
"COLUMBIA:PASCO:Transformer:TR-10","TR-10",2
"PALOUSE:QUINCY:Transformer:TR1","TR1",2
"PALOUSE:QUINCY:Transformer:TR2","TR2",2
"PALOUSE:ELLENSBURG:Transformer:T3","T3",2
"PALOUSE:EPHRATA:Transformer:TR2","TR2",2
"PALOUSE:EPHRATA:Transformer:TR3","TR3",2
"PALOUSE:CHENEY:Transformer:T3","T3",2
"PALOUSE:GLOYD:Transformer:TR1","TR1",2
"PALOUSE:GLOYD:Transformer:TR2","TR2",2
"PALOUSE:GLOYD:Transformer:TR3","TR3",2
"PUGET:SATSOP:Transformer:SAT GEN W","SAT GEN W",2
"PUGET:SATSOP:Transformer:SAT GEN E","SAT GEN E",2
"PUGET:SATSOP:Transformer:SAT 500_230","SAT 500_230",2
"PUGET:SATSOP:Transformer:SAT 230_24","SAT 230_24",2
"PUGET:SATSOP:Transformer:SS TR 1","SS TR 1",2
"PUGET:SATSOP:Transformer:SS TR 2","SS TR 2",2
"PALOUSE:SPOKANE:Transformer:TR3","TR3",2
"PALOUSE:SPOKANE:Transformer:TR2","TR2",2
"PALOUSE:SPOKANE:Transformer:TR1","TR1",2
"PALOUSE:WENATCHEE:Transformer:WEN 500-230 TR1","WEN 500-230 TR1",2
"COLUMBIA:WALLA WALLA:Transformer:WAL 500-230","WAL 500-230",2
"PALOUSE:VALLEY:Transformer:TR3","TR3",2
"PALOUSE:VALLEY:Transformer:TR2","TR2",2
"PALOUSE:VALLEY:Transformer:TR1","TR1",2
"PALOUSE:CHENEY:Transformer:T4","T4",2
"COLUMBIA:FINLEY:Transformer:T_5","T_5",2
"COLUMBIA:YAKIMA:Transformer:T_500","T_500",2
"PALOUSE:ROCKFORD:Transformer:50-23 TR1","50-23 TR1",2
"PALOUSE:ROCKFORD:Transformer:TR3","TR3",2
"PALOUSE:ROCKFORD:Transformer:TR4","TR4",2
"PALOUSE:WHEELER:Transformer:TR1","TR1",2
"PALOUSE:WHEELER:Transformer:TR2","TR2",2
"PALOUSE:VANTAGE:Transformer:TR1","TR1",2
"PUGET:EVERETT:Transformer:EVETR 500","EVETR 500",2
"PALOUSE:ROCKFORD:Transformer:50-23 TR2","50-23 TR2",2
"PALOUSE:ELMER:Transformer:TR12","TR12",2
"PALOUSE:ELMER:Transformer:TR34","TR34",2
"PALOUSE:ELMER:Transformer:TR56","TR56",2
"PALOUSE:ELMER:Transformer:TR78","TR78",2
"PALOUSE:ELMER:Transformer:TR90","TR90",2
"PALOUSE:ELMER:Transformer:500_230 TR1","500_230 TR1",2
"PALOUSE:ELMER:Transformer:500_230 TR2","500_230 TR2",2
"PUGET:BREMERTON:Transformer:TR1","TR1",2
"PUGET:RENTON:Transformer:W GEN TR","W GEN TR",2
"PUGET:RENTON:Transformer:E GEN TR","E GEN TR",2
"PALOUSE:WENATCHEE:Transformer:WEN 500-230 TR2","WEN 500-230 TR2",2
"PALOUSE:WENATCHEE:Transformer:TR1A","TR1A",2
"PALOUSE:WENATCHEE:Transformer:TR1B","TR1B",2
"PALOUSE:WENATCHEE:Transformer:TR1C","TR1C",2
"PALOUSE:WENATCHEE:Transformer:TR2B","TR2B",2
"PALOUSE:WENATCHEE:Transformer:TR2C","TR2C",2
"PALOUSE:WENATCHEE:Transformer:TR2A","TR2A",2
"PALOUSE:WENATCHEE:Transformer:TR3A","TR3A",2
"PALOUSE:WENATCHEE:Transformer:TR3B","TR3B",2
"PALOUSE:WENATCHEE:Transformer:TR3C","TR3C",2
"PALOUSE:WENATCHEE:Transformer:TR4A","TR4A",2
"PALOUSE:WENATCHEE:Transformer:TR4B","TR4B",2
"PALOUSE:WENATCHEE:Transformer:TR4C","TR4C",2
"PALOUSE:WENATCHEE:Transformer:TR5A","TR5A",2
"PALOUSE:WENATCHEE:Transformer:TR5B","TR5B",2
"PALOUSE:WENATCHEE:Transformer:TR5C","TR5C",2
"PALOUSE:WENATCHEE:Transformer:TR110","TR110",2
"PALOUSE:WENATCHEE:Transformer:TR120","TR120",2
"PALOUSE:WENATCHEE:Transformer:TR210","TR210",2
"PALOUSE:WENATCHEE:Transformer:TR220","TR220",2
"PALOUSE:WENATCHEE:Transformer:TR310","TR310",2
"PALOUSE:WENATCHEE:Transformer:TR320","TR320",2
"PALOUSE:WENATCHEE:Transformer:TR410","TR410",2
"PALOUSE:WENATCHEE:Transformer:TR420","TR420",2
"PUGET:AUBURN:Transformer:AUB 500-230 TR1","AUB 500-230 TR1",2
"PUGET:AUBURN:Transformer:AUB 500-230 TR2","AUB 500-230 TR2",2
"PUGET:TACOMA:Transformer:TAC TR2","TAC TR2",2
"PUGET:VANCOUVER:Transformer:VANC T1","VANC T1",2
"PALOUSE:LIBERTY:Transformer:DIESEL T1","DIESEL T1",2
"PALOUSE:LIBERTY:Transformer:LIB TR1","LIB TR1",2
"PALOUSE:LIBERTY:Transformer:LIB TR2","LIB TR2",2
"COLUMBIA:WALLA WALLA:Transformer:TR_1","TR_1",2
"COLUMBIA:WALLA WALLA:Transformer:TR_2","TR_2",2
"COLUMBIA:WALLA WALLA:Transformer:TR_3","TR_3",2
"COLUMBIA:PULLMAN:Transformer:TR_1","TR_1",2
"COLUMBIA:COYOTE RIDGE:Transformer:TR1","TR1",2
"COLUMBIA:COYOTE RIDGE:Transformer:TR2","TR2",2
"PALOUSE:ST JOHN:Transformer:TR1","TR1",2
"PALOUSE:VANTAGE:Transformer:TR2","TR2",2
"PALOUSE:VANTAGE:Transformer:TR3","TR3",2
