ID,MW,InService
"gen-1-1",15.800,true
"gen-1-10",15.800,true
"gen-1-11",76.000,true
"gen-1-12",76.000,true
"gen-2-1",15.800,true
"gen-2-2",15.800,true
"gen-2-3",76.000,true
"gen-2-4",76.000,true
"gen-7-1",92.885,true
"gen-7-2",92.885,true
"gen-7-3",92.885,true
"gen-13-1",156.396,true
"gen-13-2",156.396,true
"gen-13-3",156.396,true
"gen-14-1",0.000,true
"gen-15-1",2.400,true
"gen-15-2",2.400,true
"gen-15-3",2.400,true
"gen-15-4",2.400,true
"gen-15-5",2.400,true
"gen-15-6",54.250,true
"gen-16-1",54.250,true
"gen-18-1",313.392,true
"gen-21-1",400.000,true
"gen-22-1",50.000,true
"gen-22-2",50.000,true
"gen-22-3",50.000,true
"gen-22-4",50.000,true
"gen-22-5",50.000,true
"gen-22-6",50.000,true
"gen-23-1",155.000,true
"gen-23-2",155.000,true
"gen-23-3",350.000,true
