ID,AVRMode,KVSetPoint,MVArSetpoint,MVAr,InService
"sm-1-1",true,144.9,,2.786,true
"sm-1-10",true,144.9,,2.786,true
"sm-1-11",true,144.9,,13.401,true
"sm-1-12",true,144.9,,13.401,true
"sm-2-1",true,144.9,,0.000,true
"sm-2-2",true,144.9,,0.000,true
"sm-2-3",true,144.9,,-3.886,true
"sm-2-4",true,144.9,,-3.886,true
"sm-7-1",true,144.9,,19.445,true
"sm-7-2",true,144.9,,19.445,true
"sm-7-3",true,144.9,,19.445,true
"sm-13-1",true,237.8936,,63.500,true
"sm-13-2",true,237.8936,,63.500,true
"sm-13-3",true,237.8936,,63.500,true
"sm-14-1",true,219.4292,,-50.000,true
"sm-15-1",true,224.3811,,3.450,true
"sm-15-2",true,224.3811,,3.450,true
"sm-15-3",true,224.3811,,3.450,true
"sm-15-4",true,224.3811,,3.450,true
"sm-15-5",true,224.3811,,3.450,true
"sm-15-6",true,224.3811,,77.987,true
"sm-16-1",true,223.3852,,-50.000,true
"sm-18-1",true,223.49559,,-50.000,true
"sm-21-1",true,227.3113,,158.751,true
"sm-22-1",true,223.261,,-10.000,true
"sm-22-2",true,223.261,,-10.000,true
"sm-22-3",true,223.261,,-10.000,true
"sm-22-4",true,223.261,,-10.000,true
"sm-22-5",true,223.261,,-10.000,true
"sm-22-6",true,223.261,,-10.000,true
"sm-23-1",true,241.49998,,44.366,true
"sm-23-2",true,241.49998,,44.366,true
"sm-23-3",true,241.49998,,100.181,true
