"ID","Name","Node1","Node2","R","X","Bch","NormalOperatingLimit"
"COLUMBIA:TransmissionLine:FIN_YAK 230","FIN_YAK 230","COLUMBIA:FINLEY:V230:Junction:2592","COLUMBIA:YAKIMA:V230:Junction:3678",0.0103,0.1016,0.198,560.1106
"COLUMBIA:TransmissionLine:SUNNY_YAK 1","SUNNY_YAK 1","COLUMBIA:YAKIMA:V115:Junction:7423","COLUMBIA:SUNNYSIDE:V115:Junction:3983",0.0521,0.1908,0.0246,159.94623
"COLUMBIA:TransmissionLine:SUNNY_YAK 2","SUNNY_YAK 2","COLUMBIA:YAKIMA:V115:Junction:3715","COLUMBIA:SUNNYSIDE:V115:Junction:3978",0.0521,0.1908,0.0246,159.94623
"COLUMBIA:TransmissionLine:FIN_PASCO 1","FIN_PASCO 1","COLUMBIA:FINLEY:V115:Junction:5316","COLUMBIA:PASCO TAP:V115:Junction:4173",0.0134,0.0491,0.0064,159.94623
"COLUMBIA:TransmissionLine:FIN_PASCO 2","FIN_PASCO 2","COLUMBIA:FINLEY:V115:Junction:5317","COLUMBIA:PASCO TAP:V115:Junction:4172",0.0134,0.0491,0.0064,159.94623
"COLUMBIA:TransmissionLine:KEN_PASCO 1","KEN_PASCO 1","COLUMBIA:PASCO TAP:V115:Junction:4173","COLUMBIA:KENNEWICK TAP:V115:Junction:4192",0.0119,0.0436,0.0056,159.94623
"COLUMBIA:TransmissionLine:KEN_PASCO  2","KEN_PASCO  2","COLUMBIA:PASCO TAP:V115:Junction:4172","COLUMBIA:KENNEWICK TAP:V115:Junction:4194",0.0119,0.0436,0.0056,159.94623
"COLUMBIA:TransmissionLine:PASCO LOAD","PASCO LOAD","COLUMBIA:PASCO TAP:V115:Junction:4171","COLUMBIA:PASCO:V115:Junction:4530",0.002,0.01,0.0018,99.59292
"COLUMBIA:TransmissionLine:KENNEWICK LOAD","KENNEWICK LOAD","COLUMBIA:KENNEWICK TAP:V115:Junction:4195","COLUMBIA:KENNEWICK:V115:Junction:4508",0.0089,0.0327,0.0042,159.94623
"COLUMBIA:TransmissionLine:KEN_RICH 2","KEN_RICH 2","COLUMBIA:KENNEWICK TAP:V115:Junction:4201","COLUMBIA:RICHLAND TAP:V115:Junction:4220",0.0089,0.0327,0.0042,159.94623
"COLUMBIA:TransmissionLine:KEN_RICH 1","KEN_RICH 1","COLUMBIA:KENNEWICK TAP:V115:Junction:4193","COLUMBIA:RICHLAND TAP:V115:Junction:4219",0.0089,0.0327,0.0042,159.94623
"COLUMBIA:TransmissionLine:RICH_BENTON 1","RICH_BENTON 1","COLUMBIA:RICHLAND TAP:V115:Junction:4219","COLUMBIA:BENTON TAP:V115:Junction:4232",0.0104,0.0382,0.005,159.94623
"COLUMBIA:TransmissionLine:RICH_BENTON 2","RICH_BENTON 2","COLUMBIA:RICHLAND TAP:V115:Junction:4220","COLUMBIA:BENTON TAP:V115:Junction:4231",0.0104,0.0382,0.005,159.94623
"COLUMBIA:TransmissionLine:RICHLAND LOAD","RICHLAND LOAD","COLUMBIA:RICHLAND TAP:V115:Junction:4221","COLUMBIA:RICHLAND:V115:Junction:4469",0.002,0.01,0.0326,99.59292
"COLUMBIA:TransmissionLine:BENTON_PROSSER 1","BENTON_PROSSER 1","COLUMBIA:BENTON TAP:V115:Junction:4232","COLUMBIA:PROSSER TAP:V115:Junction:4258",0.0089,0.0327,0.0042,159.94623
"COLUMBIA:TransmissionLine:BENTON_PROSSER 2","BENTON_PROSSER 2","COLUMBIA:BENTON TAP:V115:Junction:4231","COLUMBIA:PROSSER TAP:V115:Junction:4257",0.0089,0.0327,0.0042,159.94623
"COLUMBIA:TransmissionLine:BENTON LOAD","BENTON LOAD","COLUMBIA:BENTON TAP:V115:Junction:4230","COLUMBIA:BENTON:V115:Junction:4435",0.0104,0.0382,0.005,159.94623
"COLUMBIA:TransmissionLine:PROSSER LOAD","PROSSER LOAD","COLUMBIA:PROSSER TAP:V115:Junction:4259","COLUMBIA:PROSSER:V115:Junction:4394",0.002,0.01,0.02,99.59292
"COLUMBIA:TransmissionLine:GRAND_PROSSER 1","GRAND_PROSSER 1","COLUMBIA:PROSSER TAP:V115:Junction:4256","COLUMBIA:GRANDVIEW TAP:V115:Junction:4275",0.0089,0.0327,0.0042,159.94623
"COLUMBIA:TransmissionLine:GRAND_PROSSER 2","GRAND_PROSSER 2","COLUMBIA:PROSSER TAP:V115:Junction:4255","COLUMBIA:GRANDVIEW TAP:V115:Junction:4277",0.0089,0.0327,0.0042,159.94623
"COLUMBIA:TransmissionLine:GRANDVIEW LOAD","GRANDVIEW LOAD","COLUMBIA:GRANDVIEW TAP:V115:Junction:4276","COLUMBIA:GRANDVIEW:V115:Junction:4321",0.0089,0.0327,0.0042,159.94623
"COLUMBIA:TransmissionLine:SUNNY_FIN 1","SUNNY_FIN 1","COLUMBIA:GRANDVIEW TAP:V115:Junction:4275","COLUMBIA:SUNNYSIDE:V115:Junction:3975",0.0149,0.0545,0.007,159.94623
"COLUMBIA:TransmissionLine:SUNNY_FIN 2","SUNNY_FIN 2","COLUMBIA:GRANDVIEW TAP:V115:Junction:4277","COLUMBIA:SUNNYSIDE:V115:Junction:3981",0.0149,0.0545,0.007,159.94623
"COLUMBIA:TransmissionLine:ELLENS_WHEELER 2-A","ELLENS_WHEELER 2-A","PALOUSE:ELLENSBURG:V115:BusBarSection:1","PALOUSE:QUINCY:V115:BusBarSection:2",0.0566,0.2071,0.0266,159.94623
"COLUMBIA:TransmissionLine:VAN_WHEELER 1-B","VAN_WHEELER 1-B","PALOUSE:QUINCY:V115:BusBarSection:1","PALOUSE:EPHRATA:V115:BusBarSection:1",0.0179,0.0654,0.0084,159.94623
"COLUMBIA:TransmissionLine:FIN_WALLA 230","FIN_WALLA 230","COLUMBIA:WALLA WALLA:V230:Junction:8412","COLUMBIA:FINLEY:V230:Junction:2594",0.0055,0.0542,0.1056,560.1106
"PALOUSE:TransmissionLine:CHEN_ROCK_1-C","CHEN_ROCK_1-C","PALOUSE:ROCKFORD:V115:BusBarSection:1-C","PALOUSE:VALLEY:V115:BusBarSection:230-1",0.0179,0.0654,0.0084,159.94623
"PALOUSE:TransmissionLine:CHEN_ROCK_2-C","CHEN_ROCK_2-C","PALOUSE:ROCKFORD:V115:BusBarSection:2-C","PALOUSE:VALLEY:V115:BusBarSection:230-3",0.0179,0.0654,0.0084,159.94623
"PALOUSE:TransmissionLine:CHEN_ROCK 230","CHEN_ROCK 230","PALOUSE:ROCKFORD:V230:Junction:6152","PALOUSE:CHENEY:V230:Junction:2401",0.0021,0.0203,0.0396,560.1106
"PALOUSE:TransmissionLine:CHEN_ROCK_1-B","CHEN_ROCK_1-B","PALOUSE:VALLEY:V115:BusBarSection:230-1","PALOUSE:SPOKANE:V115:BusBarSection:3",0.0119,0.0436,0.0056,159.94623
"PALOUSE:TransmissionLine:CHEN_ROCK_2-B","CHEN_ROCK_2-B","PALOUSE:VALLEY:V115:BusBarSection:230-3","PALOUSE:SPOKANE:V115:BusBarSection:1",0.0119,0.0436,0.0056,159.94623
"PALOUSE:TransmissionLine:CHEN_ROCK_1-A","CHEN_ROCK_1-A","PALOUSE:CHENEY:V115:BusBarSection:1-A","PALOUSE:SPOKANE:V115:BusBarSection:3",0.0298,0.109,0.014,159.94623
"PALOUSE:TransmissionLine:CHEN_ROCK_2-A","CHEN_ROCK_2-A","PALOUSE:CHENEY:V115:BusBarSection:2-A","PALOUSE:SPOKANE:V115:BusBarSection:1",0.0298,0.109,0.014,159.94623
"PALOUSE:TransmissionLine:WEN_ELMER 500","WEN_ELMER 500","PALOUSE:WENATCHEE:V500:Junction:5493","PALOUSE:ELMER:V500:Junction:6299",0.0011,0.015,1.41,2099.6353
"COLUMBIA:TransmissionLine:PULL_WALLA 500","PULL_WALLA 500","COLUMBIA:PULLMAN:V500:Junction:5982","COLUMBIA:WALLA WALLA:V500:Junction:5729",0.001,0.0134,1.2596,2099.6353
"COLUMBIA:TransmissionLine:PULL_ROCK 500","PULL_ROCK 500","COLUMBIA:PULLMAN:V500:Junction:5986","PALOUSE:ROCKFORD:V500:Junction:6765",8.0E-4,0.0104,0.9776,2099.6353
"PALOUSE:TransmissionLine:ELM_ROCK 500","ELM_ROCK 500","PALOUSE:ELMER:V500:Junction:6296","PALOUSE:ROCKFORD:V500:Junction:6132",0.0013,0.018,1.692,2099.6353
"COLUMBIA:TransmissionLine:FIN_WALLA 500","FIN_WALLA 500","COLUMBIA:WALLA WALLA:V500:Junction:5728","COLUMBIA:FINLEY:V500:Junction:6347",6.0E-4,0.008,0.752,2099.6353
"COLUMBIA:TransmissionLine:FIN_YAK 500","FIN_YAK 500","COLUMBIA:YAKIMA:V500:Junction:6802","COLUMBIA:FINLEY:V500:Junction:6344",0.0011,0.015,1.41,2099.6353
"PALOUSE:TransmissionLine:CHEN_WHEELER 230","CHEN_WHEELER 230","PALOUSE:CHENEY:V230:Junction:2412","PALOUSE:WHEELER:V230:Junction:6209",0.011,0.1084,0.2114,560.1106
"PALOUSE:TransmissionLine:ELLENS_VANT","ELLENS_VANT","PALOUSE:ELLENSBURG:V230:Junction:2261","PALOUSE:VANTAGE:V230:Junction:6254",0.003,0.0298,0.0582,560.1106
"PALOUSE:TransmissionLine:VAN_WHEELER 1-A","VAN_WHEELER 1-A","PALOUSE:VANTAGE:V115:BusBarSection:1","PALOUSE:QUINCY:V115:BusBarSection:1",0.0268,0.0981,0.0126,159.94623
"PALOUSE:TransmissionLine:ELLENS_WHEELER 2-B","ELLENS_WHEELER 2-B","PALOUSE:QUINCY:V115:BusBarSection:2","PALOUSE:EPHRATA:V115:BusBarSection:2",0.0179,0.0654,0.0084,159.94623
"PALOUSE:TransmissionLine:ELLENS_WHEELER 2-C","ELLENS_WHEELER 2-C","PALOUSE:EPHRATA:V115:BusBarSection:2","PALOUSE:GLOYD:V115:BusBarSection:2",0.0179,0.0654,0.0084,159.94623
"PALOUSE:TransmissionLine:VAN_WHEELER 1-D","VAN_WHEELER 1-D","PALOUSE:GLOYD:V115:BusBarSection:1","PALOUSE:WHEELER:V115:BusBarSection:1",0.0134,0.0491,0.0064,159.94623
"PALOUSE:TransmissionLine:VAN_WHEELER 1-C","VAN_WHEELER 1-C","PALOUSE:EPHRATA:V115:BusBarSection:1","PALOUSE:GLOYD:V115:BusBarSection:1",0.0179,0.0654,0.0084,159.94623
"PUGET:TransmissionLine:BELL_VERN 1","BELL_VERN 1","PUGET:MT VERNON:V230:Junction:2652","PUGET:BELLINGHAM:V230:Junction:2855",0.0041,0.0407,0.0792,599.94775
"PUGET:TransmissionLine:BELL_VERN 2","BELL_VERN 2","PUGET:MT VERNON:V230:Junction:2648","PUGET:BELLINGHAM:V230:Junction:2858",0.0041,0.0407,0.0792,599.94775
"PUGET:TransmissionLine:VERN_MARYS 1","VERN_MARYS 1","PUGET:MT VERNON:V230:Junction:2646","PUGET:MARYSVILLE:V230:Junction:1871",0.0041,0.0407,0.0792,599.94775
"PUGET:TransmissionLine:VERN_MARYS 2","VERN_MARYS 2","PUGET:MT VERNON:V230:Junction:2650","PUGET:MARYSVILLE:V230:Junction:4",0.0041,0.0407,0.0792,799.93036
"PUGET:TransmissionLine:MARYS_EVERETT 2","MARYS_EVERETT 2","PUGET:EVERETT:V230:Junction:10","PUGET:MARYSVILLE:V230:Junction:1899",7.0E-4,0.0068,0.0132,599.94775
"PUGET:TransmissionLine:MARYS_EVERETT 1","MARYS_EVERETT 1","PUGET:EVERETT:V230:Junction:6","PUGET:MARYSVILLE:V230:Junction:3",7.0E-4,0.0068,0.0132,599.94775
"PUGET:TransmissionLine:EVERETT_LYNN 1","EVERETT_LYNN 1","PUGET:EVERETT:V230:Junction:12","PUGET:LYNNWOOD:V230:Junction:7056",0.0014,0.0136,0.0264,599.94775
"PUGET:TransmissionLine:EVERETT_LYNN 2","EVERETT_LYNN 2","PUGET:EVERETT:V230:Junction:11","PUGET:LYNNWOOD:V230:Junction:7058",0.0014,0.0136,0.0264,599.94775
"PUGET:TransmissionLine:EVERETT_LYNN 3","EVERETT_LYNN 3","PUGET:EVERETT:V230:Junction:8","PUGET:LYNNWOOD:V230:Junction:7075",0.0014,0.0136,0.0264,599.94775
"PUGET:TransmissionLine:EVERETT_LYNN 4","EVERETT_LYNN 4","PUGET:EVERETT:V230:Junction:7","PUGET:LYNNWOOD:V230:Junction:7104",0.0014,0.0136,0.0264,599.94775
"PALOUSE:TransmissionLine:WEN_EVERETT 500","WEN_EVERETT 500","PUGET:EVERETT:V500:Junction:6422","PALOUSE:WENATCHEE:V500:Junction:5485",0.0011,0.0156,1.4664,3149.9077
"PUGET:TransmissionLine:RED_BELLE 1","RED_BELLE 1","PUGET:REDMOND:V230:Junction:4","PUGET:BELLEVUE:V230:Junction:3557",0.0011,0.0108,0.0212,599.94775
"PUGET:TransmissionLine:RED_BELLE 2","RED_BELLE 2","PUGET:REDMOND:V230:Junction:7","PUGET:BELLEVUE:V230:Junction:3567",0.0011,0.0108,0.0212,599.94775
"PUGET:TransmissionLine:RED_BELLE 3","RED_BELLE 3","PUGET:REDMOND:V230:Junction:9","PUGET:BELLEVUE:V230:Junction:3562",0.0011,0.0108,0.0212,599.94775
"PUGET:TransmissionLine:LYNN_RED 3","LYNN_RED 3","PUGET:REDMOND:V230:Junction:5","PUGET:LYNNWOOD:V230:Junction:7114",0.0017,0.0163,0.0316,599.94775
"PUGET:TransmissionLine:LYNN_RED 2","LYNN_RED 2","PUGET:REDMOND:V230:Junction:11","PUGET:LYNNWOOD:V230:Junction:7082",0.0017,0.0163,0.0316,599.94775
"PUGET:TransmissionLine:LYNN_RED 1","LYNN_RED 1","PUGET:REDMOND:V230:Junction:6","PUGET:LYNNWOOD:V230:Junction:7059",0.0017,0.0163,0.0316,599.94775
"PALOUSE:TransmissionLine:ELLENS_RED 230","ELLENS_RED 230","PALOUSE:ELLENSBURG:V230:Junction:2264","PUGET:REDMOND:V230:Junction:10",0.012,0.1179,0.2298,599.94775
"PALOUSE:TransmissionLine:ELLENS_RENTON 230","ELLENS_RENTON 230","PALOUSE:ELLENSBURG:V230:Junction:2253","PUGET:RENTON:V230:Junction:7187",0.0117,0.1152,0.2246,599.94775
"PUGET:TransmissionLine:BELLE_RENT 1","BELLE_RENT 1","PUGET:BELLEVUE:V230:Junction:3563","PUGET:RENTON:V230:Junction:7174",0.0017,0.0163,0.0316,599.94775
"PUGET:TransmissionLine:BELLE_RENT 2","BELLE_RENT 2","PUGET:BELLEVUE:V230:Junction:3548","PUGET:RENTON:V230:Junction:7175",0.0017,0.0163,0.0316,599.94775
"PUGET:TransmissionLine:BELLE_RENT 3","BELLE_RENT 3","PUGET:BELLEVUE:V230:Junction:3547","PUGET:RENTON:V230:Junction:7230",0.0017,0.0163,0.0316,599.94775
"PUGET:TransmissionLine:LYNN_SEA 1","LYNN_SEA 1","PUGET:LYNNWOOD:V230:Junction:7083","PUGET:SEATTLE:V230:Junction:6485",0.0021,0.0203,0.0396,599.94775
"PUGET:TransmissionLine:LYNN_SEA 2","LYNN_SEA 2","PUGET:LYNNWOOD:V230:Junction:7103","PUGET:SEATTLE:V230:Junction:4",0.0021,0.0203,0.0396,599.94775
"PUGET:TransmissionLine:LYNN_SEA 3","LYNN_SEA 3","PUGET:LYNNWOOD:V230:Junction:7115","PUGET:SEATTLE:V230:Junction:7",0.0021,0.0203,0.0396,599.94775
"PUGET:TransmissionLine:SEA_RENT 1","SEA_RENT 1","PUGET:SEATTLE:V230:Junction:2100","PUGET:RENTON:V230:Junction:7177",0.0014,0.0136,0.0264,599.94775
"PUGET:TransmissionLine:SEA_RENT 2","SEA_RENT 2","PUGET:SEATTLE:V230:Junction:5658","PUGET:RENTON:V230:Junction:7184",0.0014,0.0136,0.0264,599.94775
"PUGET:TransmissionLine:SEA_RENT 3","SEA_RENT 3","PUGET:SEATTLE:V230:Junction:6","PUGET:RENTON:V230:Junction:7222",0.0014,0.0136,0.0264,599.94775
"PUGET:TransmissionLine:RENT_AIR 1","RENT_AIR 1","PUGET:RENTON:V230:Junction:7178","PUGET:AIRPORT:V230:Junction:3377",6.0E-4,0.0054,0.0106,599.94775
"PUGET:TransmissionLine:RENT_AIR 2","RENT_AIR 2","PUGET:RENTON:V230:Junction:7176","PUGET:AIRPORT:V230:Junction:3394",6.0E-4,0.0054,0.0106,599.94775
"PUGET:TransmissionLine:RENT_AIR 3","RENT_AIR 3","PUGET:RENTON:V230:Junction:7209","PUGET:AIRPORT:V230:Junction:3374",6.0E-4,0.0054,0.0106,599.94775
"PUGET:TransmissionLine:RENT_AIR 4","RENT_AIR 4","PUGET:RENTON:V230:Junction:7236","PUGET:AIRPORT:V230:Junction:3382",6.0E-4,0.0054,0.0106,599.94775
"PUGET:TransmissionLine:AIR_FED 1","AIR_FED 1","PUGET:AIRPORT:V230:Junction:3375","PUGET:FEDERAL WAY:V230:Junction:7335",8.0E-4,0.0081,0.0158,599.94775
"PUGET:TransmissionLine:AIR_FED 2","AIR_FED 2","PUGET:AIRPORT:V230:Junction:3367","PUGET:FEDERAL WAY:V230:Junction:7337",8.0E-4,0.0081,0.0158,599.94775
"PUGET:TransmissionLine:AIR_FED 3","AIR_FED 3","PUGET:AIRPORT:V230:Junction:3389","PUGET:FEDERAL WAY:V230:Junction:7332",8.0E-4,0.0081,0.0158,599.94775
"PUGET:TransmissionLine:AIR_FED 4","AIR_FED 4","PUGET:AIRPORT:V230:Junction:3369","PUGET:FEDERAL WAY:V230:Junction:7354",8.0E-4,0.0081,0.0158,599.94775
"COLUMBIA:TransmissionLine:YAK_AUBURN 500","YAK_AUBURN 500","COLUMBIA:YAKIMA:V500:Junction:6805","PUGET:AUBURN:V500:Junction:6577",0.0011,0.015,1.41,2099.6353
"PUGET:TransmissionLine:SAT_AUB 1","SAT_AUB 1","PUGET:SATSOP:V500:Junction:5223","PUGET:AUBURN:V500:Junction:6585",9.0E-4,0.012,1.128,2099.6353
"PUGET:TransmissionLine:SAT_AUB 2","SAT_AUB 2","PUGET:SATSOP:V500:Junction:4928","PUGET:AUBURN:V500:Junction:6584",9.0E-4,0.012,1.128,2099.6353
"PUGET:TransmissionLine:FED_AUB 1","FED_AUB 1","PUGET:FEDERAL WAY:V230:Junction:7326","PUGET:AUBURN:V230:Junction:7",0.0014,0.0136,0.0264,799.93036
"PUGET:TransmissionLine:FED_AUB 2","FED_AUB 2","PUGET:FEDERAL WAY:V230:Junction:7324","PUGET:AUBURN:V230:Junction:8",0.0014,0.0136,0.0264,799.93036
"PUGET:TransmissionLine:FED_AUB 3","FED_AUB 3","PUGET:FEDERAL WAY:V230:Junction:7346","PUGET:AUBURN:V230:Junction:11",0.0014,0.0136,0.0264,799.93036
"PUGET:TransmissionLine:FED_AUB 4","FED_AUB 4","PUGET:FEDERAL WAY:V230:Junction:7327","PUGET:AUBURN:V230:Junction:6561",0.0014,0.0136,0.0264,799.93036
"PUGET:TransmissionLine:AUB_CHE 1","AUB_CHE 1","PUGET:AUBURN:V230:Junction:4","PUGET:CHEHALIS:V230:Junction:12",0.0066,0.065,0.1268,599.94775
"PUGET:TransmissionLine:AUB_CHE 2","AUB_CHE 2","PUGET:AUBURN:V230:Junction:9","PUGET:CHEHALIS:V230:Junction:7",0.0066,0.065,0.1268,599.94775
"PUGET:TransmissionLine:AUB_CHE 3","AUB_CHE 3","PUGET:AUBURN:V230:Junction:6602","PUGET:CHEHALIS:V230:Junction:9",0.0066,0.065,0.1268,599.94775
"PUGET:TransmissionLine:AUB_CHE 4","AUB_CHE 4","PUGET:AUBURN:V230:Junction:6605","PUGET:CHEHALIS:V230:Junction:4943",0.0066,0.065,0.1268,599.94775
"PUGET:TransmissionLine:CHE_LONG 1","CHE_LONG 1","PUGET:CHEHALIS:V230:Junction:6","PUGET:LONGVIEW:V230:Junction:3307",0.0055,0.0542,0.1056,599.94775
"PUGET:TransmissionLine:CHE_LONG 2","CHE_LONG 2","PUGET:CHEHALIS:V230:Junction:10","PUGET:LONGVIEW:V230:Junction:5781",0.0055,0.0542,0.1056,599.94775
"PUGET:TransmissionLine:LONG_VANC 1","LONG_VANC 1","PUGET:LONGVIEW:V230:Junction:3308","PUGET:VANCOUVER:V230:Junction:2829",0.0052,0.0515,0.1004,599.94775
"PUGET:TransmissionLine:LONG_VANC 2","LONG_VANC 2","PUGET:LONGVIEW:V230:Junction:3304","PUGET:VANCOUVER:V230:Junction:2834",0.0052,0.0515,0.1004,599.94775
"PUGET:TransmissionLine:TAC_OLY 1","TAC_OLY 1","PUGET:TACOMA:V230:Junction:8","PUGET:OLYMPIA:V230:Junction:5",0.0037,0.0366,0.0714,599.94775
"PUGET:TransmissionLine:TAC_OLY 2","TAC_OLY 2","PUGET:TACOMA:V230:Junction:3025","PUGET:OLYMPIA:V230:Junction:3448",0.0037,0.0366,0.0714,599.94775
"PUGET:TransmissionLine:TAC_FED 1","TAC_FED 1","PUGET:TACOMA:V230:Junction:3024","PUGET:FEDERAL WAY:V230:Junction:7348",0.0015,0.0149,0.029,599.94775
"PUGET:TransmissionLine:TAC_FED 2","TAC_FED 2","PUGET:TACOMA:V230:Junction:3603","PUGET:FEDERAL WAY:V230:Junction:7350",0.0015,0.0149,0.029,599.94775
"PUGET:TransmissionLine:TAC_FED 3","TAC_FED 3","PUGET:TACOMA:V230:Junction:6683","PUGET:FEDERAL WAY:V230:Junction:7333",0.0015,0.0149,0.029,599.94775
"PUGET:TransmissionLine:TAC_BREM 1","TAC_BREM 1","PUGET:TACOMA:V230:Junction:3033","PUGET:BREMERTON:V230:Junction:7399",0.0036,0.0352,0.0686,599.94775
"PUGET:TransmissionLine:TAC_BREM 2","TAC_BREM 2","PUGET:TACOMA:V230:Junction:6679","PUGET:BREMERTON:V230:Junction:7395",0.0036,0.0352,0.0686,599.94775
"PUGET:TransmissionLine:BREM_PT A 1","BREM_PT A 1","PUGET:BREMERTON:V230:Junction:7394","PUGET:PORT ANGELES:V230:Junction:2867",0.0069,0.0678,0.132,599.94775
"PUGET:TransmissionLine:BREM_PT A 2","BREM_PT A 2","PUGET:BREMERTON:V230:Junction:7402","PUGET:PORT ANGELES:V230:Junction:2878",0.0069,0.0678,0.132,599.94775
"PALOUSE:TransmissionLine:VAN_WHEELER 230","VAN_WHEELER 230","PALOUSE:VANTAGE:V230:Junction:6265","PALOUSE:WHEELER:V230:Junction:6202",0.0072,0.0705,0.1374,560.1106
"PALOUSE:TransmissionLine:LIB_ROCK 1","LIB_ROCK 1","PALOUSE:LIBERTY:V230:Junction:3165","PALOUSE:ROCKFORD:V230:Junction:6708",0.002,0.01,0.02,239.02301
"PALOUSE:TransmissionLine:LIB_ROCK 2","LIB_ROCK 2","PALOUSE:LIBERTY:V230:Junction:3161","PALOUSE:ROCKFORD:V230:Junction:6156",0.002,0.01,0.02,239.02301
"PALOUSE:TransmissionLine:LIB_ROCK 3","LIB_ROCK 3","PALOUSE:LIBERTY:V230:Junction:3160","PALOUSE:ROCKFORD:V230:Junction:6698",0.002,0.01,0.02,239.02301
"PALOUSE:TransmissionLine:LIB_ROCK 4","LIB_ROCK 4","PALOUSE:LIBERTY:V230:Junction:3171","PALOUSE:ROCKFORD:V230:Junction:6713",0.002,0.01,0.02,239.02301
"PALOUSE:TransmissionLine:ELLENS_WHEELER 2-D","ELLENS_WHEELER 2-D","PALOUSE:GLOYD:V115:BusBarSection:2","PALOUSE:WHEELER:V115:BusBarSection:2",0.0134,0.0491,0.0064,159.94623
"PALOUSE:TransmissionLine:WEN_ELLENS 230","WEN_ELLENS 230","PALOUSE:WENATCHEE:V230:Junction:8068","PALOUSE:ELLENSBURG:V230:Junction:8351",0.0069,0.0678,0.132,599.94775
"PALOUSE:TransmissionLine:ELM_WHEELER 230","ELM_WHEELER 230","PALOUSE:ELMER:V230:Junction:6954","PALOUSE:WHEELER:V230:Junction:8095",0.0083,0.0813,0.1585,599.94775
"PUGET:TransmissionLine:SAT_OLY 230","SAT_OLY 230","PUGET:SATSOP:V230:Junction:5128","PUGET:OLYMPIA:V230:Junction:3444",0.0041,0.0407,0.0792,599.94775
"COLUMBIA:TransmissionLine:WALLA_COY 230","WALLA_COY 230","COLUMBIA:WALLA WALLA:V230:Junction:8551","COLUMBIA:COYOTE RIDGE:V230:Junction:8643",0.0047,0.0461,0.0898,560.1106
"COLUMBIA:TransmissionLine:PULLMAN_COY 230","PULLMAN_COY 230","COLUMBIA:PULLMAN:V230:Junction:8592","COLUMBIA:COYOTE RIDGE:V230:Junction:8639",0.0058,0.0569,0.111,560.1106
"PALOUSE:TransmissionLine:PULLMAN_ST JOHN 230","PULLMAN_ST JOHN 230","COLUMBIA:PULLMAN:V230:Junction:8596","PALOUSE:ST JOHN:V230:BusBarSection:230KV BUS 2",0.0051,0.0501,0.0978,560.1106
"PALOUSE:TransmissionLine:CHEN_ST JOHN 230","CHEN_ST JOHN 230","PALOUSE:CHENEY:V230:Junction:2396","PALOUSE:ST JOHN:V230:Junction:8784",0.004,0.0393,0.0766,560.1106
