"ID","SynchronousMachineOperatingMode","AVRMode","KVSetPoint","MVArSetpoint","MVAr"
"Gen VANCOUVER PUGET:VANCOUVER:V24:SynchronousMachine:VANCOUVER:SM",CON,OFF,24.0,0.0,33.546875
"Gen EVERETT 1 PUGET:EVERETT:V24:SynchronousMachine:EVERETT 1:SM",GEN,OFF,24.0,0.0,103.75758
"Gen EVERETT 2 PUGET:EVERETT:V24:SynchronousMachine:EVERETT 2:SM",GEN,OFF,24.0,0.0,104.584946
"Gen CHEHALIS PUGET:CHEHALIS:V24:SynchronousMachine:CHEHALIS:SM",GEN,OFF,24.0,0.0,99.29494
"Gen AIRPORT PUGET:AIRPORT:V24:SynchronousMachine:AIRPORT:SM",GEN,OFF,24.0,0.0,223.16603
"Gen LIBERTY PALOUSE:LIBERTY:V24:SynchronousMachine:LIBERTY:SM",GEN,OFF,24.0,0.0,121.20897
"Gen MT VERNON PUGET:MT VERNON:V24:SynchronousMachine:MT VERNON:SM",GEN,OFF,24.0,0.0,150.0
"Gen ELLENS_G1_CC_CT PALOUSE:ELLENSBURG:V13.8:SynchronousMachine:ELLENS_G1_CC_CT:SM",GEN,OFF,13.8,0.0,27.389658
"Gen ELLENS_G2_CC_CT PALOUSE:ELLENSBURG:V13.8:SynchronousMachine:ELLENS_G2_CC_CT:SM",GEN,OFF,13.8,0.0,27.389658
"Gen ELLENS_G3_CC_S PALOUSE:ELLENSBURG:V13.8:SynchronousMachine:ELLENS_G3_CC_S:SM",GEN,OFF,13.8,0.0,0.0
"Gen ELLENS_G4_DIESEL PALOUSE:ELLENSBURG:V4.18:SynchronousMachine:ELLENS_G4_DIESEL:SM",GEN,OFF,4.18,0.0,0.0
"Gen CHEN_G_1 PALOUSE:CHENEY:V13.8:SynchronousMachine:CHEN_G_1:SM",GEN,OFF,13.8,0.0,-1.3745108
"Gen CHEN_G_2 PALOUSE:CHENEY:V13.8:SynchronousMachine:CHEN_G_2:SM",GEN,OFF,13.8,0.0,-1.3745108
"Gen CHEN_G_3 PALOUSE:CHENEY:V13.8:SynchronousMachine:CHEN_G_3:SM",GEN,OFF,13.8,0.0,0.0
"Gen CHEN_G_4 PALOUSE:CHENEY:V13.8:SynchronousMachine:CHEN_G_4:SM",GEN,OFF,13.8,0.0,-2.883788
"Gen FIN_G_1 COLUMBIA:FINLEY:V13.8:SynchronousMachine:FIN_G_1:SM",GEN,OFF,13.8,0.0,-16.821293
"Gen FIN_G_2 COLUMBIA:FINLEY:V13.8:SynchronousMachine:FIN_G_2:SM",GEN,OFF,13.8,0.0,-16.82123
"Gen FIN_G_3 COLUMBIA:FINLEY:V13.8:SynchronousMachine:FIN_G_3:SM",GEN,OFF,13.8,0.0,-16.44751
"Gen FIN_G_4 COLUMBIA:FINLEY:V13.8:SynchronousMachine:FIN_G_4:SM",GEN,OFF,13.8,0.0,0.0
"Gen DIESEL 1 PALOUSE:LIBERTY:V13.8:SynchronousMachine:DIESEL 1:SM",GEN,OFF,13.8,0.0,0.0
"Gen DIESEL 2 PALOUSE:LIBERTY:V13.8:SynchronousMachine:DIESEL 2:SM",GEN,OFF,13.8,0.0,0.0
"Gen DIESEL 3 PALOUSE:LIBERTY:V13.8:SynchronousMachine:DIESEL 3:SM",GEN,OFF,13.8,0.0,0.0
"Gen TACOMA 1 PUGET:TACOMA:V24:SynchronousMachine:TACOMA 1:SM",GEN,OFF,24.0,0.0,43.95486
"Gen TACOMA 2 PUGET:TACOMA:V24:SynchronousMachine:TACOMA 2:SM",GEN,OFF,24.0,0.0,43.95486
"Gen TACOMA 3 PUGET:TACOMA:V24:SynchronousMachine:TACOMA 3:SM",GEN,OFF,24.0,0.0,43.95486
"Gen YAK_GEN_WEST COLUMBIA:YAKIMA:V13.8:SynchronousMachine:YAK_GEN_WEST:SM",GEN,OFF,13.8,0.0,-19.200317
"Gen YAK_GEN_EAST COLUMBIA:YAKIMA:V13.8:SynchronousMachine:YAK_GEN_EAST:SM",GEN,OFF,13.8,0.0,-19.420288
"Gen SATSOP GEN 1 PUGET:SATSOP:V24:SynchronousMachine:SATSOP GEN 1:SM",GEN,OFF,24.0,0.0,52.293945
"Gen SATSOP GEN 2 PUGET:SATSOP:V24:SynchronousMachine:SATSOP GEN 2:SM",GEN,OFF,24.0,0.0,0.0
"Gen E GEN A PUGET:SATSOP:V4.18:SynchronousMachine:E GEN A:SM",GEN,OFF,4.18,0.0,0.0
"Gen E GEN B PUGET:SATSOP:V4.18:SynchronousMachine:E GEN B:SM",GEN,OFF,4.18,0.0,0.0
"Gen E GEN C PUGET:SATSOP:V4.18:SynchronousMachine:E GEN C:SM",GEN,OFF,4.18,0.0,0.0
"Gen E GEN D PUGET:SATSOP:V4.18:SynchronousMachine:E GEN D:SM",GEN,OFF,4.18,0.0,0.0
"Gen ELM_GEN 1 PALOUSE:ELMER:V14:SynchronousMachine:ELM_GEN 1:SM",GEN,OFF,14.0,0.0,0.17608833
"Gen ELM_GEN 2 PALOUSE:ELMER:V14:SynchronousMachine:ELM_GEN 2:SM",GEN,OFF,14.0,0.0,0.17608833
"Gen ELM_GEN 3 PALOUSE:ELMER:V14:SynchronousMachine:ELM_GEN 3:SM",GEN,OFF,14.0,0.0,0.17608833
"Gen ELM_GEN 4 PALOUSE:ELMER:V14:SynchronousMachine:ELM_GEN 4:SM",GEN,OFF,14.0,0.0,0.17608833
"Gen ELM_GEN 5 PALOUSE:ELMER:V14:SynchronousMachine:ELM_GEN 5:SM",GEN,OFF,14.0,0.0,0.17608833
"Gen ELM_GEN 6 PALOUSE:ELMER:V14:SynchronousMachine:ELM_GEN 6:SM",GEN,OFF,14.0,0.0,0.17608833
"Gen ELM_GEN 7 PALOUSE:ELMER:V14:SynchronousMachine:ELM_GEN 7:SM",GEN,OFF,14.0,0.0,0.17608833
"Gen ELM_GEN 8 PALOUSE:ELMER:V14:SynchronousMachine:ELM_GEN 8:SM",GEN,OFF,14.0,0.0,0.17608833
"Gen ELM_GEN 9 PALOUSE:ELMER:V14:SynchronousMachine:ELM_GEN 9:SM",GEN,OFF,14.0,0.0,0.0
"Gen ELM_GEN 10 PALOUSE:ELMER:V14:SynchronousMachine:ELM_GEN 10:SM",GEN,OFF,14.0,0.0,0.0
"Gen BREM GEN PUGET:BREMERTON:V13.8:SynchronousMachine:BREM GEN:SM",GEN,OFF,13.8,0.0,0.0
"Gen RENT_G1_CC_CT PUGET:RENTON:V13.8:SynchronousMachine:RENT_G1_CC_CT:SM",GEN,OFF,13.8,0.0,0.0
"Gen RENT_G2_CC_CT PUGET:RENTON:V13.8:SynchronousMachine:RENT_G2_CC_CT:SM",GEN,OFF,13.8,0.0,0.0
"Gen RENT_G3_CC_S PUGET:RENTON:V13.8:SynchronousMachine:RENT_G3_CC_S:SM",GEN,OFF,13.8,0.0,0.0
"Gen RENT_G4_CC_CT PUGET:RENTON:V13.8:SynchronousMachine:RENT_G4_CC_CT:SM",GEN,OFF,13.8,0.0,0.0
"Gen RENT_G5_CC_CT PUGET:RENTON:V13.8:SynchronousMachine:RENT_G5_CC_CT:SM",GEN,OFF,13.8,0.0,0.0
"Gen RENT_G6_CC_S PUGET:RENTON:V13.8:SynchronousMachine:RENT_G6_CC_S:SM",GEN,OFF,13.8,0.0,0.0
"Gen WEN_GEN 1 PALOUSE:WENATCHEE:V14:SynchronousMachine:WEN_GEN 1:SM",GEN,OFF,14.0,0.0,9.557066
"Gen WEN_GEN 2 PALOUSE:WENATCHEE:V14:SynchronousMachine:WEN_GEN 2:SM",GEN,OFF,14.0,0.0,9.557066
"Gen WEN_GEN 3 PALOUSE:WENATCHEE:V14:SynchronousMachine:WEN_GEN 3:SM",GEN,OFF,14.0,0.0,9.557066
"Gen WEN_GEN 4 PALOUSE:WENATCHEE:V14:SynchronousMachine:WEN_GEN 4:SM",GEN,OFF,14.0,0.0,9.557066
"Gen WEN_GEN 5 PALOUSE:WENATCHEE:V14:SynchronousMachine:WEN_GEN 5:SM",GEN,OFF,14.0,0.0,9.683655
"Gen WEN_GEN 6 PALOUSE:WENATCHEE:V14:SynchronousMachine:WEN_GEN 6:SM",GEN,OFF,14.0,0.0,11.366837
"Gen WEN_GEN 7 PALOUSE:WENATCHEE:V14:SynchronousMachine:WEN_GEN 7:SM",GEN,OFF,14.0,0.0,11.366837
"Gen WEN_GEN 8 PALOUSE:WENATCHEE:V14:SynchronousMachine:WEN_GEN 8:SM",GEN,OFF,14.0,0.0,9.683655
"Gen WEN_GEN 9 PALOUSE:WENATCHEE:V14:SynchronousMachine:WEN_GEN 9:SM",GEN,OFF,14.0,0.0,7.9908447
"Gen WEN_GEN 10 PALOUSE:WENATCHEE:V14:SynchronousMachine:WEN_GEN 10:SM",GEN,OFF,14.0,0.0,0.0
"Gen POWH DIESEL PALOUSE:WENATCHEE:V4.18:SynchronousMachine:POWH DIESEL:SM",GEN,OFF,4.18,0.0,0.0
"Gen FEEDER 1 PALOUSE:ST JOHN:V24:SynchronousMachine:FEEDER 1:SM",GEN,OFF,24.0,0.0,0.0
"Gen FEEDER 2 PALOUSE:ST JOHN:V24:SynchronousMachine:FEEDER 2:SM",GEN,OFF,24.0,0.0,0.0
"Gen FEEDER 3 PALOUSE:ST JOHN:V24:SynchronousMachine:FEEDER 3:SM",GEN,OFF,24.0,0.0,0.0
"Gen FEEDER 4 PALOUSE:ST JOHN:V24:SynchronousMachine:FEEDER 4:SM",GEN,OFF,24.0,0.0,0.0
"Gen FEEDER 5 PALOUSE:ST JOHN:V24:SynchronousMachine:FEEDER 5:SM",GEN,OFF,24.0,0.0,0.0
"Gen FEEDER 6 PALOUSE:ST JOHN:V24:SynchronousMachine:FEEDER 6:SM",GEN,OFF,24.0,0.0,0.0
"Gen FEEDER 7 PALOUSE:ST JOHN:V24:SynchronousMachine:FEEDER 7:SM",GEN,OFF,24.0,0.0,0.0
"Gen GEN 2-1 PALOUSE:VANTAGE:V24:SynchronousMachine:GEN 2-1:SM",GEN,OFF,24.0,0.0,0.0
"Gen GEN 2-2 PALOUSE:VANTAGE:V24:SynchronousMachine:GEN 2-2:SM",GEN,OFF,24.0,0.0,0.0
"Gen GEN 2-3 PALOUSE:VANTAGE:V24:SynchronousMachine:GEN 2-3:SM",GEN,OFF,24.0,0.0,0.0
"Gen GEN 2-4 PALOUSE:VANTAGE:V24:SynchronousMachine:GEN 2-4:SM",GEN,OFF,24.0,0.0,0.0
"Gen GEN 3-1 PALOUSE:VANTAGE:V33:SynchronousMachine:GEN 3-1:SM",GEN,OFF,33.0,0.0,0.0
"Gen GEN 3-2 PALOUSE:VANTAGE:V33:SynchronousMachine:GEN 3-2:SM",GEN,OFF,33.0,0.0,0.0
"Gen GEN 3-3 PALOUSE:VANTAGE:V33:SynchronousMachine:GEN 3-3:SM",GEN,OFF,33.0,0.0,0.0
"Gen GEN 3-4 PALOUSE:VANTAGE:V33:SynchronousMachine:GEN 3-4:SM",GEN,OFF,33.0,0.0,0.0
"Gen FDR 310 COLUMBIA:COYOTE RIDGE:V33:SynchronousMachine:FDR 310:SM",GEN,OFF,33.0,0.0,0.0
"Gen FDR 320 COLUMBIA:COYOTE RIDGE:V33:SynchronousMachine:FDR 320:SM",GEN,OFF,33.0,0.0,0.0
"Gen FDR 330 COLUMBIA:COYOTE RIDGE:V33:SynchronousMachine:FDR 330:SM",GEN,OFF,33.0,0.0,0.0
"Gen FDR 340 COLUMBIA:COYOTE RIDGE:V33:SynchronousMachine:FDR 340:SM",GEN,OFF,33.0,0.0,0.0
"Gen FDR 350 COLUMBIA:COYOTE RIDGE:V33:SynchronousMachine:FDR 350:SM",GEN,OFF,33.0,0.0,0.0
"Gen FDR 210 COLUMBIA:COYOTE RIDGE:V21.6:SynchronousMachine:FDR 210:SM",GEN,OFF,21.6,0.0,0.0
"Gen FDR 220 COLUMBIA:COYOTE RIDGE:V21.6:SynchronousMachine:FDR 220:SM",GEN,OFF,21.6,0.0,0.0
"Gen FDR 230 COLUMBIA:COYOTE RIDGE:V21.6:SynchronousMachine:FDR 230:SM",GEN,OFF,21.6,0.0,0.0
"Gen FDR 240 COLUMBIA:COYOTE RIDGE:V21.6:SynchronousMachine:FDR 240:SM",GEN,OFF,21.6,0.0,0.0
"Gen FDR 250 COLUMBIA:COYOTE RIDGE:V21.6:SynchronousMachine:FDR 250:SM",GEN,OFF,21.6,0.0,0.0
"Gen FDR 260 COLUMBIA:COYOTE RIDGE:V21.6:SynchronousMachine:FDR 260:SM",GEN,OFF,21.6,0.0,0.0
"Gen FDR 120 COLUMBIA:WALLA WALLA:V21.6:SynchronousMachine:FDR 120:SM",GEN,OFF,21.6,0.0,0.0
"Gen FDR 160 COLUMBIA:WALLA WALLA:V21.6:SynchronousMachine:FDR 160:SM",GEN,OFF,21.6,0.0,0.0
"Gen FDR 170 COLUMBIA:WALLA WALLA:V21.6:SynchronousMachine:FDR 170:SM",GEN,OFF,21.6,0.0,0.0
"Gen FDR 180 COLUMBIA:WALLA WALLA:V21.6:SynchronousMachine:FDR 180:SM",GEN,OFF,21.6,0.0,0.0
"Gen FDR 250 COLUMBIA:WALLA WALLA:V21.6:SynchronousMachine:FDR 250:SM",GEN,OFF,21.6,0.0,0.0
"Gen FDR 260 COLUMBIA:WALLA WALLA:V21.6:SynchronousMachine:FDR 260:SM",GEN,OFF,21.6,0.0,0.0
"Gen FDR 270 COLUMBIA:WALLA WALLA:V21.6:SynchronousMachine:FDR 270:SM",GEN,OFF,21.6,0.0,0.0
"Gen FDR 280 COLUMBIA:WALLA WALLA:V21.6:SynchronousMachine:FDR 280:SM",GEN,OFF,21.6,0.0,0.0
"Gen FDR 330 COLUMBIA:WALLA WALLA:V33:SynchronousMachine:FDR 330:SM",GEN,OFF,33.0,0.0,0.0
"Gen FDR 340 COLUMBIA:WALLA WALLA:V33:SynchronousMachine:FDR 340:SM",GEN,OFF,33.0,0.0,0.0
"Gen FDR 350 COLUMBIA:WALLA WALLA:V33:SynchronousMachine:FDR 350:SM",GEN,OFF,33.0,0.0,0.0
"Gen FDR 360 COLUMBIA:WALLA WALLA:V33:SynchronousMachine:FDR 360:SM",GEN,OFF,33.0,0.0,0.0
"Gen FDR 370 COLUMBIA:WALLA WALLA:V33:SynchronousMachine:FDR 370:SM",GEN,OFF,33.0,0.0,0.0
