"ID","FromMW","FromMVAr","ToMW","ToMVAr"
"PUGET:EVERETT:Transformer:EVETR 30:wnd1",362.4664,59.42456,-362.4664,-101.95752
"PUGET:EVERETT:Transformer:EVETR 35:wnd1",369.76636,58.597168,-369.76636,-102.78491
"PUGET:TACOMA:Transformer:TAC TR 39:wnd1",-49.80156,14.677734,49.80156,-15.24707
"PUGET:TACOMA:Transformer:TAC TR 41:wnd1",129.10672,95.76001,-129.10672,-102.27051
"PUGET:CHEHALIS:Transformer:CHETR 45:wnd1",-47.376125,-21.58789,47.376125,21.319336
"PUGET:CHEHALIS:Transformer:CHETR 48:wnd1",1192.145,-47.342773,-1192.145,-95.694336
"PUGET:AIRPORT:Transformer:AIRTR 57:wnd1",545.52094,186.27539,-545.52094,-220.91602
"PUGET:LONGVIEW:Transformer:LONGTR 59:wnd1",-52.155346,-23.889648,52.155346,23.566406
"PUGET:PORT ANGELES:Transformer:PT A TR 63:wnd1",-51.812004,15.31543,51.812004,-15.624023
"PUGET:REDMOND:Transformer:REDTR 70:wnd1",-81.11731,-55.473938,81.11731,36.055878
"PUGET:BELLEVUE:Transformer:BELLVTR 74:wnd1",-89.88079,-41.081055,89.88079,40.049805
"PUGET:MT VERNON:Transformer:MT VTR:wnd1",400.0491,133.34473,-400.0491,-149.99512
"PALOUSE:ELLENSBURG:Transformer:G1:wnd1",25.426851,27.25,-25.426851,-27.389648
"PALOUSE:ELLENSBURG:Transformer:G2:wnd1",25.426851,27.25,-25.426851,-27.389648
"PALOUSE:ELLENSBURG:Transformer:G3:wnd1",-0.0,-0.0,-0.0,-0.0
"PALOUSE:ELLENSBURG:Transformer:G4:wnd1",-0.0,-0.0,-0.0,-0.0
"PALOUSE:ELLENSBURG:Transformer:T1:wnd1",22.913643,13.17041,-22.931871,-26.125488
"PALOUSE:ELLENSBURG:Transformer:T2:wnd1",22.913643,13.17041,-22.931871,-26.125488
"PALOUSE:CHENEY:Transformer:G_1_2:wnd1",60.00094,-3.1103516,-60.00094,2.7490234
"PALOUSE:CHENEY:Transformer:G_2_4:wnd1",30.000307,-2.975586,-30.000307,2.883789
"PALOUSE:CHENEY:Transformer:SS1:wnd1",-0.0,-0.0,-0.0,-0.0
"PALOUSE:CHENEY:Transformer:SS2:wnd1",-0.0,-0.0,-0.0,-0.0
"PALOUSE:CHENEY:Transformer:T1:wnd1",45.00041,-3.2490234,-45.00041,3.0429688
"PALOUSE:CHENEY:Transformer:T2:wnd1",45.00041,-3.2490234,-45.00041,3.0429688
"COLUMBIA:FINLEY:Transformer:T_1:wnd1",42.510536,-19.98352,-42.721344,16.82129
"COLUMBIA:FINLEY:Transformer:T_2:wnd1",42.45527,-19.976257,-42.66561,16.821228
"COLUMBIA:FINLEY:Transformer:T_3:wnd1",21.565224,-17.555603,-21.639107,16.44751
"COLUMBIA:FINLEY:Transformer:T_4:wnd1",-0.0,-0.0,-0.0,-0.0
"COLUMBIA:YAKIMA:Transformer:ETR1:wnd1",69.645454,-23.079712,-69.645454,19.420288
"COLUMBIA:YAKIMA:Transformer:WTR1:wnd1",69.64547,-22.853882,-69.64547,19.200317
"COLUMBIA:YAKIMA:Transformer:WTR2:wnd1",64.59057,-25.592773,-64.59057,25.125977
"COLUMBIA:YAKIMA:Transformer:ETR2:wnd1",57.088333,-23.984375,-57.088333,23.613281
"COLUMBIA:YAKIMA:Transformer:TR3:wnd1",-5.564575,-4.7592773,5.564186,4.744873
"COLUMBIA:FINLEY:Transformer:TR 1:wnd1",-30.617378,-6.798828,30.610435,6.539795
"COLUMBIA:SUNNYSIDE:Transformer:TR 2:wnd1",-8.073872,-3.7626953,8.066128,3.6309204
"COLUMBIA:SUNNYSIDE:Transformer:TR 1:wnd1",-8.073872,-3.7626953,8.066128,3.6309204
"COLUMBIA:FINLEY:Transformer:TR 2:wnd1",-30.617378,-6.798828,30.610435,6.539795
"COLUMBIA:GRANDVIEW:Transformer:TR15:wnd1",-4.0238557,-1.9096985,4.01803,1.8087769
"COLUMBIA:PROSSER:Transformer:TR-14:wnd1",-6.6807137,-3.2814178,6.664482,3.0001373
"COLUMBIA:BENTON:Transformer:TR-13:wnd1",-6.7452664,-3.0419922,6.7452664,3.0351562
"COLUMBIA:RICHLAND:Transformer:TR-12:wnd1",-6.6958385,-3.287735,6.679634,3.0068207
"COLUMBIA:KENNEWICK:Transformer:TR-11:wnd1",-6.6810927,-3.2815857,6.6648626,3.00029
"COLUMBIA:PASCO:Transformer:TR-10:wnd1",-4.0405445,-1.9170074,4.0347357,1.8162842
"PALOUSE:QUINCY:Transformer:TR1:wnd1",-8.303971,-4.2167816,8.257907,3.7193298
"PALOUSE:QUINCY:Transformer:TR2:wnd1",-8.3006935,-4.2154846,8.254614,3.717804
"PALOUSE:ELLENSBURG:Transformer:T3:wnd1",-1.0838699,-4.479248,1.0837097,4.4731445
"PALOUSE:EPHRATA:Transformer:TR2:wnd1",-10.502976,-4.745117,10.502976,4.7314453
"PALOUSE:EPHRATA:Transformer:TR3:wnd1",-16.834839,-7.618164,16.834839,7.5820312
"PALOUSE:CHENEY:Transformer:T3:wnd1",-39.08292,-18.107422,39.08292,17.922852
"PALOUSE:GLOYD:Transformer:TR1:wnd1",-11.332161,-5.990631,11.279632,5.080139
"PALOUSE:GLOYD:Transformer:TR2:wnd1",-16.308916,-9.242142,16.196571,7.2948
"PALOUSE:GLOYD:Transformer:TR3:wnd1",-11.401499,-6.0174866,11.349228,5.1114807
"PUGET:SATSOP:Transformer:SAT GEN W:wnd1",364.1621,-30.274902,-364.44135,13.17334
"PUGET:SATSOP:Transformer:SAT GEN E:wnd1",364.1621,-30.274902,-364.44135,13.17334
"PUGET:SATSOP:Transformer:SAT 500_230:wnd1",15.800804,-49.174805,-15.805321,48.777344
"PUGET:SATSOP:Transformer:SAT 230_24:wnd1",441.12717,42.78711,-441.12717,-62.63867
"PUGET:SATSOP:Transformer:SS TR 1:wnd1",-0.0,-0.0,-0.0,-0.0
"PUGET:SATSOP:Transformer:SS TR 2:wnd1",-0.0,-0.0,-0.0,-0.0
"PALOUSE:SPOKANE:Transformer:TR3:wnd1",-15.731273,-1.9704285,15.704424,1.4065857
"PALOUSE:SPOKANE:Transformer:TR2:wnd1",-21.133846,-4.7431335,21.085253,3.7226562
"PALOUSE:SPOKANE:Transformer:TR1:wnd1",-12.762739,-0.20217896,12.745861,-0.1522522
"PALOUSE:WENATCHEE:Transformer:WEN 500-230 TR1:wnd1",244.50687,-31.476562,-244.61075,24.361328
"COLUMBIA:WALLA WALLA:Transformer:WAL 500-230:wnd1",-6.7696457,7.2910156,6.769455,-7.303711
"PALOUSE:VALLEY:Transformer:TR3:wnd1",-36.726494,-19.672424,36.53727,16.455688
"PALOUSE:VALLEY:Transformer:TR2:wnd1",-28.717062,-14.818359,28.603231,12.883331
"PALOUSE:VALLEY:Transformer:TR1:wnd1",-23.067755,-11.53186,22.998749,10.358765
"PALOUSE:CHENEY:Transformer:T4:wnd1",-28.137724,-7.881836,28.137724,7.798828
"COLUMBIA:FINLEY:Transformer:T_5:wnd1",-20.26921,-95.387695,20.25447,91.83887
"COLUMBIA:YAKIMA:Transformer:T_500:wnd1",66.59111,-80.256836,-66.608376,76.57129
"PALOUSE:ROCKFORD:Transformer:50-23 TR1:wnd1",89.17162,-138.73047,-89.17162,136.08301
"PALOUSE:ROCKFORD:Transformer:TR3:wnd1",-43.17315,-22.187134,43.17315,19.831299
"PALOUSE:ROCKFORD:Transformer:TR4:wnd1",-29.257277,-8.446106,29.257277,7.51886
"PALOUSE:WHEELER:Transformer:TR1:wnd1",-35.792267,-11.284302,35.792267,9.867798
"PALOUSE:WHEELER:Transformer:TR2:wnd1",-39.47447,-16.483337,39.47447,14.642639
"PALOUSE:VANTAGE:Transformer:TR1:wnd1",-7.280296,-7.4192505,7.280296,7.308655
"PUGET:EVERETT:Transformer:EVETR 500:wnd1",-886.21326,-63.131836,885.22253,-46.26465
"PALOUSE:ROCKFORD:Transformer:50-23 TR2:wnd1",89.17162,-138.73047,-89.17162,136.08301
"PALOUSE:ELMER:Transformer:TR12:wnd1",181.19885,-19.347534,-181.19885,-0.35217285
"PALOUSE:ELMER:Transformer:TR34:wnd1",181.19885,-19.347534,-181.19885,-0.35217285
"PALOUSE:ELMER:Transformer:TR56:wnd1",181.19885,-19.347534,-181.19885,-0.35217285
"PALOUSE:ELMER:Transformer:TR78:wnd1",181.19885,-19.347534,-181.19885,-0.35217285
"PALOUSE:ELMER:Transformer:TR90:wnd1",-0.0,-0.0,-0.0,-0.0
"PALOUSE:ELMER:Transformer:500_230 TR1:wnd1",267.55347,-51.709473,-267.64047,39.678223
"PALOUSE:ELMER:Transformer:500_230 TR2:wnd1",267.55347,-51.709473,-267.64047,39.678223
"PUGET:BREMERTON:Transformer:TR1:wnd1",-4.8581696,-2.2319336,4.8550377,2.1849365
"PUGET:RENTON:Transformer:W GEN TR:wnd1",-4.894077,-2.2207031,4.894077,2.2022705
"PUGET:RENTON:Transformer:E GEN TR:wnd1",-4.894077,-2.2207031,4.894077,2.2022705
"PALOUSE:WENATCHEE:Transformer:WEN 500-230 TR2:wnd1",244.50687,-31.476562,-244.61075,24.361328
"PALOUSE:WENATCHEE:Transformer:TR1A:wnd1",181.19864,-2.5336914,-181.19864,11.995361
"PALOUSE:WENATCHEE:Transformer:TR1B:wnd1",-90.59922,-9.557068,90.59922,-6.0129395
"PALOUSE:WENATCHEE:Transformer:TR1C:wnd1",-90.59922,-9.557068,90.59922,-6.0129395
"PALOUSE:WENATCHEE:Transformer:TR2B:wnd1",-90.59922,-9.557068,90.59922,-6.0129395
"PALOUSE:WENATCHEE:Transformer:TR2C:wnd1",-90.59922,-9.557068,90.59922,-6.0129395
"PALOUSE:WENATCHEE:Transformer:TR2A:wnd1",181.19864,-2.5336914,-181.19864,11.995361
"PALOUSE:WENATCHEE:Transformer:TR3A:wnd1",176.27324,-1.9694824,-176.27324,10.923096
"PALOUSE:WENATCHEE:Transformer:TR3B:wnd1",-90.59922,-9.683655,90.59922,-5.89093
"PALOUSE:WENATCHEE:Transformer:TR3C:wnd1",-85.67385,-8.854858,85.67385,-5.062134
"PALOUSE:WENATCHEE:Transformer:TR4A:wnd1",176.27324,-1.9694824,-176.27324,10.923096
"PALOUSE:WENATCHEE:Transformer:TR4B:wnd1",-85.67385,-8.854858,85.67385,-5.062134
"PALOUSE:WENATCHEE:Transformer:TR4C:wnd1",-90.59922,-9.683655,90.59922,-5.89093
"PALOUSE:WENATCHEE:Transformer:TR5A:wnd1",75.5993,-1.1884766,-75.5993,2.835205
"PALOUSE:WENATCHEE:Transformer:TR5B:wnd1",-75.599236,-7.9908447,75.599236,-2.850769
"PALOUSE:WENATCHEE:Transformer:TR5C:wnd1",-0.0,-0.0,-0.0,-0.0
"PALOUSE:WENATCHEE:Transformer:TR110:wnd1",-0.0,-0.0,-0.0,-0.0
"PALOUSE:WENATCHEE:Transformer:TR120:wnd1",1.9073486E-6,-7.6293945E-6,-1.9073486E-6,-0.0
"PALOUSE:WENATCHEE:Transformer:TR210:wnd1",1.9073486E-6,-7.6293945E-6,-1.9073486E-6,-0.0
"PALOUSE:WENATCHEE:Transformer:TR220:wnd1",-0.0,-0.0,-0.0,-0.0
"PALOUSE:WENATCHEE:Transformer:TR310:wnd1",-4.9253607,-2.5119781,4.8821754,2.1970901
"PALOUSE:WENATCHEE:Transformer:TR320:wnd1",-0.0,-0.0,-0.0,-0.0
"PALOUSE:WENATCHEE:Transformer:TR410:wnd1",-0.0,-0.0,-0.0,-0.0
"PALOUSE:WENATCHEE:Transformer:TR420:wnd1",-4.9253607,-2.5119781,4.8821754,2.1970901
"PUGET:AUBURN:Transformer:AUB 500-230 TR1:wnd1",-533.7477,-115.04199,533.39703,74.586914
"PUGET:AUBURN:Transformer:AUB 500-230 TR2:wnd1",-533.7477,-115.04199,533.39703,74.586914
"PUGET:TACOMA:Transformer:TAC TR2:wnd1",20.685755,26.168335,-20.685755,-27.343933
"PUGET:VANCOUVER:Transformer:VANC T1:wnd1",-5.999825,30.766602,5.999825,-30.84668
"PALOUSE:LIBERTY:Transformer:DIESEL T1:wnd1",-0.0,-0.0,-0.0,-0.0
"PALOUSE:LIBERTY:Transformer:LIB TR1:wnd1",518.329,26.69629,-518.329,-56.603516
"PALOUSE:LIBERTY:Transformer:LIB TR2:wnd1",518.329,26.69629,-518.329,-56.603516
"COLUMBIA:WALLA WALLA:Transformer:TR_1:wnd1",-0.0,-0.0,-0.0,-0.0
"COLUMBIA:WALLA WALLA:Transformer:TR_2:wnd1",-0.0,-0.0,-0.0,-0.0
"COLUMBIA:WALLA WALLA:Transformer:TR_3:wnd1",-0.0,-0.0,-0.0,-0.0
"COLUMBIA:PULLMAN:Transformer:TR_1:wnd1",-14.381577,-11.641602,14.381027,11.603516
"COLUMBIA:COYOTE RIDGE:Transformer:TR1:wnd1",-0.0,-0.0,-0.0,-0.0
"COLUMBIA:COYOTE RIDGE:Transformer:TR2:wnd1",-0.0,-0.0,-0.0,-0.0
"PALOUSE:ST JOHN:Transformer:TR1:wnd1",-0.0,-0.0,-0.0,-0.0
"PALOUSE:VANTAGE:Transformer:TR2:wnd1",-0.0,-0.0,-0.0,-0.0
"PALOUSE:VANTAGE:Transformer:TR3:wnd1",-0.0,-0.0,-0.0,-0.0
