"ID","FromMW","FromMVAr","ToMW","ToMVAr"
"COLUMBIA:TransmissionLine:FIN_YAK 230",-28.677338,6.8690186,28.595207,12.924927
"COLUMBIA:TransmissionLine:SUNNY_YAK 1",-5.5641327,-4.744446,5.530777,7.1763306
"COLUMBIA:TransmissionLine:SUNNY_YAK 2",-7.5016785,1.7391663,7.4730835,0.682251
"COLUMBIA:TransmissionLine:FIN_PASCO 1",-21.184753,-3.3354492,21.125366,3.7819824
"COLUMBIA:TransmissionLine:FIN_PASCO 2",-17.07666,0.52124023,17.039124,0.007080078
"COLUMBIA:TransmissionLine:KEN_PASCO 1",-17.084045,-2.0488281,17.049744,2.5004883
"COLUMBIA:TransmissionLine:KEN_PASCO  2",-17.039185,-0.006591797,17.00592,0.4650879
"COLUMBIA:TransmissionLine:PASCO LOAD",-4.0410156,-1.7333984,4.0404053,1.9160156
"COLUMBIA:TransmissionLine:KENNEWICK LOAD",-6.685852,-2.86792,6.6810913,3.28125
"COLUMBIA:TransmissionLine:KEN_RICH 2",-17.005981,-0.4650879,16.981018,0.8066406
"COLUMBIA:TransmissionLine:KEN_RICH 1",-10.363892,0.36865234,10.354614,0.028320312
"COLUMBIA:TransmissionLine:RICH_BENTON 1",-10.354553,-0.028076172,10.343567,0.49975586
"COLUMBIA:TransmissionLine:RICH_BENTON 2",-10.284668,-0.8718262,10.273865,1.3469238
"COLUMBIA:TransmissionLine:RICHLAND LOAD",-6.696411,0.06542969,6.6956787,3.2890625
"COLUMBIA:TransmissionLine:BENTON_PROSSER 1",-3.5928345,2.0510254,3.5914307,-1.6257324
"COLUMBIA:TransmissionLine:BENTON_PROSSER 2",-10.273926,-1.3464355,10.264526,1.7426758
"COLUMBIA:TransmissionLine:BENTON LOAD",-6.7506714,-2.5512695,6.7452393,3.0419922
"COLUMBIA:TransmissionLine:PROSSER LOAD",-6.6816406,-1.2402344,6.680786,3.2832031
"COLUMBIA:TransmissionLine:GRAND_PROSSER 1",-3.5914307,1.6259766,3.590088,-1.2006836
"COLUMBIA:TransmissionLine:GRAND_PROSSER 2",-3.5827026,-0.5031738,3.581421,0.92822266
"COLUMBIA:TransmissionLine:GRANDVIEW LOAD",-4.0255737,-1.4865723,4.0238647,1.909668
"COLUMBIA:TransmissionLine:SUNNY_FIN 1",-3.590149,1.2006836,3.5881348,-0.491333
"COLUMBIA:TransmissionLine:SUNNY_FIN 2",0.44406128,0.5576172,-0.44403076,0.15893555
"COLUMBIA:TransmissionLine:ELLENS_WHEELER 2-A",-1.0834885,-4.4696045,1.0634155,6.9335938
"COLUMBIA:TransmissionLine:VAN_WHEELER 1-B",1.052887,-4.1689453,-1.0570679,4.9415283
"COLUMBIA:TransmissionLine:FIN_WALLA 230",-44.385895,0.8791504,44.28215,9.201294
"PALOUSE:TransmissionLine:CHEN_ROCK_1-C",-43.17331,-19.833984,42.748596,19.069824
"PALOUSE:TransmissionLine:CHEN_ROCK_2-C",-29.257385,-7.5217285,29.090271,7.72937
"PALOUSE:TransmissionLine:CHEN_ROCK 230",-94.35431,13.337402,94.16458,-11.208008
"PALOUSE:TransmissionLine:CHEN_ROCK_1-B",22.695007,15.421387,-22.791565,-15.256226
"PALOUSE:TransmissionLine:CHEN_ROCK_2-B",-6.022522,3.8029785,6.0165405,-3.2851562
"PALOUSE:TransmissionLine:CHEN_ROCK_1-A",-39.082825,-17.920288,38.522995,17.226257
"PALOUSE:TransmissionLine:CHEN_ROCK_2-A",-28.13765,-7.7958984,27.880142,8.229553
"PALOUSE:TransmissionLine:WEN_ELMER 500",406.42252,116.49805,-408.31165,-2.8569336
"COLUMBIA:TransmissionLine:PULL_WALLA 500",-289.58322,140.75195,288.72107,-20.495117
"COLUMBIA:TransmissionLine:PULL_ROCK 500",303.96545,-129.10156,-304.92648,216.60156
"PALOUSE:TransmissionLine:ELM_ROCK 500",-126.79486,106.29736,126.58038,60.73291
"COLUMBIA:TransmissionLine:FIN_WALLA 500",-281.95172,13.209961,281.4953,59.73047
"COLUMBIA:TransmissionLine:FIN_YAK 500",260.49423,100.913574,-261.2263,35.666504
"PALOUSE:TransmissionLine:CHEN_WHEELER 230",-70.947136,11.817261,70.39395,3.8234863
"PALOUSE:TransmissionLine:ELLENS_VANT",65.28131,5.0319824,-65.41342,-0.68896484
"PALOUSE:TransmissionLine:VAN_WHEELER 1-A",-7.280136,-7.305786,7.247879,8.384888
"PALOUSE:TransmissionLine:ELLENS_WHEELER 2-B",7.240631,-2.7165527,-7.252411,3.4639893
"PALOUSE:TransmissionLine:ELLENS_WHEELER 2-C",24.087189,4.152588,-24.200317,-3.77063
"PALOUSE:TransmissionLine:VAN_WHEELER 1-D",39.226715,14.345093,-39.47461,-14.644897
"PALOUSE:TransmissionLine:VAN_WHEELER 1-C",11.559967,-0.19470215,-11.585602,0.8878174
"PUGET:TransmissionLine:BELL_VERN 1",-101.00134,-43.246094,100.47043,45.393066
"PUGET:TransmissionLine:BELL_VERN 2",-101.00134,-43.246094,100.47043,45.393066
"PUGET:TransmissionLine:VERN_MARYS 1",-39.395325,3.4763184,39.32895,3.4453125
"PUGET:TransmissionLine:VERN_MARYS 2",-39.395325,3.4763184,39.32895,3.4453125
"PUGET:TransmissionLine:MARYS_EVERETT 2",7.081421,28.53125,-7.0876465,-27.332031
"PUGET:TransmissionLine:MARYS_EVERETT 1",7.081421,28.53125,-7.0876465,-27.332031
"PUGET:TransmissionLine:EVERETT_LYNN 1",-233.97882,7.7495117,233.17273,-13.072754
"PUGET:TransmissionLine:EVERETT_LYNN 2",-233.97882,7.7495117,233.17273,-13.072754
"PUGET:TransmissionLine:EVERETT_LYNN 3",-233.97882,7.7495117,233.17273,-13.072754
"PUGET:TransmissionLine:EVERETT_LYNN 4",-233.97882,7.7495117,233.17273,-13.072754
"PALOUSE:TransmissionLine:WEN_EVERETT 500",886.2131,62.96631,-895.4347,-53.560547
"PUGET:TransmissionLine:RED_BELLE 1",-45.26416,-6.9296875,45.239624,8.701172
"PUGET:TransmissionLine:RED_BELLE 2",-45.26416,-6.9296875,45.239624,8.701172
"PUGET:TransmissionLine:RED_BELLE 3",-45.26416,-6.9296875,45.239624,8.701172
"PUGET:TransmissionLine:LYNN_RED 3",49.879883,-10.166016,-49.92682,12.714844
"PUGET:TransmissionLine:LYNN_RED 2",49.879883,-10.166016,-49.92682,12.714844
"PUGET:TransmissionLine:LYNN_RED 1",49.879883,-10.166016,-49.92682,12.714844
"PALOUSE:TransmissionLine:ELLENS_RED 230",-148.65257,4.6052246,145.91042,-9.499878
"PALOUSE:TransmissionLine:ELLENS_RENTON 230",-142.36833,3.4498901,139.91406,-6.10437
"PUGET:TransmissionLine:BELLE_RENT 1",62.96454,-2.352539,-63.03589,4.663086
"PUGET:TransmissionLine:BELLE_RENT 2",62.96454,-2.352539,-63.03589,4.663086
"PUGET:TransmissionLine:BELLE_RENT 3",96.04834,-11.333008,-96.21692,12.708984
"PUGET:TransmissionLine:LYNN_SEA 1",-239.53996,-36.32715,238.23645,27.43457
"PUGET:TransmissionLine:LYNN_SEA 2",-239.53996,-36.32715,238.23645,27.43457
"PUGET:TransmissionLine:LYNN_SEA 3",-239.53996,-36.32715,238.23645,27.43457
"PUGET:TransmissionLine:SEA_RENT 1",335.88617,43.91455,-337.62155,-58.299316
"PUGET:TransmissionLine:SEA_RENT 2",335.88617,43.91455,-337.62155,-58.299316
"PUGET:TransmissionLine:SEA_RENT 3",374.66608,31.876953,-376.80508,-50.186035
"PUGET:TransmissionLine:RENT_AIR 1",400.65747,53.648438,-401.69104,-61.941406
"PUGET:TransmissionLine:RENT_AIR 2",400.65747,53.648438,-401.69104,-61.941406
"PUGET:TransmissionLine:RENT_AIR 3",299.96643,82.02539,-300.57886,-86.52734
"PUGET:TransmissionLine:RENT_AIR 4",299.96643,82.02539,-300.57886,-86.52734
"PUGET:TransmissionLine:AIR_FED 1",233.3634,35.958008,-233.82794,-39.134766
"PUGET:TransmissionLine:AIR_FED 2",233.3634,35.958008,-233.82794,-39.134766
"PUGET:TransmissionLine:AIR_FED 3",233.3634,35.958008,-233.82794,-39.134766
"PUGET:TransmissionLine:AIR_FED 4",233.3634,35.958008,-233.82794,-39.134766
"COLUMBIA:TransmissionLine:YAK_AUBURN 500",-327.08655,-20.649902,325.85278,146.979
"PUGET:TransmissionLine:SAT_AUB 1",-372.06238,54.865234,370.82153,41.560547
"PUGET:TransmissionLine:SAT_AUB 2",-372.06238,54.865234,370.82153,41.560547
"PUGET:TransmissionLine:FED_AUB 1",394.15875,38.855957,-396.4235,-58.265625
"PUGET:TransmissionLine:FED_AUB 2",394.15875,38.855957,-396.4235,-58.265625
"PUGET:TransmissionLine:FED_AUB 3",394.15875,38.855957,-396.4235,-58.265625
"PUGET:TransmissionLine:FED_AUB 4",394.15875,38.855957,-396.4235,-58.265625
"PUGET:TransmissionLine:AUB_CHE 1",153.34761,-8.068359,-154.9237,5.217041
"PUGET:TransmissionLine:AUB_CHE 2",153.34761,-8.068359,-154.9237,5.217041
"PUGET:TransmissionLine:AUB_CHE 3",153.34761,-8.068359,-154.9237,5.217041
"PUGET:TransmissionLine:AUB_CHE 4",153.34761,-8.068359,-154.9237,5.217041
"PUGET:TransmissionLine:CHE_LONG 1",-262.53702,24.055908,258.74628,-50.73462
"PUGET:TransmissionLine:CHE_LONG 2",-262.53702,24.055908,258.74628,-50.73462
"PUGET:TransmissionLine:LONG_VANC 1",-205.1684,-6.3083496,203.00952,-4.971924
"PUGET:TransmissionLine:LONG_VANC 2",-205.1684,-6.3083496,203.00952,-4.971924
"PUGET:TransmissionLine:TAC_OLY 1",79.503296,-34.958496,-79.80783,38.628906
"PUGET:TransmissionLine:TAC_OLY 2",79.503296,-34.958496,-79.80783,38.628906
"PUGET:TransmissionLine:TAC_FED 1",125.54083,63.063965,-125.85095,-63.365723
"PUGET:TransmissionLine:TAC_FED 2",125.54083,63.063965,-125.85095,-63.365723
"PUGET:TransmissionLine:TAC_FED 3",125.54083,63.063965,-125.85095,-63.365723
"PUGET:TransmissionLine:TAC_BREM 1",-98.41423,-10.419434,98.0387,13.187744
"PUGET:TransmissionLine:TAC_BREM 2",-98.41423,-10.419434,98.0387,13.187744
"PUGET:TransmissionLine:BREM_PT A 1",-25.969055,19.425293,25.906006,-7.656494
"PUGET:TransmissionLine:BREM_PT A 2",-25.969055,19.425293,25.906006,-7.656494
"PALOUSE:TransmissionLine:VAN_WHEELER 230",77.989044,10.500366,-78.43951,-1.3856201
"PALOUSE:TransmissionLine:LIB_ROCK 1",-86.51709,64.45996,86.28467,-63.63086
"PALOUSE:TransmissionLine:LIB_ROCK 2",-86.51709,64.45996,86.28467,-63.63086
"PALOUSE:TransmissionLine:LIB_ROCK 3",-86.51709,64.45996,86.28467,-63.63086
"PALOUSE:TransmissionLine:LIB_ROCK 4",-86.51709,64.45996,86.28467,-63.63086
"PALOUSE:TransmissionLine:ELLENS_WHEELER 2-D",35.601776,9.788696,-35.79248,-9.87085
"PALOUSE:TransmissionLine:WEN_ELLENS 230",-222.5051,-2.9902344,219.0454,-18.08142
"PALOUSE:TransmissionLine:ELM_WHEELER 230",-178.77603,2.7320557,176.15088,-12.551147
"PUGET:TransmissionLine:SAT_OLY 230",-371.79962,-67.06152,365.86288,15.7109375
"COLUMBIA:TransmissionLine:WALLA_COY 230",37.616608,6.422119,-37.679718,2.4667969
"COLUMBIA:TransmissionLine:PULLMAN_COY 230",-37.761063,13.424561,37.67964,-2.4666748
"PALOUSE:TransmissionLine:PULLMAN_ST JOHN 230",23.380173,-25.024414,-23.450562,34.533447
"PALOUSE:TransmissionLine:CHEN_ST JOHN 230",-23.529633,41.534912,23.450745,-34.533203
