"ID","Name","Organization","ControlArea"
"PUGET:Station:AUBURN","AUBURN","PUGET","PUGET"
"PUGET:Station:MARYSVILLE","MARYSVILLE","PUGET","PUGET"
"PUGET:Station:SEATTLE","SEATTLE","PUGET","PUGET"
"PUGET:Station:EVERETT","EVERETT","PUGET","PUGET"
"PUGET:Station:VANCOUVER","VANCOUVER","PUGET","PUGET"
"PUGET:Station:TACOMA","TACOMA","PUGET","PUGET"
"PUGET:Station:BELLINGHAM","BELLINGHAM","PUGET","PUGET"
"PUGET:Station:CHEHALIS","CHEHALIS","PUGET","PUGET"
"PUGET:Station:MT VERNON","MT VERNON","PUGET","PUGET"
"PUGET:Station:AIRPORT","AIRPORT","PUGET","PUGET"
"PUGET:Station:LONGVIEW","LONGVIEW","PUGET","PUGET"
"PUGET:Station:PORT ANGELES","PORT ANGELES","PUGET","PUGET"
"PALOUSE:Station:LIBERTY","LIBERTY","PALOUSE","PALOUSE"
"PUGET:Station:REDMOND","REDMOND","PUGET","PUGET"
"PUGET:Station:OLYMPIA","OLYMPIA","PUGET","PUGET"
"PUGET:Station:BELLEVUE","BELLEVUE","PUGET","PUGET"
"COLUMBIA:Station:YAKIMA","YAKIMA","COLUMBIA","COLUMBIA"
"PALOUSE:Station:ELLENSBURG","ELLENSBURG","PALOUSE","PALOUSE"
"PALOUSE:Station:CHENEY","CHENEY","PALOUSE","PALOUSE"
"COLUMBIA:Station:FINLEY","FINLEY","COLUMBIA","COLUMBIA"
"COLUMBIA:Station:SUNNYSIDE","SUNNYSIDE","COLUMBIA","COLUMBIA"
"COLUMBIA:Station:GRANDVIEW","GRANDVIEW","COLUMBIA","COLUMBIA"
"COLUMBIA:Station:PROSSER","PROSSER","COLUMBIA","COLUMBIA"
"COLUMBIA:Station:RICHLAND","RICHLAND","COLUMBIA","COLUMBIA"
"COLUMBIA:Station:KENNEWICK","KENNEWICK","COLUMBIA","COLUMBIA"
"COLUMBIA:Station:BENTON","BENTON","COLUMBIA","COLUMBIA"
"COLUMBIA:Station:BENTON TAP","BENTON TAP","COLUMBIA","COLUMBIA"
"COLUMBIA:Station:KENNEWICK TAP","KENNEWICK TAP","COLUMBIA","COLUMBIA"
"COLUMBIA:Station:RICHLAND TAP","RICHLAND TAP","COLUMBIA","COLUMBIA"
"COLUMBIA:Station:GRANDVIEW TAP","GRANDVIEW TAP","COLUMBIA","COLUMBIA"
"COLUMBIA:Station:PROSSER TAP","PROSSER TAP","COLUMBIA","COLUMBIA"
"COLUMBIA:Station:PASCO","PASCO","COLUMBIA","COLUMBIA"
"COLUMBIA:Station:PASCO TAP","PASCO TAP","COLUMBIA","COLUMBIA"
"PALOUSE:Station:QUINCY","QUINCY","PALOUSE","PALOUSE"
"PALOUSE:Station:EPHRATA","EPHRATA","PALOUSE","PALOUSE"
"PALOUSE:Station:GLOYD","GLOYD","PALOUSE","PALOUSE"
"PUGET:Station:SATSOP","SATSOP","PUGET","PUGET"
"PALOUSE:Station:SPOKANE","SPOKANE","PALOUSE","PALOUSE"
"COLUMBIA:Station:WALLA WALLA","WALLA WALLA","COLUMBIA","COLUMBIA"
"PALOUSE:Station:ROCKFORD","ROCKFORD","PALOUSE","PALOUSE"
"PALOUSE:Station:WENATCHEE","WENATCHEE","PALOUSE","PALOUSE"
"PALOUSE:Station:VALLEY","VALLEY","PALOUSE","PALOUSE"
"PALOUSE:Station:WHEELER","WHEELER","PALOUSE","PALOUSE"
"COLUMBIA:Station:PULLMAN","PULLMAN","COLUMBIA","COLUMBIA"
"PALOUSE:Station:ELMER","ELMER","PALOUSE","PALOUSE"
"PALOUSE:Station:VANTAGE","VANTAGE","PALOUSE","PALOUSE"
"PUGET:Station:LYNNWOOD","LYNNWOOD","PUGET","PUGET"
"PUGET:Station:FEDERAL WAY","FEDERAL WAY","PUGET","PUGET"
"PUGET:Station:BREMERTON","BREMERTON","PUGET","PUGET"
"PUGET:Station:RENTON","RENTON","PUGET","PUGET"
"COLUMBIA:Station:COYOTE RIDGE","COYOTE RIDGE","COLUMBIA","COLUMBIA"
"PALOUSE:Station:ST JOHN","ST JOHN","PALOUSE","PALOUSE"
