"ID","Name","Transformer","Node1","Node2","R","X","Bmag","NormalOperatingLimit"
"PUGET:EVERETT:Transformer:EVETR 30:wnd1","EVETR 30","PUGET:EVERETT:Transformer:EVETR 30","PUGET:EVERETT:V230:Junction:5","PUGET:EVERETT:V24:Junction:14",0.0,0.03,0.0,500.0
"PUGET:EVERETT:Transformer:EVETR 35:wnd1","EVETR 35","PUGET:EVERETT:Transformer:EVETR 35","PUGET:EVERETT:V230:Junction:13","PUGET:EVERETT:V24:Junction:15",0.0,0.03,0.0,500.0
"PUGET:TACOMA:Transformer:TAC TR 39:wnd1","TAC TR 39","PUGET:TACOMA:Transformer:TAC TR 39","PUGET:TACOMA:V230:Junction:6","PUGET:TACOMA:V138:Junction:3050",0.0,0.02,0.0,500.0
"PUGET:TACOMA:Transformer:TAC TR 41:wnd1","TAC TR 41","PUGET:TACOMA:Transformer:TAC TR 41","PUGET:TACOMA:V138:Junction:3047","PUGET:TACOMA:V24:Junction:14",0.0,0.024,0.0,400.0
"PUGET:CHEHALIS:Transformer:CHETR 45:wnd1","CHETR 45","PUGET:CHEHALIS:Transformer:CHETR 45","PUGET:CHEHALIS:V230:Junction:11","PUGET:CHEHALIS:V138:Junction:16",0.0,0.01,0.0,350.0
"PUGET:CHEHALIS:Transformer:CHETR 48:wnd1","CHETR 48","PUGET:CHEHALIS:Transformer:CHETR 48","PUGET:CHEHALIS:V230:Junction:8","PUGET:CHEHALIS:V24:Junction:17",0.0,0.01,0.0,1626.0
"PUGET:AIRPORT:Transformer:AIRTR 57:wnd1","AIRTR 57","PUGET:AIRPORT:Transformer:AIRTR 57","PUGET:AIRPORT:V230:Junction:3384","PUGET:AIRPORT:V24:Junction:17",0.0,0.01,0.0,800.0
"PUGET:LONGVIEW:Transformer:LONGTR 59:wnd1","LONGTR 59","PUGET:LONGVIEW:Transformer:LONGTR 59","PUGET:LONGVIEW:V230:Junction:3305","PUGET:LONGVIEW:V69:Junction:11",0.0,0.01,0.0,320.0
"PUGET:PORT ANGELES:Transformer:PT A TR 63:wnd1","PT A TR 63","PUGET:PORT ANGELES:Transformer:PT A TR 63","PUGET:PORT ANGELES:V230:Junction:2879","PUGET:PORT ANGELES:V138:Junction:2904",0.0,0.01,0.0,250.0
"PUGET:REDMOND:Transformer:REDTR 70:wnd1","REDTR 70","PUGET:REDMOND:Transformer:REDTR 70","PUGET:REDMOND:V230:Junction:8","PUGET:REDMOND:V69:Junction:2063",0.0,0.191,0.0,320.0
"PUGET:BELLEVUE:Transformer:BELLVTR 74:wnd1","BELLVTR 74","PUGET:BELLEVUE:Transformer:BELLVTR 74","PUGET:BELLEVUE:V230:Junction:3569","PUGET:BELLEVUE:V69:Junction:13",0.0,0.01,0.0,320.0
"PUGET:MT VERNON:Transformer:MT VTR:wnd1","MT VTR","PUGET:MT VERNON:Transformer:MT VTR","PUGET:MT VERNON:V230:Junction:2693","PUGET:MT VERNON:V24:Junction:1841",0.0,0.0088,0.0,552.0
"PALOUSE:ELLENSBURG:Transformer:G1:wnd1","G1","PALOUSE:ELLENSBURG:Transformer:G1","PALOUSE:ELLENSBURG:V138:Junction:2196","PALOUSE:ELLENSBURG:V13.8:BusBarSection:G1",0.0,0.01,0.0,80.0
"PALOUSE:ELLENSBURG:Transformer:G2:wnd1","G2","PALOUSE:ELLENSBURG:Transformer:G2","PALOUSE:ELLENSBURG:V138:Junction:2192","PALOUSE:ELLENSBURG:V13.8:BusBarSection:G2",0.0,0.01,0.0,80.0
"PALOUSE:ELLENSBURG:Transformer:G3:wnd1","G3","PALOUSE:ELLENSBURG:Transformer:G3","PALOUSE:ELLENSBURG:V138:Junction:2186","PALOUSE:ELLENSBURG:V13.8:BusBarSection:G3",0.0,0.01,0.0,80.0
"PALOUSE:ELLENSBURG:Transformer:G4:wnd1","G4","PALOUSE:ELLENSBURG:Transformer:G4","PALOUSE:ELLENSBURG:V138:Junction:2189","PALOUSE:ELLENSBURG:V4.18:BusBarSection:G4",0.0,0.01,0.0,3.8
"PALOUSE:ELLENSBURG:Transformer:T1:wnd1","T1","PALOUSE:ELLENSBURG:Transformer:T1","PALOUSE:ELLENSBURG:V230:Junction:2263","PALOUSE:ELLENSBURG:V138:Junction:2275",0.00197,0.06324,-0.06324,223.0
"PALOUSE:ELLENSBURG:Transformer:T2:wnd1","T2","PALOUSE:ELLENSBURG:Transformer:T2","PALOUSE:ELLENSBURG:V230:Junction:2260","PALOUSE:ELLENSBURG:V138:Junction:2274",0.00197,0.06324,-0.06324,223.0
"PALOUSE:CHENEY:Transformer:G_1_2:wnd1","G_1_2","PALOUSE:CHENEY:Transformer:G_1_2","PALOUSE:CHENEY:V115:Junction:2309","PALOUSE:CHENEY:V13.8:BusBarSection:G_1_2",0.0,0.01,0.0,125.0
"PALOUSE:CHENEY:Transformer:G_2_4:wnd1","G_2_4","PALOUSE:CHENEY:Transformer:G_2_4","PALOUSE:CHENEY:V115:Junction:2311","PALOUSE:CHENEY:V13.8:BusBarSection:G_3_4",0.0,0.01,0.0,125.0
"PALOUSE:CHENEY:Transformer:SS1:wnd1","SS1","PALOUSE:CHENEY:Transformer:SS1","PALOUSE:CHENEY:V115:Junction:2326","PALOUSE:CHENEY:V.480:Junction:2354",0.0,0.5,0.0,5.0
"PALOUSE:CHENEY:Transformer:SS2:wnd1","SS2","PALOUSE:CHENEY:Transformer:SS2","PALOUSE:CHENEY:V115:Junction:2332","PALOUSE:CHENEY:V.480:Junction:2358",0.0,0.5,0.0,5.0
"PALOUSE:CHENEY:Transformer:T1:wnd1","T1","PALOUSE:CHENEY:Transformer:T1","PALOUSE:CHENEY:V230:Junction:2402","PALOUSE:CHENEY:V115:Junction:2444",0.0,0.01,0.0,200.0
"PALOUSE:CHENEY:Transformer:T2:wnd1","T2","PALOUSE:CHENEY:Transformer:T2","PALOUSE:CHENEY:V230:Junction:2399","PALOUSE:CHENEY:V115:Junction:2443",0.0,0.01,0.0,200.0
"COLUMBIA:FINLEY:Transformer:T_1:wnd1","T_1","COLUMBIA:FINLEY:Transformer:T_1","COLUMBIA:FINLEY:V230:Junction:2507","COLUMBIA:FINLEY:V13.8:Junction:2478",0.01,0.15,0.0,105.0
"COLUMBIA:FINLEY:Transformer:T_2:wnd1","T_2","COLUMBIA:FINLEY:Transformer:T_2","COLUMBIA:FINLEY:V230:Junction:2513","COLUMBIA:FINLEY:V13.8:Junction:2481",0.01,0.15,0.0,100.0
"COLUMBIA:FINLEY:Transformer:T_3:wnd1","T_3","COLUMBIA:FINLEY:Transformer:T_3","COLUMBIA:FINLEY:V230:Junction:2515","COLUMBIA:FINLEY:V13.8:Junction:2480",0.01,0.15,0.0,45.0
"COLUMBIA:FINLEY:Transformer:T_4:wnd1","T_4","COLUMBIA:FINLEY:Transformer:T_4","COLUMBIA:FINLEY:V230:Junction:2514","COLUMBIA:FINLEY:V13.8:Junction:2479",0.04,0.66,0.0,20.0
"COLUMBIA:YAKIMA:Transformer:ETR1:wnd1","ETR1","COLUMBIA:YAKIMA:Transformer:ETR1","COLUMBIA:YAKIMA:V115:Junction:3752","COLUMBIA:YAKIMA:V13.8:Junction:3756",0.0,0.07,0.0,300.0
"COLUMBIA:YAKIMA:Transformer:WTR1:wnd1","WTR1","COLUMBIA:YAKIMA:Transformer:WTR1","COLUMBIA:YAKIMA:V115:Junction:3753","COLUMBIA:YAKIMA:V13.8:Junction:3754",0.0,0.07,0.0,300.0
"COLUMBIA:YAKIMA:Transformer:WTR2:wnd1","WTR2","COLUMBIA:YAKIMA:Transformer:WTR2","COLUMBIA:YAKIMA:V230:Junction:3690","COLUMBIA:YAKIMA:V115:Junction:3750",0.0,0.01,0.0,820.0
"COLUMBIA:YAKIMA:Transformer:ETR2:wnd1","ETR2","COLUMBIA:YAKIMA:Transformer:ETR2","COLUMBIA:YAKIMA:V230:Junction:3691","COLUMBIA:YAKIMA:V115:Junction:3751",0.0,0.01,0.0,820.0
"COLUMBIA:YAKIMA:Transformer:TR3:wnd1","TR3","COLUMBIA:YAKIMA:Transformer:TR3","COLUMBIA:YAKIMA:V230:Junction:7900","COLUMBIA:YAKIMA:V115:Junction:4075",7.4E-4,0.0276,0.0,285.5
"COLUMBIA:FINLEY:Transformer:TR 1:wnd1","TR 1","COLUMBIA:FINLEY:Transformer:TR 1","COLUMBIA:FINLEY:V230:Junction:2584","COLUMBIA:FINLEY:V115:Junction:4086",7.4E-4,0.0276,0.0,285.5
"COLUMBIA:SUNNYSIDE:Transformer:TR 2:wnd1","TR 2","COLUMBIA:SUNNYSIDE:Transformer:TR 2","COLUMBIA:SUNNYSIDE:V115:Junction:3993","COLUMBIA:SUNNYSIDE:V12.5:Junction:4118",0.01,0.17,0.0,74.8
"COLUMBIA:SUNNYSIDE:Transformer:TR 1:wnd1","TR 1","COLUMBIA:SUNNYSIDE:Transformer:TR 1","COLUMBIA:SUNNYSIDE:V115:Junction:3991","COLUMBIA:SUNNYSIDE:V12.5:Junction:4103",0.01,0.17,0.0,74.8
"COLUMBIA:FINLEY:Transformer:TR 2:wnd1","TR 2","COLUMBIA:FINLEY:Transformer:TR 2","COLUMBIA:FINLEY:V230:Junction:2595","COLUMBIA:FINLEY:V115:Junction:4150",7.4E-4,0.0276,0.0,285.5
"COLUMBIA:GRANDVIEW:Transformer:TR15:wnd1","TR15","COLUMBIA:GRANDVIEW:Transformer:TR15","COLUMBIA:GRANDVIEW:V115:Junction:4321","COLUMBIA:GRANDVIEW:V12.5:Junction:4327",0.03,0.52,0.0,30.0
"COLUMBIA:PROSSER:Transformer:TR-14:wnd1","TR-14","COLUMBIA:PROSSER:Transformer:TR-14","COLUMBIA:PROSSER:V115:Junction:4394","COLUMBIA:PROSSER:V12.5:Junction:4384",0.03,0.52,0.0,30.0
"COLUMBIA:BENTON:Transformer:TR-13:wnd1","TR-13","COLUMBIA:BENTON:Transformer:TR-13","COLUMBIA:BENTON:V115:Junction:4435","COLUMBIA:BENTON:V12.5:Junction:4417",0.0,0.01,0.0,30.0
"COLUMBIA:RICHLAND:Transformer:TR-12:wnd1","TR-12","COLUMBIA:RICHLAND:Transformer:TR-12","COLUMBIA:RICHLAND:V115:Junction:4469","COLUMBIA:RICHLAND:V12.5:Junction:4451",0.03,0.52,0.0,30.0
"COLUMBIA:KENNEWICK:Transformer:TR-11:wnd1","TR-11","COLUMBIA:KENNEWICK:Transformer:TR-11","COLUMBIA:KENNEWICK:V115:Junction:4508","COLUMBIA:KENNEWICK:V12.5:Junction:4491",0.03,0.52,0.0,30.0
"COLUMBIA:PASCO:Transformer:TR-10:wnd1","TR-10","COLUMBIA:PASCO:Transformer:TR-10","COLUMBIA:PASCO:V115:Junction:4530","COLUMBIA:PASCO:V12.5:Junction:4532",0.03,0.52,0.0,30.0
"PALOUSE:QUINCY:Transformer:TR1:wnd1","TR1","PALOUSE:QUINCY:Transformer:TR1","PALOUSE:QUINCY:V115:Junction:4589","PALOUSE:QUINCY:V33:BusBarSection:EAST_BUS",0.05,0.54,0.0,28.0
"PALOUSE:QUINCY:Transformer:TR2:wnd1","TR2","PALOUSE:QUINCY:Transformer:TR2","PALOUSE:QUINCY:V115:Junction:4588","PALOUSE:QUINCY:V33:BusBarSection:WEST_BUS",0.05,0.54,0.0,28.0
"PALOUSE:ELLENSBURG:Transformer:T3:wnd1","T3","PALOUSE:ELLENSBURG:Transformer:T3","PALOUSE:ELLENSBURG:V230:Junction:2262","PALOUSE:ELLENSBURG:V115:Junction:4596",7.4E-4,0.0276,0.0,285.0
"PALOUSE:EPHRATA:Transformer:TR2:wnd1","TR2","PALOUSE:EPHRATA:Transformer:TR2","PALOUSE:EPHRATA:V115:Junction:4628","PALOUSE:EPHRATA:V12.5:Junction:4681",0.0,0.01,0.0,45.0
"PALOUSE:EPHRATA:Transformer:TR3:wnd1","TR3","PALOUSE:EPHRATA:Transformer:TR3","PALOUSE:EPHRATA:V115:Junction:4627","PALOUSE:EPHRATA:V12.5:Junction:4682",0.0,0.01,0.0,45.0
"PALOUSE:CHENEY:Transformer:T3:wnd1","T3","PALOUSE:CHENEY:Transformer:T3","PALOUSE:CHENEY:V230:Junction:4718","PALOUSE:CHENEY:V115:Junction:4726",0.0,0.01,0.0,200.0
"PALOUSE:GLOYD:Transformer:TR1:wnd1","TR1","PALOUSE:GLOYD:Transformer:TR1","PALOUSE:GLOYD:V115:Junction:4801","PALOUSE:GLOYD:V12.5:BusBarSection:BUS 1",0.03,0.52,0.0,30.0
"PALOUSE:GLOYD:Transformer:TR2:wnd1","TR2","PALOUSE:GLOYD:Transformer:TR2","PALOUSE:GLOYD:V115:Junction:4799","PALOUSE:GLOYD:V12.5:BusBarSection:BUS 2",0.03,0.52,0.0,30.0
"PALOUSE:GLOYD:Transformer:TR3:wnd1","TR3","PALOUSE:GLOYD:Transformer:TR3","PALOUSE:GLOYD:V115:Junction:4795","PALOUSE:GLOYD:V12.5:BusBarSection:BUS 3",0.03,0.52,0.0,30.0
"PUGET:SATSOP:Transformer:SAT GEN W:wnd1","SAT GEN W","PUGET:SATSOP:Transformer:SAT GEN W","PUGET:SATSOP:V500:Junction:4931","PUGET:SATSOP:V24:Junction:5156",2.1E-4,0.01286,0.0,1231.0
"PUGET:SATSOP:Transformer:SAT GEN E:wnd1","SAT GEN E","PUGET:SATSOP:Transformer:SAT GEN E","PUGET:SATSOP:V500:Junction:4924","PUGET:SATSOP:V24:Junction:5155",2.1E-4,0.01286,0.0,1231.0
"PUGET:SATSOP:Transformer:SAT 500_230:wnd1","SAT 500_230","PUGET:SATSOP:Transformer:SAT 500_230","PUGET:SATSOP:V500:Junction:4930","PUGET:SATSOP:V230:Junction:5104",1.7E-4,0.01496,0.0,710.0
"PUGET:SATSOP:Transformer:SAT 230_24:wnd1","SAT 230_24","PUGET:SATSOP:Transformer:SAT 230_24","PUGET:SATSOP:V230:Junction:5110","PUGET:SATSOP:V24:Junction:5157",0.0,0.01,0.0,1626.0
"PUGET:SATSOP:Transformer:SS TR 1:wnd1","SS TR 1","PUGET:SATSOP:Transformer:SS TR 1","PUGET:SATSOP:V24:Junction:5216","PUGET:SATSOP:V4.18:Junction:5199",0.0,0.08,0.0,23.0
"PUGET:SATSOP:Transformer:SS TR 2:wnd1","SS TR 2","PUGET:SATSOP:Transformer:SS TR 2","PUGET:SATSOP:V24:Junction:5217","PUGET:SATSOP:V4.18:Junction:5196",0.0,0.08,0.0,23.0
"PALOUSE:SPOKANE:Transformer:TR3:wnd1","TR3","PALOUSE:SPOKANE:Transformer:TR3","PALOUSE:SPOKANE:V115:Junction:5386","PALOUSE:SPOKANE:V12.5:Junction:5344",0.01,0.21,0.0,56.0
"PALOUSE:SPOKANE:Transformer:TR2:wnd1","TR2","PALOUSE:SPOKANE:Transformer:TR2","PALOUSE:SPOKANE:V115:Junction:5382","PALOUSE:SPOKANE:V12.5:Junction:5356",0.01,0.21,0.0,56.0
"PALOUSE:SPOKANE:Transformer:TR1:wnd1","TR1","PALOUSE:SPOKANE:Transformer:TR1","PALOUSE:SPOKANE:V115:Junction:5387","PALOUSE:SPOKANE:V12.5:Junction:5338",0.01,0.21,0.0,56.0
"PALOUSE:WENATCHEE:Transformer:WEN 500-230 TR1:wnd1","WEN 500-230 TR1","PALOUSE:WENATCHEE:Transformer:WEN 500-230 TR1","PALOUSE:WENATCHEE:V500:Junction:5479","PALOUSE:WENATCHEE:V230:Junction:7754",1.7E-4,0.01165,0.0,942.0
"COLUMBIA:WALLA WALLA:Transformer:WAL 500-230:wnd1","WAL 500-230","COLUMBIA:WALLA WALLA:Transformer:WAL 500-230","COLUMBIA:WALLA WALLA:V500:Junction:5727","COLUMBIA:WALLA WALLA:V230:Junction:5746",1.7E-4,0.01165,0.0,942.0
"PALOUSE:VALLEY:Transformer:TR3:wnd1","TR3","PALOUSE:VALLEY:Transformer:TR3","PALOUSE:VALLEY:V115:Junction:5821","PALOUSE:VALLEY:V12.5:BusBarSection:BUS 3",0.01,0.17,0.0,95.0
"PALOUSE:VALLEY:Transformer:TR2:wnd1","TR2","PALOUSE:VALLEY:Transformer:TR2","PALOUSE:VALLEY:V115:Junction:5818","PALOUSE:VALLEY:V12.5:BusBarSection:BUS 2",0.01,0.17,0.0,95.0
"PALOUSE:VALLEY:Transformer:TR1:wnd1","TR1","PALOUSE:VALLEY:Transformer:TR1","PALOUSE:VALLEY:V115:Junction:5819","PALOUSE:VALLEY:V12.5:BusBarSection:BUS 1",0.01,0.17,0.0,95.0
"PALOUSE:CHENEY:Transformer:T4:wnd1","T4","PALOUSE:CHENEY:Transformer:T4","PALOUSE:CHENEY:V230:Junction:2407","PALOUSE:CHENEY:V115:Junction:5944",0.0,0.01,0.0,200.0
"COLUMBIA:FINLEY:Transformer:T_5:wnd1","T_5","COLUMBIA:FINLEY:Transformer:T_5","COLUMBIA:FINLEY:V500:Junction:6339","COLUMBIA:FINLEY:V230:Junction:5854",1.7E-4,0.01165,-0.01219,942.0
"COLUMBIA:YAKIMA:Transformer:T_500:wnd1","T_500","COLUMBIA:YAKIMA:Transformer:T_500","COLUMBIA:YAKIMA:V500:Junction:6815","COLUMBIA:YAKIMA:V230:Junction:3692",1.7E-4,0.01165,-0.01219,942.0
"PALOUSE:ROCKFORD:Transformer:50-23 TR1:wnd1","50-23 TR1","PALOUSE:ROCKFORD:Transformer:50-23 TR1","PALOUSE:ROCKFORD:V500:Junction:6128","PALOUSE:ROCKFORD:V230:Junction:6758",0.0,0.01,0.0,1200.0
"PALOUSE:ROCKFORD:Transformer:TR3:wnd1","TR3","PALOUSE:ROCKFORD:Transformer:TR3","PALOUSE:ROCKFORD:V230:Junction:6704","PALOUSE:ROCKFORD:V115:Junction:6180",0.0,0.1,0.0,120.0
"PALOUSE:ROCKFORD:Transformer:TR4:wnd1","TR4","PALOUSE:ROCKFORD:Transformer:TR4","PALOUSE:ROCKFORD:V230:Junction:6697","PALOUSE:ROCKFORD:V115:Junction:6179",0.0,0.1,0.0,120.0
"PALOUSE:WHEELER:Transformer:TR1:wnd1","TR1","PALOUSE:WHEELER:Transformer:TR1","PALOUSE:WHEELER:V230:Junction:6207","PALOUSE:WHEELER:V115:Junction:6229",0.0,0.1,0.0,120.0
"PALOUSE:WHEELER:Transformer:TR2:wnd1","TR2","PALOUSE:WHEELER:Transformer:TR2","PALOUSE:WHEELER:V230:Junction:6203","PALOUSE:WHEELER:V115:Junction:6230",0.0,0.1,0.0,120.0
"PALOUSE:VANTAGE:Transformer:TR1:wnd1","TR1","PALOUSE:VANTAGE:Transformer:TR1","PALOUSE:VANTAGE:V230:Junction:8756","PALOUSE:VANTAGE:V115:Junction:6267",0.0,0.1,0.0,120.0
"PUGET:EVERETT:Transformer:EVETR 500:wnd1","EVETR 500","PUGET:EVERETT:Transformer:EVETR 500","PUGET:EVERETT:V500:Junction:6420","PUGET:EVERETT:V230:Junction:8241",1.2E-4,0.01295,-0.01286,1231.0
"PALOUSE:ROCKFORD:Transformer:50-23 TR2:wnd1","50-23 TR2","PALOUSE:ROCKFORD:Transformer:50-23 TR2","PALOUSE:ROCKFORD:V500:Junction:6122","PALOUSE:ROCKFORD:V230:Junction:6155",0.0,0.01,0.0,1200.0
"PALOUSE:ELMER:Transformer:TR12:wnd1","TR12","PALOUSE:ELMER:Transformer:TR12","PALOUSE:ELMER:V230:Junction:6977","PALOUSE:ELMER:V14:BusBarSection:14KV GEN BUS 1",0.0,0.06,0.0,188.0
"PALOUSE:ELMER:Transformer:TR34:wnd1","TR34","PALOUSE:ELMER:Transformer:TR34","PALOUSE:ELMER:V230:Junction:6966","PALOUSE:ELMER:V14:BusBarSection:14KV GEN BUS 2",0.0,0.06,0.0,188.0
"PALOUSE:ELMER:Transformer:TR56:wnd1","TR56","PALOUSE:ELMER:Transformer:TR56","PALOUSE:ELMER:V230:Junction:6958","PALOUSE:ELMER:V14:BusBarSection:14KV GEN BUS 3",0.0,0.06,0.0,188.0
"PALOUSE:ELMER:Transformer:TR78:wnd1","TR78","PALOUSE:ELMER:Transformer:TR78","PALOUSE:ELMER:V230:Junction:6968","PALOUSE:ELMER:V14:BusBarSection:14KV GEN BUS 4",0.0,0.06,0.0,188.0
"PALOUSE:ELMER:Transformer:TR90:wnd1","TR90","PALOUSE:ELMER:Transformer:TR90","PALOUSE:ELMER:V230:Junction:6976","PALOUSE:ELMER:V14:BusBarSection:14KV GEN BUS 5",0.0,0.06,0.0,188.0
"PALOUSE:ELMER:Transformer:500_230 TR1:wnd1","500_230 TR1","PALOUSE:ELMER:Transformer:500_230 TR1","PALOUSE:ELMER:V500:Junction:6817","PALOUSE:ELMER:V230:Junction:8084",1.2E-4,0.01295,-0.01286,1231.0
"PALOUSE:ELMER:Transformer:500_230 TR2:wnd1","500_230 TR2","PALOUSE:ELMER:Transformer:500_230 TR2","PALOUSE:ELMER:V500:Junction:6292","PALOUSE:ELMER:V230:Junction:6965",1.2E-4,0.01295,-0.01286,1231.0
"PUGET:BREMERTON:Transformer:TR1:wnd1","TR1","PUGET:BREMERTON:Transformer:TR1","PUGET:BREMERTON:V230:Junction:7403","PUGET:BREMERTON:V13.8:Junction:7412",0.01,0.15,0.0,100.0
"PUGET:RENTON:Transformer:W GEN TR:wnd1","W GEN TR","PUGET:RENTON:Transformer:W GEN TR","PUGET:RENTON:V230:Junction:7220","PUGET:RENTON:V13.8:Junction:7460",0.0,0.06,0.0,188.0
"PUGET:RENTON:Transformer:E GEN TR:wnd1","E GEN TR","PUGET:RENTON:Transformer:E GEN TR","PUGET:RENTON:V230:Junction:7224","PUGET:RENTON:V13.8:Junction:7458",0.0,0.06,0.0,188.0
"PALOUSE:WENATCHEE:Transformer:WEN 500-230 TR2:wnd1","WEN 500-230 TR2","PALOUSE:WENATCHEE:Transformer:WEN 500-230 TR2","PALOUSE:WENATCHEE:V500:Junction:5496","PALOUSE:WENATCHEE:V230:Junction:7772",1.7E-4,0.01165,0.0,942.0
"PALOUSE:WENATCHEE:Transformer:TR1A:wnd1","TR1A","PALOUSE:WENATCHEE:Transformer:TR1A","PALOUSE:WENATCHEE:V230:Junction:7764","PALOUSE:WENATCHEE:V1:Junction:7547",0.0,-0.0285,0.0,194.0
"PALOUSE:WENATCHEE:Transformer:TR1B:wnd1","TR1B","PALOUSE:WENATCHEE:Transformer:TR1B","PALOUSE:WENATCHEE:V14:Junction:7619","PALOUSE:WENATCHEE:V1:Junction:7547",0.0,0.1876,0.0,194.0
"PALOUSE:WENATCHEE:Transformer:TR1C:wnd1","TR1C","PALOUSE:WENATCHEE:Transformer:TR1C","PALOUSE:WENATCHEE:V14:Junction:7616","PALOUSE:WENATCHEE:V1:Junction:7547",0.0,0.1876,0.0,194.0
"PALOUSE:WENATCHEE:Transformer:TR2B:wnd1","TR2B","PALOUSE:WENATCHEE:Transformer:TR2B","PALOUSE:WENATCHEE:V14:Junction:7617","PALOUSE:WENATCHEE:V1:Junction:7565",0.0,0.1876,0.0,194.0
"PALOUSE:WENATCHEE:Transformer:TR2C:wnd1","TR2C","PALOUSE:WENATCHEE:Transformer:TR2C","PALOUSE:WENATCHEE:V14:Junction:7621","PALOUSE:WENATCHEE:V1:Junction:7565",0.0,0.1876,0.0,194.0
"PALOUSE:WENATCHEE:Transformer:TR2A:wnd1","TR2A","PALOUSE:WENATCHEE:Transformer:TR2A","PALOUSE:WENATCHEE:V230:Junction:5613","PALOUSE:WENATCHEE:V1:Junction:7565",0.0,-0.0285,0.0,194.0
"PALOUSE:WENATCHEE:Transformer:TR3A:wnd1","TR3A","PALOUSE:WENATCHEE:Transformer:TR3A","PALOUSE:WENATCHEE:V230:Junction:7765","PALOUSE:WENATCHEE:V1:Junction:7563",0.0,-0.0285,0.0,194.0
"PALOUSE:WENATCHEE:Transformer:TR3B:wnd1","TR3B","PALOUSE:WENATCHEE:Transformer:TR3B","PALOUSE:WENATCHEE:V14:Junction:7613","PALOUSE:WENATCHEE:V1:Junction:7563",0.0,0.1876,0.0,194.0
"PALOUSE:WENATCHEE:Transformer:TR3C:wnd1","TR3C","PALOUSE:WENATCHEE:Transformer:TR3C","PALOUSE:WENATCHEE:V14:Junction:7618","PALOUSE:WENATCHEE:V1:Junction:7563",0.0,0.1876,0.0,194.0
"PALOUSE:WENATCHEE:Transformer:TR4A:wnd1","TR4A","PALOUSE:WENATCHEE:Transformer:TR4A","PALOUSE:WENATCHEE:V230:Junction:7761","PALOUSE:WENATCHEE:V1:Junction:7564",0.0,-0.0285,0.0,194.0
"PALOUSE:WENATCHEE:Transformer:TR4B:wnd1","TR4B","PALOUSE:WENATCHEE:Transformer:TR4B","PALOUSE:WENATCHEE:V14:Junction:7614","PALOUSE:WENATCHEE:V1:Junction:7564",0.0,0.1876,0.0,194.0
"PALOUSE:WENATCHEE:Transformer:TR4C:wnd1","TR4C","PALOUSE:WENATCHEE:Transformer:TR4C","PALOUSE:WENATCHEE:V14:Junction:7612","PALOUSE:WENATCHEE:V1:Junction:7564",0.0,0.1876,0.0,194.0
"PALOUSE:WENATCHEE:Transformer:TR5A:wnd1","TR5A","PALOUSE:WENATCHEE:Transformer:TR5A","PALOUSE:WENATCHEE:V230:Junction:7751","PALOUSE:WENATCHEE:V1:Junction:7566",0.0,-0.0285,0.0,194.0
"PALOUSE:WENATCHEE:Transformer:TR5B:wnd1","TR5B","PALOUSE:WENATCHEE:Transformer:TR5B","PALOUSE:WENATCHEE:V14:Junction:7620","PALOUSE:WENATCHEE:V1:Junction:7566",0.0,0.1876,0.0,194.0
"PALOUSE:WENATCHEE:Transformer:TR5C:wnd1","TR5C","PALOUSE:WENATCHEE:Transformer:TR5C","PALOUSE:WENATCHEE:V14:Junction:7615","PALOUSE:WENATCHEE:V1:Junction:7566",0.0,0.1876,0.0,194.0
"PALOUSE:WENATCHEE:Transformer:TR110:wnd1","TR110","PALOUSE:WENATCHEE:Transformer:TR110","PALOUSE:WENATCHEE:V14:Junction:7809","PALOUSE:WENATCHEE:V4.18:Junction:7862",0.14127,1.0301,0.0,5.0
"PALOUSE:WENATCHEE:Transformer:TR120:wnd1","TR120","PALOUSE:WENATCHEE:Transformer:TR120","PALOUSE:WENATCHEE:V14:Junction:7804","PALOUSE:WENATCHEE:V4.18:Junction:7868",0.14127,1.0301,0.0,5.0
"PALOUSE:WENATCHEE:Transformer:TR210:wnd1","TR210","PALOUSE:WENATCHEE:Transformer:TR210","PALOUSE:WENATCHEE:V14:Junction:7808","PALOUSE:WENATCHEE:V4.18:Junction:7865",0.14127,1.0301,0.0,5.0
"PALOUSE:WENATCHEE:Transformer:TR220:wnd1","TR220","PALOUSE:WENATCHEE:Transformer:TR220","PALOUSE:WENATCHEE:V14:Junction:7801","PALOUSE:WENATCHEE:V4.18:Junction:7866",0.14127,1.0301,0.0,5.0
"PALOUSE:WENATCHEE:Transformer:TR310:wnd1","TR310","PALOUSE:WENATCHEE:Transformer:TR310","PALOUSE:WENATCHEE:V14:Junction:7803","PALOUSE:WENATCHEE:V4.18:Junction:7861",0.14127,1.0301,0.0,7.0
"PALOUSE:WENATCHEE:Transformer:TR320:wnd1","TR320","PALOUSE:WENATCHEE:Transformer:TR320","PALOUSE:WENATCHEE:V14:Junction:7802","PALOUSE:WENATCHEE:V4.18:Junction:7867",0.14127,1.0301,0.0,7.0
"PALOUSE:WENATCHEE:Transformer:TR410:wnd1","TR410","PALOUSE:WENATCHEE:Transformer:TR410","PALOUSE:WENATCHEE:V14:Junction:7812","PALOUSE:WENATCHEE:V4.18:Junction:7863",0.14127,1.0301,0.0,7.0
"PALOUSE:WENATCHEE:Transformer:TR420:wnd1","TR420","PALOUSE:WENATCHEE:Transformer:TR420","PALOUSE:WENATCHEE:V14:Junction:7798","PALOUSE:WENATCHEE:V4.18:Junction:7864",0.14127,1.0301,0.0,7.0
"PUGET:AUBURN:Transformer:AUB 500-230 TR1:wnd1","AUB 500-230 TR1","PUGET:AUBURN:Transformer:AUB 500-230 TR1","PUGET:AUBURN:V500:Junction:5639","PUGET:AUBURN:V230:Junction:8219",1.2E-4,0.01295,-0.01286,1231.0
"PUGET:AUBURN:Transformer:AUB 500-230 TR2:wnd1","AUB 500-230 TR2","PUGET:AUBURN:Transformer:AUB 500-230 TR2","PUGET:AUBURN:V500:Junction:6579","PUGET:AUBURN:V230:Junction:10",1.2E-4,0.01295,-0.01286,1231.0
"PUGET:TACOMA:Transformer:TAC TR2:wnd1","TAC TR2","PUGET:TACOMA:Transformer:TAC TR2","PUGET:TACOMA:V230:Junction:7911","PUGET:TACOMA:V24:Junction:3633",0.0,0.1,0.0,820.0
"PUGET:VANCOUVER:Transformer:VANC T1:wnd1","VANC T1","PUGET:VANCOUVER:Transformer:VANC T1","PUGET:VANCOUVER:V230:Junction:8266","PUGET:VANCOUVER:V24:BusBarSection:GEN BUS",0.0,0.008,0.0,120.0
"PALOUSE:LIBERTY:Transformer:DIESEL T1:wnd1","DIESEL T1","PALOUSE:LIBERTY:Transformer:DIESEL T1","PALOUSE:LIBERTY:V24:Junction:3247","PALOUSE:LIBERTY:V13.8:Junction:3238",0.0,0.01,0.0,12.0
"PALOUSE:LIBERTY:Transformer:LIB TR1:wnd1","LIB TR1","PALOUSE:LIBERTY:Transformer:LIB TR1","PALOUSE:LIBERTY:V230:Junction:3167","PALOUSE:LIBERTY:V24:Junction:3249",0.0,0.011,0.0,1300.0
"PALOUSE:LIBERTY:Transformer:LIB TR2:wnd1","LIB TR2","PALOUSE:LIBERTY:Transformer:LIB TR2","PALOUSE:LIBERTY:V230:Junction:3156","PALOUSE:LIBERTY:V24:Junction:3216",0.0,0.011,0.0,1300.0
"COLUMBIA:WALLA WALLA:Transformer:TR_1:wnd1","TR_1","COLUMBIA:WALLA WALLA:Transformer:TR_1","COLUMBIA:WALLA WALLA:V230:Junction:8409","COLUMBIA:WALLA WALLA:V21.6:Junction:8929",0.001678,0.091394,0.0,160.0
"COLUMBIA:WALLA WALLA:Transformer:TR_2:wnd1","TR_2","COLUMBIA:WALLA WALLA:Transformer:TR_2","COLUMBIA:WALLA WALLA:V230:Junction:8414","COLUMBIA:WALLA WALLA:V21.6:Junction:8930",0.001678,0.091394,0.0,160.0
"COLUMBIA:WALLA WALLA:Transformer:TR_3:wnd1","TR_3","COLUMBIA:WALLA WALLA:Transformer:TR_3","COLUMBIA:WALLA WALLA:V230:Junction:8416","COLUMBIA:WALLA WALLA:V33:Junction:8928",0.001678,0.091394,0.0,160.0
"COLUMBIA:PULLMAN:Transformer:TR_1:wnd1","TR_1","COLUMBIA:PULLMAN:Transformer:TR_1","COLUMBIA:PULLMAN:V500:Junction:5995","COLUMBIA:PULLMAN:V230:Junction:8591",1.7E-4,0.01165,0.0,942.0
"COLUMBIA:COYOTE RIDGE:Transformer:TR1:wnd1","TR1","COLUMBIA:COYOTE RIDGE:Transformer:TR1","COLUMBIA:COYOTE RIDGE:V230:Junction:8634","COLUMBIA:COYOTE RIDGE:V33:BusBarSection:33KV BUS",0.001678,0.091394,0.0,160.0
"COLUMBIA:COYOTE RIDGE:Transformer:TR2:wnd1","TR2","COLUMBIA:COYOTE RIDGE:Transformer:TR2","COLUMBIA:COYOTE RIDGE:V230:Junction:8644","COLUMBIA:COYOTE RIDGE:V21.6:BusBarSection:21.6KV BUS",0.001678,0.091394,0.0,160.0
"PALOUSE:ST JOHN:Transformer:TR1:wnd1","TR1","PALOUSE:ST JOHN:Transformer:TR1","PALOUSE:ST JOHN:V230:Junction:8788","PALOUSE:ST JOHN:V24:Junction:8809",0.001678,0.091394,0.0,160.0
"PALOUSE:VANTAGE:Transformer:TR2:wnd1","TR2","PALOUSE:VANTAGE:Transformer:TR2","PALOUSE:VANTAGE:V230:Junction:6248","PALOUSE:VANTAGE:V24:Junction:8832",0.0,0.06,0.0,188.0
"PALOUSE:VANTAGE:Transformer:TR3:wnd1","TR3","PALOUSE:VANTAGE:Transformer:TR3","PALOUSE:VANTAGE:V230:Junction:8758","PALOUSE:VANTAGE:V33:Junction:8831",0.0,0.06,0.0,188.0
