"ID","Name","MinOperatingMW","MaxOperatingMW","GeneratingUnitType"
"PUGET:VANCOUVER:V24:SynchronousMachine:VANCOUVER","VANCOUVER",-1.0,73.0,"Hydro"
"PUGET:EVERETT:V24:SynchronousMachine:EVERETT 1","EVERETT 1",0.0,400.0,"Thermal"
"PUGET:EVERETT:V24:SynchronousMachine:EVERETT 2","EVERETT 2",0.0,400.0,"Thermal"
"PUGET:CHEHALIS:V24:SynchronousMachine:CHEHALIS","CHEHALIS",0.0,1200.0,"Thermal"
"PUGET:AIRPORT:V24:SynchronousMachine:AIRPORT","AIRPORT",0.0,600.0,"Thermal"
"PALOUSE:LIBERTY:V24:SynchronousMachine:LIBERTY","LIBERTY",0.0,1200.0,"Thermal"
"PUGET:MT VERNON:V24:SynchronousMachine:MT VERNON","MT VERNON",0.0,400.0,"Thermal"
"PALOUSE:ELLENSBURG:V13.8:SynchronousMachine:ELLENS_G1_CC_CT","ELLENS_G1_CC_CT",0.0,75.0,"Thermal"
"PALOUSE:ELLENSBURG:V13.8:SynchronousMachine:ELLENS_G2_CC_CT","ELLENS_G2_CC_CT",0.0,75.0,"Thermal"
"PALOUSE:ELLENSBURG:V13.8:SynchronousMachine:ELLENS_G3_CC_S","ELLENS_G3_CC_S",0.0,50.0,"Thermal"
"PALOUSE:ELLENSBURG:V4.18:SynchronousMachine:ELLENS_G4_DIESEL","ELLENS_G4_DIESEL",0.0,3.0,"Thermal"
"PALOUSE:CHENEY:V13.8:SynchronousMachine:CHEN_G_1","CHEN_G_1",0.0,50.0,"Thermal"
"PALOUSE:CHENEY:V13.8:SynchronousMachine:CHEN_G_2","CHEN_G_2",0.0,50.0,"Thermal"
"PALOUSE:CHENEY:V13.8:SynchronousMachine:CHEN_G_3","CHEN_G_3",0.0,50.0,"Thermal"
"PALOUSE:CHENEY:V13.8:SynchronousMachine:CHEN_G_4","CHEN_G_4",0.0,50.0,"Thermal"
"COLUMBIA:FINLEY:V13.8:SynchronousMachine:FIN_G_1","FIN_G_1",0.0,102.0,"Thermal"
"COLUMBIA:FINLEY:V13.8:SynchronousMachine:FIN_G_2","FIN_G_2",0.0,95.0,"Thermal"
"COLUMBIA:FINLEY:V13.8:SynchronousMachine:FIN_G_3","FIN_G_3",0.0,40.0,"Thermal"
"COLUMBIA:FINLEY:V13.8:SynchronousMachine:FIN_G_4","FIN_G_4",0.0,18.0,"Thermal"
"PALOUSE:LIBERTY:V13.8:SynchronousMachine:DIESEL 1","DIESEL 1",0.0,3.0,"Thermal"
"PALOUSE:LIBERTY:V13.8:SynchronousMachine:DIESEL 2","DIESEL 2",0.0,3.0,"Thermal"
"PALOUSE:LIBERTY:V13.8:SynchronousMachine:DIESEL 3","DIESEL 3",0.0,3.0,"Thermal"
"PUGET:TACOMA:V24:SynchronousMachine:TACOMA 1","TACOMA 1",0.0,200.0,"Thermal"
"PUGET:TACOMA:V24:SynchronousMachine:TACOMA 2","TACOMA 2",0.0,200.0,"Thermal"
"PUGET:TACOMA:V24:SynchronousMachine:TACOMA 3","TACOMA 3",0.0,200.0,"Thermal"
"COLUMBIA:YAKIMA:V13.8:SynchronousMachine:YAK_GEN_WEST","YAK_GEN_WEST",0.0,250.0,"Thermal"
"COLUMBIA:YAKIMA:V13.8:SynchronousMachine:YAK_GEN_EAST","YAK_GEN_EAST",0.0,250.0,"Thermal"
"PUGET:SATSOP:V24:SynchronousMachine:SATSOP GEN 1","SATSOP GEN 1",0.0,1200.0,"Thermal"
"PUGET:SATSOP:V24:SynchronousMachine:SATSOP GEN 2","SATSOP GEN 2",0.0,1200.0,"Thermal"
"PUGET:SATSOP:V4.18:SynchronousMachine:E GEN A","E GEN A",0.0,10.0,"Thermal"
"PUGET:SATSOP:V4.18:SynchronousMachine:E GEN B","E GEN B",0.0,10.0,"Thermal"
"PUGET:SATSOP:V4.18:SynchronousMachine:E GEN C","E GEN C",0.0,10.0,"Thermal"
"PUGET:SATSOP:V4.18:SynchronousMachine:E GEN D","E GEN D",0.0,10.0,"Thermal"
"PALOUSE:ELMER:V14:SynchronousMachine:ELM_GEN 1","ELM_GEN 1",0.0,100.0,"Thermal"
"PALOUSE:ELMER:V14:SynchronousMachine:ELM_GEN 2","ELM_GEN 2",0.0,100.0,"Thermal"
"PALOUSE:ELMER:V14:SynchronousMachine:ELM_GEN 3","ELM_GEN 3",0.0,100.0,"Thermal"
"PALOUSE:ELMER:V14:SynchronousMachine:ELM_GEN 4","ELM_GEN 4",0.0,100.0,"Thermal"
"PALOUSE:ELMER:V14:SynchronousMachine:ELM_GEN 5","ELM_GEN 5",0.0,100.0,"Thermal"
"PALOUSE:ELMER:V14:SynchronousMachine:ELM_GEN 6","ELM_GEN 6",0.0,100.0,"Thermal"
"PALOUSE:ELMER:V14:SynchronousMachine:ELM_GEN 7","ELM_GEN 7",0.0,100.0,"Thermal"
"PALOUSE:ELMER:V14:SynchronousMachine:ELM_GEN 8","ELM_GEN 8",0.0,100.0,"Thermal"
"PALOUSE:ELMER:V14:SynchronousMachine:ELM_GEN 9","ELM_GEN 9",0.0,100.0,"Thermal"
"PALOUSE:ELMER:V14:SynchronousMachine:ELM_GEN 10","ELM_GEN 10",0.0,100.0,"Thermal"
"PUGET:BREMERTON:V13.8:SynchronousMachine:BREM GEN","BREM GEN",0.0,80.0,"Thermal"
"PUGET:RENTON:V13.8:SynchronousMachine:RENT_G1_CC_CT","RENT_G1_CC_CT",0.0,75.0,"Thermal"
"PUGET:RENTON:V13.8:SynchronousMachine:RENT_G2_CC_CT","RENT_G2_CC_CT",0.0,75.0,"Thermal"
"PUGET:RENTON:V13.8:SynchronousMachine:RENT_G3_CC_S","RENT_G3_CC_S",0.0,50.0,"Thermal"
"PUGET:RENTON:V13.8:SynchronousMachine:RENT_G4_CC_CT","RENT_G4_CC_CT",0.0,75.0,"Thermal"
"PUGET:RENTON:V13.8:SynchronousMachine:RENT_G5_CC_CT","RENT_G5_CC_CT",0.0,75.0,"Thermal"
"PUGET:RENTON:V13.8:SynchronousMachine:RENT_G6_CC_S","RENT_G6_CC_S",0.0,50.0,"Thermal"
"PALOUSE:WENATCHEE:V14:SynchronousMachine:WEN_GEN 1","WEN_GEN 1",0.0,100.0,"Thermal"
"PALOUSE:WENATCHEE:V14:SynchronousMachine:WEN_GEN 2","WEN_GEN 2",0.0,100.0,"Thermal"
"PALOUSE:WENATCHEE:V14:SynchronousMachine:WEN_GEN 3","WEN_GEN 3",0.0,100.0,"Thermal"
"PALOUSE:WENATCHEE:V14:SynchronousMachine:WEN_GEN 4","WEN_GEN 4",0.0,100.0,"Thermal"
"PALOUSE:WENATCHEE:V14:SynchronousMachine:WEN_GEN 5","WEN_GEN 5",0.0,100.0,"Thermal"
"PALOUSE:WENATCHEE:V14:SynchronousMachine:WEN_GEN 6","WEN_GEN 6",0.0,100.0,"Thermal"
"PALOUSE:WENATCHEE:V14:SynchronousMachine:WEN_GEN 7","WEN_GEN 7",0.0,100.0,"Thermal"
"PALOUSE:WENATCHEE:V14:SynchronousMachine:WEN_GEN 8","WEN_GEN 8",0.0,100.0,"Thermal"
"PALOUSE:WENATCHEE:V14:SynchronousMachine:WEN_GEN 9","WEN_GEN 9",0.0,100.0,"Thermal"
"PALOUSE:WENATCHEE:V14:SynchronousMachine:WEN_GEN 10","WEN_GEN 10",0.0,100.0,"Thermal"
"PALOUSE:WENATCHEE:V4.18:SynchronousMachine:POWH DIESEL","POWH DIESEL",0.0,3.0,"Thermal"
"PALOUSE:ST JOHN:V24:SynchronousMachine:FEEDER 1","FEEDER 1",0.0,22.0,"Thermal"
"PALOUSE:ST JOHN:V24:SynchronousMachine:FEEDER 2","FEEDER 2",0.0,15.0,"Thermal"
"PALOUSE:ST JOHN:V24:SynchronousMachine:FEEDER 3","FEEDER 3",0.0,31.0,"Thermal"
"PALOUSE:ST JOHN:V24:SynchronousMachine:FEEDER 4","FEEDER 4",0.0,28.0,"Thermal"
"PALOUSE:ST JOHN:V24:SynchronousMachine:FEEDER 5","FEEDER 5",0.0,17.0,"Thermal"
"PALOUSE:ST JOHN:V24:SynchronousMachine:FEEDER 6","FEEDER 6",0.0,23.0,"Thermal"
"PALOUSE:ST JOHN:V24:SynchronousMachine:FEEDER 7","FEEDER 7",0.0,14.0,"Thermal"
"PALOUSE:VANTAGE:V24:SynchronousMachine:GEN 2-1","GEN 2-1",0.0,25.0,"Thermal"
"PALOUSE:VANTAGE:V24:SynchronousMachine:GEN 2-2","GEN 2-2",0.0,30.0,"Thermal"
"PALOUSE:VANTAGE:V24:SynchronousMachine:GEN 2-3","GEN 2-3",0.0,17.0,"Thermal"
"PALOUSE:VANTAGE:V24:SynchronousMachine:GEN 2-4","GEN 2-4",0.0,33.0,"Thermal"
"PALOUSE:VANTAGE:V33:SynchronousMachine:GEN 3-1","GEN 3-1",0.0,25.0,"Thermal"
"PALOUSE:VANTAGE:V33:SynchronousMachine:GEN 3-2","GEN 3-2",0.0,30.0,"Thermal"
"PALOUSE:VANTAGE:V33:SynchronousMachine:GEN 3-3","GEN 3-3",0.0,17.0,"Thermal"
"PALOUSE:VANTAGE:V33:SynchronousMachine:GEN 3-4","GEN 3-4",0.0,33.0,"Thermal"
"COLUMBIA:COYOTE RIDGE:V33:SynchronousMachine:FDR 310","FDR 310",0.0,17.0,"Thermal"
"COLUMBIA:COYOTE RIDGE:V33:SynchronousMachine:FDR 320","FDR 320",0.0,31.0,"Thermal"
"COLUMBIA:COYOTE RIDGE:V33:SynchronousMachine:FDR 330","FDR 330",0.0,14.0,"Thermal"
"COLUMBIA:COYOTE RIDGE:V33:SynchronousMachine:FDR 340","FDR 340",0.0,23.0,"Thermal"
"COLUMBIA:COYOTE RIDGE:V33:SynchronousMachine:FDR 350","FDR 350",0.0,15.0,"Thermal"
"COLUMBIA:COYOTE RIDGE:V21.6:SynchronousMachine:FDR 210","FDR 210",0.0,21.0,"Thermal"
"COLUMBIA:COYOTE RIDGE:V21.6:SynchronousMachine:FDR 220","FDR 220",0.0,11.0,"Thermal"
"COLUMBIA:COYOTE RIDGE:V21.6:SynchronousMachine:FDR 230","FDR 230",0.0,34.0,"Thermal"
"COLUMBIA:COYOTE RIDGE:V21.6:SynchronousMachine:FDR 240","FDR 240",0.0,23.0,"Thermal"
"COLUMBIA:COYOTE RIDGE:V21.6:SynchronousMachine:FDR 250","FDR 250",0.0,19.0,"Thermal"
"COLUMBIA:COYOTE RIDGE:V21.6:SynchronousMachine:FDR 260","FDR 260",0.0,22.0,"Thermal"
"COLUMBIA:WALLA WALLA:V21.6:SynchronousMachine:FDR 120","FDR 120",0.0,20.0,"Thermal"
"COLUMBIA:WALLA WALLA:V21.6:SynchronousMachine:FDR 160","FDR 160",0.0,15.0,"Thermal"
"COLUMBIA:WALLA WALLA:V21.6:SynchronousMachine:FDR 170","FDR 170",0.0,30.0,"Thermal"
"COLUMBIA:WALLA WALLA:V21.6:SynchronousMachine:FDR 180","FDR 180",0.0,27.0,"Thermal"
"COLUMBIA:WALLA WALLA:V21.6:SynchronousMachine:FDR 250","FDR 250",0.0,16.0,"Thermal"
"COLUMBIA:WALLA WALLA:V21.6:SynchronousMachine:FDR 260","FDR 260",0.0,22.0,"Thermal"
"COLUMBIA:WALLA WALLA:V21.6:SynchronousMachine:FDR 270","FDR 270",0.0,13.0,"Thermal"
"COLUMBIA:WALLA WALLA:V21.6:SynchronousMachine:FDR 280","FDR 280",0.0,10.0,"Thermal"
"COLUMBIA:WALLA WALLA:V33:SynchronousMachine:FDR 330","FDR 330",0.0,27.0,"Thermal"
"COLUMBIA:WALLA WALLA:V33:SynchronousMachine:FDR 340","FDR 340",0.0,24.0,"Thermal"
"COLUMBIA:WALLA WALLA:V33:SynchronousMachine:FDR 350","FDR 350",0.0,18.0,"Thermal"
"COLUMBIA:WALLA WALLA:V33:SynchronousMachine:FDR 360","FDR 360",0.0,21.0,"Thermal"
"COLUMBIA:WALLA WALLA:V33:SynchronousMachine:FDR 370","FDR 370",0.0,37.0,"Thermal"
