"ID","Name","Node"
"PUGET:AUBURN:V230:Load:AUBURN A","AUBURN A","PUGET:AUBURN:V230:Junction:5"
"PUGET:AUBURN:V230:Load:AUBURN B","AUBURN B","PUGET:AUBURN:V230:Junction:6"
"PUGET:MARYSVILLE:V230:Load:MARYS A","MARYS A","PUGET:MARYSVILLE:V230:Junction:5"
"PUGET:MARYSVILLE:V230:Load:MARYS B","MARYS B","PUGET:MARYSVILLE:V230:Junction:1900"
"PUGET:SEATTLE:V230:Load:SEATTLE A","SEATTLE A","PUGET:SEATTLE:V230:Junction:5"
"PUGET:EVERETT:V24:Load:EVERETT SS1","EVERETT SS1","PUGET:EVERETT:V24:Junction:17"
"PUGET:EVERETT:V24:Load:EVERETT SS2","EVERETT SS2","PUGET:EVERETT:V24:Junction:19"
"PUGET:EVERETT:V230:Load:EVERETT A","EVERETT A","PUGET:EVERETT:V230:Junction:9"
"PUGET:VANCOUVER:V230:Load:VANCOUVER A","VANCOUVER A","PUGET:VANCOUVER:V230:Junction:2836"
"PUGET:TACOMA:V138:Load:TACOMA A","TACOMA A","PUGET:TACOMA:V138:Junction:3046"
"PUGET:TACOMA:V24:Load:TACOMA SS","TACOMA SS","PUGET:TACOMA:V24:Junction:15"
"PUGET:BELLINGHAM:V230:Load:BELLINGHAM A","BELLINGHAM A","PUGET:BELLINGHAM:V230:Junction:2854"
"PUGET:CHEHALIS:V138:Load:CHEHALIS A","CHEHALIS A","PUGET:CHEHALIS:V138:Junction:2988"
"PUGET:CHEHALIS:V24:Load:CHEHALIS SS","CHEHALIS SS","PUGET:CHEHALIS:V24:Junction:18"
"PUGET:MT VERNON:V230:Load:MT VERNON A","MT VERNON A","PUGET:MT VERNON:V230:Junction:2658"
"PUGET:MT VERNON:V230:Load:MT VERNON B","MT VERNON B","PUGET:MT VERNON:V230:Junction:2654"
"PUGET:AIRPORT:V24:Load:AIRPORT SS","AIRPORT SS","PUGET:AIRPORT:V24:Junction:18"
"PUGET:AIRPORT:V230:Load:AIRPORT A","AIRPORT A","PUGET:AIRPORT:V230:Junction:6508"
"PUGET:LONGVIEW:V230:Load:LONGVIEW A","LONGVIEW A","PUGET:LONGVIEW:V230:Junction:3319"
"PUGET:LONGVIEW:V69:Load:LONGVIEW B","LONGVIEW B","PUGET:LONGVIEW:V69:Junction:10"
"PUGET:LONGVIEW:V69:Load:LONGVIEW C","LONGVIEW C","PUGET:LONGVIEW:V69:Junction:3338"
"PUGET:PORT ANGELES:V138:Load:PT ANGELES A","PT ANGELES A","PUGET:PORT ANGELES:V138:Junction:2900"
"PUGET:PORT ANGELES:V138:Load:PT ANGELES B","PT ANGELES B","PUGET:PORT ANGELES:V138:Junction:2902"
"PALOUSE:LIBERTY:V24:Load:LIBERTY C","LIBERTY C","PALOUSE:LIBERTY:V24:BusBarSection:SS BUS"
"PALOUSE:LIBERTY:V230:Load:LIBERTY A","LIBERTY A","PALOUSE:LIBERTY:V230:Junction:3149"
"PUGET:REDMOND:V230:Load:REDMOND A","REDMOND A","PUGET:REDMOND:V230:Junction:8298"
"PUGET:REDMOND:V69:Load:REDMOND B","REDMOND B","PUGET:REDMOND:V69:Junction:2056"
"PUGET:OLYMPIA:V230:Load:OLY A","OLY A","PUGET:OLYMPIA:V230:Junction:3452"
"PUGET:BELLEVUE:V230:Load:BELLEVUE A","BELLEVUE A","PUGET:BELLEVUE:V230:Junction:3560"
"PUGET:BELLEVUE:V69:Load:BELLEVUE B","BELLEVUE B","PUGET:BELLEVUE:V69:Junction:14"
"PALOUSE:CHENEY:V230:Load:CHENEY A","CHENEY A","PALOUSE:CHENEY:V230:Junction:2405"
"COLUMBIA:YAKIMA:V115:Load:EAST SS","EAST SS","COLUMBIA:YAKIMA:V115:Junction:4055"
"COLUMBIA:YAKIMA:V115:Load:WEST SS","WEST SS","COLUMBIA:YAKIMA:V115:Junction:4056"
"COLUMBIA:SUNNYSIDE:V12.5:Load:F0","F0","COLUMBIA:SUNNYSIDE:V12.5:Junction:4111"
"COLUMBIA:SUNNYSIDE:V12.5:Load:F1","F1","COLUMBIA:SUNNYSIDE:V12.5:Junction:4125"
"COLUMBIA:SUNNYSIDE:V12.5:Load:F2","F2","COLUMBIA:SUNNYSIDE:V12.5:Junction:4117"
"COLUMBIA:SUNNYSIDE:V12.5:Load:F3","F3","COLUMBIA:SUNNYSIDE:V12.5:Junction:4112"
"COLUMBIA:SUNNYSIDE:V12.5:Load:F4","F4","COLUMBIA:SUNNYSIDE:V12.5:Junction:4122"
"COLUMBIA:SUNNYSIDE:V12.5:Load:F5","F5","COLUMBIA:SUNNYSIDE:V12.5:Junction:4120"
"COLUMBIA:GRANDVIEW:V12.5:Load:F1","F1","COLUMBIA:GRANDVIEW:V12.5:Junction:4328"
"COLUMBIA:GRANDVIEW:V12.5:Load:F2","F2","COLUMBIA:GRANDVIEW:V12.5:Junction:4336"
"COLUMBIA:GRANDVIEW:V12.5:Load:F3","F3","COLUMBIA:GRANDVIEW:V12.5:Junction:4335"
"COLUMBIA:PROSSER:V12.5:Load:F1","F1","COLUMBIA:PROSSER:V12.5:Junction:4388"
"COLUMBIA:PROSSER:V12.5:Load:F2","F2","COLUMBIA:PROSSER:V12.5:Junction:4386"
"COLUMBIA:PROSSER:V12.5:Load:F3","F3","COLUMBIA:PROSSER:V12.5:Junction:4387"
"COLUMBIA:PROSSER:V12.5:Load:F4","F4","COLUMBIA:PROSSER:V12.5:Junction:4383"
"COLUMBIA:PROSSER:V12.5:Load:F5","F5","COLUMBIA:PROSSER:V12.5:Junction:4385"
"COLUMBIA:BENTON:V12.5:Load:F2","F2","COLUMBIA:BENTON:V12.5:Junction:4418"
"COLUMBIA:BENTON:V12.5:Load:F3","F3","COLUMBIA:BENTON:V12.5:Junction:4420"
"COLUMBIA:BENTON:V12.5:Load:F4","F4","COLUMBIA:BENTON:V12.5:Junction:4421"
"COLUMBIA:RICHLAND:V12.5:Load:F1","F1","COLUMBIA:RICHLAND:V12.5:Junction:4454"
"COLUMBIA:RICHLAND:V12.5:Load:F2","F2","COLUMBIA:RICHLAND:V12.5:Junction:4449"
"COLUMBIA:RICHLAND:V12.5:Load:F3","F3","COLUMBIA:RICHLAND:V12.5:Junction:4453"
"COLUMBIA:RICHLAND:V12.5:Load:F4","F4","COLUMBIA:RICHLAND:V12.5:Junction:4450"
"COLUMBIA:KENNEWICK:V12.5:Load:F1","F1","COLUMBIA:KENNEWICK:V12.5:Junction:4486"
"COLUMBIA:KENNEWICK:V12.5:Load:F2","F2","COLUMBIA:KENNEWICK:V12.5:Junction:4490"
"COLUMBIA:KENNEWICK:V12.5:Load:F3","F3","COLUMBIA:KENNEWICK:V12.5:Junction:4492"
"COLUMBIA:KENNEWICK:V12.5:Load:F4","F4","COLUMBIA:KENNEWICK:V12.5:Junction:4488"
"COLUMBIA:KENNEWICK:V12.5:Load:F5","F5","COLUMBIA:KENNEWICK:V12.5:Junction:4487"
"COLUMBIA:PASCO:V12.5:Load:F1","F1","COLUMBIA:PASCO:V12.5:Junction:4517"
"COLUMBIA:PASCO:V12.5:Load:F2","F2","COLUMBIA:PASCO:V12.5:Junction:4518"
"COLUMBIA:PASCO:V12.5:Load:F3","F3","COLUMBIA:PASCO:V12.5:Junction:4516"
"PALOUSE:QUINCY:V33:Load:QUIN01","QUIN01","PALOUSE:QUINCY:V33:Junction:4554"
"PALOUSE:QUINCY:V33:Load:QUIN02","QUIN02","PALOUSE:QUINCY:V33:Junction:4566"
"PALOUSE:QUINCY:V33:Load:QUIN03","QUIN03","PALOUSE:QUINCY:V33:Junction:4555"
"PALOUSE:QUINCY:V33:Load:QUIN04","QUIN04","PALOUSE:QUINCY:V33:Junction:4561"
"PALOUSE:ELLENSBURG:V138:Load:SS","SS","PALOUSE:ELLENSBURG:V138:Junction:2184"
"PALOUSE:EPHRATA:V12.5:Load:EPH01","EPH01","PALOUSE:EPHRATA:V12.5:Junction:4674"
"PALOUSE:EPHRATA:V12.5:Load:EPH02","EPH02","PALOUSE:EPHRATA:V12.5:Junction:4683"
"PALOUSE:EPHRATA:V12.5:Load:EPH03","EPH03","PALOUSE:EPHRATA:V12.5:Junction:4672"
"PALOUSE:EPHRATA:V12.5:Load:EPH04","EPH04","PALOUSE:EPHRATA:V12.5:Junction:4685"
"PALOUSE:EPHRATA:V12.5:Load:EPH05","EPH05","PALOUSE:EPHRATA:V12.5:Junction:4684"
"PALOUSE:GLOYD:V12.5:Load:GLO01","GLO01","PALOUSE:GLOYD:V12.5:Junction:4807"
"PALOUSE:GLOYD:V12.5:Load:GLO02","GLO02","PALOUSE:GLOYD:V12.5:Junction:4808"
"PALOUSE:GLOYD:V12.5:Load:GLO03","GLO03","PALOUSE:GLOYD:V12.5:Junction:4810"
"PALOUSE:GLOYD:V12.5:Load:GLO04","GLO04","PALOUSE:GLOYD:V12.5:Junction:4834"
"PALOUSE:GLOYD:V12.5:Load:GLO05","GLO05","PALOUSE:GLOYD:V12.5:Junction:4832"
"PALOUSE:GLOYD:V12.5:Load:GLO06","GLO06","PALOUSE:GLOYD:V12.5:Junction:4840"
"PALOUSE:GLOYD:V12.5:Load:GLO07","GLO07","PALOUSE:GLOYD:V12.5:Junction:4830"
"PALOUSE:GLOYD:V12.5:Load:GLO08","GLO08","PALOUSE:GLOYD:V12.5:Junction:4844"
"PALOUSE:GLOYD:V12.5:Load:GLO09","GLO09","PALOUSE:GLOYD:V12.5:Junction:4817"
"PALOUSE:GLOYD:V12.5:Load:GLO10","GLO10","PALOUSE:GLOYD:V12.5:Junction:4836"
"PUGET:SATSOP:V24:Load:GEN SERVICE 1","GEN SERVICE 1","PUGET:SATSOP:V24:Junction:5234"
"PUGET:SATSOP:V24:Load:GEN SERVICE 2","GEN SERVICE 2","PUGET:SATSOP:V24:Junction:5239"
"PALOUSE:SPOKANE:V12.5:Load:SPOK01","SPOK01","PALOUSE:SPOKANE:V12.5:Junction:5343"
"PALOUSE:SPOKANE:V12.5:Load:SPOK02","SPOK02","PALOUSE:SPOKANE:V12.5:Junction:5347"
"PALOUSE:SPOKANE:V12.5:Load:SPOK03","SPOK03","PALOUSE:SPOKANE:V12.5:Junction:5330"
"PALOUSE:SPOKANE:V12.5:Load:SPOK04","SPOK04","PALOUSE:SPOKANE:V12.5:Junction:5328"
"PALOUSE:SPOKANE:V12.5:Load:SPOK05","SPOK05","PALOUSE:SPOKANE:V12.5:Junction:5353"
"PALOUSE:SPOKANE:V12.5:Load:SPOK06","SPOK06","PALOUSE:SPOKANE:V12.5:Junction:5345"
"PALOUSE:SPOKANE:V12.5:Load:SPOK07","SPOK07","PALOUSE:SPOKANE:V12.5:Junction:5355"
"PALOUSE:SPOKANE:V12.5:Load:SPOK08","SPOK08","PALOUSE:SPOKANE:V12.5:Junction:5352"
"PALOUSE:SPOKANE:V12.5:Load:SPOK09","SPOK09","PALOUSE:SPOKANE:V12.5:Junction:5342"
"PALOUSE:VALLEY:V12.5:Load:VAL01","VAL01","PALOUSE:VALLEY:V12.5:Junction:5601"
"PALOUSE:VALLEY:V12.5:Load:VAL02","VAL02","PALOUSE:VALLEY:V12.5:Junction:5605"
"PALOUSE:VALLEY:V12.5:Load:VAL03","VAL03","PALOUSE:VALLEY:V12.5:Junction:5579"
"PALOUSE:VALLEY:V12.5:Load:VAL04","VAL04","PALOUSE:VALLEY:V12.5:Junction:5599"
"PALOUSE:VALLEY:V12.5:Load:VAL05","VAL05","PALOUSE:VALLEY:V12.5:Junction:5572"
"PALOUSE:VALLEY:V12.5:Load:VAL06","VAL06","PALOUSE:VALLEY:V12.5:Junction:5567"
"PALOUSE:VALLEY:V12.5:Load:VAL07","VAL07","PALOUSE:VALLEY:V12.5:Junction:5575"
"PALOUSE:VALLEY:V12.5:Load:VAL08","VAL08","PALOUSE:VALLEY:V12.5:Junction:5592"
"PALOUSE:VALLEY:V12.5:Load:VAL09","VAL09","PALOUSE:VALLEY:V12.5:Junction:5606"
"PALOUSE:VALLEY:V12.5:Load:VAL10","VAL10","PALOUSE:VALLEY:V12.5:Junction:5576"
"PALOUSE:VALLEY:V12.5:Load:VAL11","VAL11","PALOUSE:VALLEY:V12.5:Junction:5603"
"PALOUSE:WHEELER:V230:Load:WHEELER A","WHEELER A","PALOUSE:WHEELER:V230:Junction:6213"
"PALOUSE:VANTAGE:V230:Load:VANTAGE A","VANTAGE A","PALOUSE:VANTAGE:V230:Junction:6252"
"PUGET:RENTON:V13.8:Load:SS1","SS1","PUGET:RENTON:V13.8:Junction:7476"
"PUGET:RENTON:V13.8:Load:SS2","SS2","PUGET:RENTON:V13.8:Junction:7510"
"PALOUSE:WENATCHEE:V4.18:Load:SS1","SS1","PALOUSE:WENATCHEE:V4.18:Junction:7880"
"PALOUSE:WENATCHEE:V4.18:Load:SS2","SS2","PALOUSE:WENATCHEE:V4.18:Junction:7881"
"COLUMBIA:BENTON:V12.5:Load:F1","F1","COLUMBIA:BENTON:V12.5:Junction:4419"
"COLUMBIA:YAKIMA:V230:Load:YAK 1","YAK 1","COLUMBIA:YAKIMA:V230:Junction:3693"
"COLUMBIA:YAKIMA:V230:Load:YAK 2","YAK 2","COLUMBIA:YAKIMA:V230:Junction:3683"
"PALOUSE:WENATCHEE:V230:Load:WEN 1","WEN 1","PALOUSE:WENATCHEE:V230:Junction:7767"
"PUGET:VANCOUVER:V230:Load:VANCOUVER B","VANCOUVER B","PUGET:VANCOUVER:V230:Junction:2833"
"PUGET:TACOMA:V230:Load:TACOMA B","TACOMA B","PUGET:TACOMA:V230:Junction:7246"
"PALOUSE:LIBERTY:V230:Load:LIBERTY B","LIBERTY B","PALOUSE:LIBERTY:V230:Junction:3163"
"PUGET:SEATTLE:V230:Load:SEATTLE B","SEATTLE B","PUGET:SEATTLE:V230:Junction:7926"
"PUGET:SEATTLE:V230:Load:SEATTLE C","SEATTLE C","PUGET:SEATTLE:V230:Junction:12"
"PUGET:SATSOP:V230:Load:SATSOP A","SATSOP A","PUGET:SATSOP:V230:Junction:5108"
"PUGET:RENTON:V230:Load:RENTON A","RENTON A","PUGET:RENTON:V230:Junction:7950"
"PUGET:RENTON:V230:Load:RENTON B","RENTON B","PUGET:RENTON:V230:Junction:7951"
"PUGET:REDMOND:V69:Load:REDMOND C","REDMOND C","PUGET:REDMOND:V69:Junction:2065"
"PUGET:REDMOND:V69:Load:REDMOND D","REDMOND D","PUGET:REDMOND:V69:Junction:2057"
"PUGET:OLYMPIA:V230:Load:OLY B","OLY B","PUGET:OLYMPIA:V230:Junction:3446"
"COLUMBIA:FINLEY:V230:Load:FIN 1","FIN 1","COLUMBIA:FINLEY:V230:Junction:7973"
"COLUMBIA:FINLEY:V230:Load:FIN 2","FIN 2","COLUMBIA:FINLEY:V230:Junction:7974"
"COLUMBIA:FINLEY:V115:Load:FIN 3","FIN 3","COLUMBIA:FINLEY:V115:Junction:5323"
"PUGET:FEDERAL WAY:V230:Load:FED WAY 1","FED WAY 1","PUGET:FEDERAL WAY:V230:Junction:8118"
"PUGET:FEDERAL WAY:V230:Load:FED WAY 2","FED WAY 2","PUGET:FEDERAL WAY:V230:Junction:8112"
"PUGET:FEDERAL WAY:V230:Load:FED WAY 3","FED WAY 3","PUGET:FEDERAL WAY:V230:Junction:8113"
"PUGET:EVERETT:V230:Load:EVERETT B","EVERETT B","PUGET:EVERETT:V230:Junction:6391"
"PUGET:EVERETT:V230:Load:EVERETT C","EVERETT C","PUGET:EVERETT:V230:Junction:8010"
"PUGET:CHEHALIS:V138:Load:CHEHALIS B","CHEHALIS B","PUGET:CHEHALIS:V138:Junction:2979"
"PUGET:BREMERTON:V230:Load:BREM A","BREM A","PUGET:BREMERTON:V230:Junction:8035"
"PUGET:BREMERTON:V230:Load:BREM B","BREM B","PUGET:BREMERTON:V230:Junction:8030"
"PUGET:BREMERTON:V13.8:Load:BREM SS","BREM SS","PUGET:BREMERTON:V13.8:Junction:7430"
"PUGET:BELLINGHAM:V230:Load:BELLINGHAM B","BELLINGHAM B","PUGET:BELLINGHAM:V230:Junction:2856"
"PALOUSE:ELLENSBURG:V230:Load:ELLENS A","ELLENS A","PALOUSE:ELLENSBURG:V230:Junction:6052"
"PALOUSE:ELMER:V230:Load:ELMER A","ELMER A","PALOUSE:ELMER:V230:Junction:6964"
"PUGET:LYNNWOOD:V230:Load:LYNNWOOD A","LYNNWOOD A","PUGET:LYNNWOOD:V230:Junction:7047"
"PUGET:VANCOUVER:V24:Load:VANCOUVER SS","VANCOUVER SS","PUGET:VANCOUVER:V24:Junction:8162"
