"ID","Name","NominalKV","Substation","FrequencySourcePriority"
"PUGET:AUBURN:V230:BusBarSection:BUS 1","AUBURN BUS 1",230.0,"AUBURN",0
"PUGET:MARYSVILLE:V230:BusBarSection:BUS 1","MARYSVILLE BUS 1",230.0,"MARYSVILLE",0
"PUGET:MARYSVILLE:V230:BusBarSection:BUS 2","MARYSVILLE BUS 2",230.0,"MARYSVILLE",0
"PUGET:SEATTLE:V230:BusBarSection:BUS 1","SEATTLE BUS 1",230.0,"SEATTLE",8
"PUGET:EVERETT:V24:BusBarSection:BUS 3","EVERETT BUS 3",24.0,"EVERETT",25
"PUGET:EVERETT:V24:BusBarSection:BUS 4","EVERETT BUS 4",24.0,"EVERETT",0
"PUGET:EVERETT:V230:BusBarSection:CAP BUS","EVERETT CAP BUS",230.0,"EVERETT",27
"PUGET:TACOMA:V138:BusBarSection:BUS 3","TACOMA BUS 3",138.0,"TACOMA",0
"PUGET:TACOMA:V24:BusBarSection:GEN NORTH","TACOMA GEN NORTH",24.0,"TACOMA",0
"PUGET:TACOMA:V230:BusBarSection:BUS 2","TACOMA BUS 2",230.0,"TACOMA",40
"PUGET:BELLINGHAM:V230:BusBarSection:AUX BUS","BELLINGHAM AUX BUS",230.0,"BELLINGHAM",0
"PUGET:CHEHALIS:V138:BusBarSection:BUS 4","CHEHALIS BUS 4",138.0,"CHEHALIS",0
"PUGET:CHEHALIS:V24:BusBarSection:BUS 5","CHEHALIS BUS 5",24.0,"CHEHALIS",0
"PUGET:CHEHALIS:V230:BusBarSection:BUS 2","CHEHALIS BUS 2",230.0,"CHEHALIS",2
"PUGET:MT VERNON:V230:BusBarSection:LOOP BUS","MT VERNON LOOP BUS",230.0,"MT VERNON",0
"PUGET:AIRPORT:V24:BusBarSection:BUS 3","AIRPORT BUS 3",24.0,"AIRPORT",0
"PUGET:AIRPORT:V230:BusBarSection:BUS 2","AIRPORT BUS 2",230.0,"AIRPORT",0
"PUGET:LONGVIEW:V230:BusBarSection:BUS 2","LONGVIEW BUS 2",230.0,"LONGVIEW",0
"PUGET:LONGVIEW:V69:BusBarSection:BUS 3","LONGVIEW BUS 3",69.0,"LONGVIEW",0
"PUGET:PORT ANGELES:V138:BusBarSection:CAP BUS","PORT ANGELES CAP BUS",138.0,"PORT ANGELES",0
"PUGET:PORT ANGELES:V230:BusBarSection:BUS 1","PORT ANGELES BUS 1",230.0,"PORT ANGELES",0
"PALOUSE:LIBERTY:V24:BusBarSection:SS BUS","LIBERTY SS BUS",24.0,"LIBERTY",0
"PALOUSE:LIBERTY:V230:BusBarSection:BUS 2","LIBERTY BUS 2",230.0,"LIBERTY",50
"PUGET:REDMOND:V230:BusBarSection:CAP BUS","REDMOND CAP BUS",230.0,"REDMOND",0
"PUGET:REDMOND:V69:BusBarSection:BUS 3","REDMOND BUS 3",69.0,"REDMOND",0
"PUGET:OLYMPIA:V230:BusBarSection:AUX BUS","OLYMPIA AUX BUS",230.0,"OLYMPIA",0
"PUGET:BELLEVUE:V230:BusBarSection:BUS 2","BELLEVUE BUS 2",230.0,"BELLEVUE",0
"PUGET:BELLEVUE:V69:BusBarSection:BUS 3","BELLEVUE BUS 3",69.0,"BELLEVUE",0
"COLUMBIA:YAKIMA:V230:BusBarSection:MAIN BUS","YAKIMA MAIN BUS",230.0,"YAKIMA",0
"PUGET:VANCOUVER:V230:BusBarSection:AUX BUS","VANCOUVER AUX BUS",230.0,"VANCOUVER",0
"PUGET:MT VERNON:V24:BusBarSection:BUS 3-2","MT VERNON BUS 3-2",24.0,"MT VERNON",0
"PALOUSE:ELLENSBURG:V138:BusBarSection:GEN BUS","ELLENSBURG GEN BUS",138.0,"ELLENSBURG",10
"PALOUSE:ELLENSBURG:V13.8:BusBarSection:G1","ELLENSBURG G1",13.8,"ELLENSBURG",0
"PALOUSE:ELLENSBURG:V13.8:BusBarSection:G2","ELLENSBURG G2",13.8,"ELLENSBURG",0
"PALOUSE:ELLENSBURG:V13.8:BusBarSection:G3","ELLENSBURG G3",13.8,"ELLENSBURG",0
"PALOUSE:ELLENSBURG:V4.18:BusBarSection:G4","ELLENSBURG G4",4.18,"ELLENSBURG",0
"PALOUSE:ELLENSBURG:V4.18:Junction:2197","ELLENSBURG 2197",4.18,"ELLENSBURG",0
"PALOUSE:ELLENSBURG:V230:BusBarSection:NORTH BUS","ELLENSBURG NORTH BUS",230.0,"ELLENSBURG",11
"PALOUSE:CHENEY:V115:BusBarSection:GEN_BUS_W","CHENEY GEN_BUS_W",115.0,"CHENEY",0
"PALOUSE:CHENEY:V.480:Junction:2358","CHENEY 2358",0.48,"CHENEY",0
"PALOUSE:CHENEY:V.480:Junction:2357","CHENEY 2357",0.48,"CHENEY",0
"PALOUSE:CHENEY:V13.8:BusBarSection:G_1_2","CHENEY G_1_2",13.8,"CHENEY",0
"PALOUSE:CHENEY:V13.8:BusBarSection:G_3_4","CHENEY G_3_4",13.8,"CHENEY",0
"PALOUSE:CHENEY:V13.8:Junction:2374","CHENEY 2374",13.8,"CHENEY",0
"PALOUSE:CHENEY:V230:BusBarSection:MAIN_BUS","CHENEY MAIN_BUS",230.0,"CHENEY",0
"COLUMBIA:FINLEY:V230:BusBarSection:SOUTH BUS","FINLEY SOUTH BUS",230.0,"FINLEY",0
"COLUMBIA:FINLEY:V13.8:BusBarSection:G_1","FINLEY G_1",13.8,"FINLEY",0
"COLUMBIA:FINLEY:V13.8:BusBarSection:G_2","FINLEY G_2",13.8,"FINLEY",0
"COLUMBIA:FINLEY:V13.8:BusBarSection:G_3","FINLEY G_3",13.8,"FINLEY",0
"COLUMBIA:FINLEY:V13.8:BusBarSection:G_4","FINLEY G_4",13.8,"FINLEY",0
"COLUMBIA:FINLEY:V13.8:Junction:2479","FINLEY 2479",13.8,"FINLEY",0
"PALOUSE:LIBERTY:V13.8:BusBarSection:DIESEL","LIBERTY DIESEL",13.8,"LIBERTY",0
"PALOUSE:LIBERTY:V13.8:Junction:3198","LIBERTY 3198",13.8,"LIBERTY",0
"PALOUSE:LIBERTY:V13.8:Junction:3199","LIBERTY 3199",13.8,"LIBERTY",0
"PALOUSE:LIBERTY:V13.8:Junction:3200","LIBERTY 3200",13.8,"LIBERTY",0
"COLUMBIA:YAKIMA:V230:BusBarSection:TRANSFER BUS","YAKIMA TRANSFER BUS",230.0,"YAKIMA",0
"COLUMBIA:YAKIMA:V115:BusBarSection:WEST GEN BUS","YAKIMA WEST GEN BUS",115.0,"YAKIMA",0
"COLUMBIA:YAKIMA:V115:BusBarSection:EAST GEN BUS","YAKIMA EAST GEN BUS",115.0,"YAKIMA",0
"COLUMBIA:YAKIMA:V13.8:Junction:3757","YAKIMA 3757",13.8,"YAKIMA",0
"COLUMBIA:YAKIMA:V13.8:Junction:3756","YAKIMA 3756",13.8,"YAKIMA",0
"COLUMBIA:SUNNYSIDE:V115:Junction:3994","SUNNYSIDE 3994",115.0,"SUNNYSIDE",0
"COLUMBIA:SUNNYSIDE:V12.5:Junction:4116","SUNNYSIDE 4116",12.5,"SUNNYSIDE",0
"COLUMBIA:SUNNYSIDE:V12.5:Junction:4126","SUNNYSIDE 4126",12.5,"SUNNYSIDE",0
"COLUMBIA:SUNNYSIDE:V12.5:Junction:4127","SUNNYSIDE 4127",12.5,"SUNNYSIDE",0
"COLUMBIA:YAKIMA:V115:Junction:7423","YAKIMA 7423",115.0,"YAKIMA",0
"COLUMBIA:FINLEY:V115:Junction:5859","FINLEY 5859",115.0,"FINLEY",0
"COLUMBIA:PASCO TAP:V115:BusBarSection:PASCO TAP","PASCO TAP",115.0,"PASCO TAP",0
"COLUMBIA:PASCO TAP:V115:Junction:4172","PASCO TAP 4172",115.0,"PASCO TAP",0
"COLUMBIA:KENNEWICK TAP:V115:BusBarSection:KENNEWICK TAP","KENNEWICK TAP",115.0,"KENNEWICK TAP",0
"COLUMBIA:KENNEWICK TAP:V115:Junction:4201","KENNEWICK TAP 4201",115.0,"KENNEWICK TAP",0
"COLUMBIA:RICHLAND TAP:V115:BusBarSection:RICHLAND TAP","RICHLAND TAP",115.0,"RICHLAND TAP",0
"COLUMBIA:RICHLAND TAP:V115:Junction:4219","RICHLAND TAP 4219",115.0,"RICHLAND TAP",0
"COLUMBIA:BENTON TAP:V115:BusBarSection:BENTON TAP","BENTON TAP",115.0,"BENTON TAP",0
"COLUMBIA:BENTON TAP:V115:Junction:4231","BENTON TAP 4231",115.0,"BENTON TAP",0
"COLUMBIA:PROSSER TAP:V115:BusBarSection:PROSSER TAP","PROSSER TAP",115.0,"PROSSER TAP",0
"COLUMBIA:PROSSER TAP:V115:Junction:4258","PROSSER TAP 4258",115.0,"PROSSER TAP",0
"COLUMBIA:GRANDVIEW TAP:V115:BusBarSection:GRANDVIEW TAP","GRANDVIEW TAP",115.0,"GRANDVIEW TAP",0
"COLUMBIA:GRANDVIEW TAP:V115:Junction:4275","GRANDVIEW TAP 4275",115.0,"GRANDVIEW TAP",0
"COLUMBIA:GRANDVIEW:V12.5:BusBarSection:GRANDVIEW BUS","GRANDVIEW BUS",12.5,"GRANDVIEW",0
"COLUMBIA:GRANDVIEW:V115:Junction:4321","GRANDVIEW 4321",115.0,"GRANDVIEW",0
"COLUMBIA:PROSSER:V12.5:BusBarSection:MAIN BUS","PROSSER MAIN BUS",12.5,"PROSSER",0
"COLUMBIA:PROSSER:V115:Junction:4394","PROSSER 4394",115.0,"PROSSER",0
"COLUMBIA:BENTON:V12.5:BusBarSection:MAIN","BENTON MAIN",12.5,"BENTON",0
"COLUMBIA:BENTON:V115:Junction:4435","BENTON 4435",115.0,"BENTON",0
"COLUMBIA:RICHLAND:V12.5:BusBarSection:TRANSFER BUS","RICHLAND TRANSFER BUS",12.5,"RICHLAND",0
"COLUMBIA:RICHLAND:V12.5:Junction:4452","RICHLAND 4452",12.5,"RICHLAND",0
"COLUMBIA:RICHLAND:V115:Junction:4469","RICHLAND 4469",115.0,"RICHLAND",0
"COLUMBIA:KENNEWICK:V12.5:BusBarSection:MAIN BUS","KENNEWICK MAIN BUS",12.5,"KENNEWICK",0
"COLUMBIA:KENNEWICK:V12.5:Junction:4489","KENNEWICK 4489",12.5,"KENNEWICK",0
"COLUMBIA:KENNEWICK:V115:Junction:4508","KENNEWICK 4508",115.0,"KENNEWICK",0
"COLUMBIA:PASCO:V12.5:BusBarSection:PASCO BUS","PASCO BUS",12.5,"PASCO",0
"COLUMBIA:PASCO:V115:Junction:4530","PASCO 4530",115.0,"PASCO",0
"PALOUSE:QUINCY:V33:BusBarSection:WEST_BUS","QUINCY WEST_BUS",33.0,"QUINCY",0
"PALOUSE:QUINCY:V33:BusBarSection:EAST_BUS","QUINCY EAST_BUS",33.0,"QUINCY",0
"PALOUSE:QUINCY:V115:BusBarSection:1","QUINCY 1",115.0,"QUINCY",0
"PALOUSE:QUINCY:V115:BusBarSection:2","QUINCY 2",115.0,"QUINCY",0
"PALOUSE:ELLENSBURG:V115:BusBarSection:1","ELLENSBURG 1",115.0,"ELLENSBURG",0
"PALOUSE:EPHRATA:V115:BusBarSection:2","EPHRATA 2",115.0,"EPHRATA",0
"PALOUSE:EPHRATA:V115:BusBarSection:1","EPHRATA 1",115.0,"EPHRATA",0
"PALOUSE:EPHRATA:V12.5:BusBarSection:OPS_BUS","EPHRATA OPS_BUS",12.5,"EPHRATA",0
"PALOUSE:EPHRATA:V12.5:BusBarSection:OPS_BUS_3","EPHRATA OPS_BUS_3",12.5,"EPHRATA",0
"PALOUSE:EPHRATA:V12.5:BusBarSection:INSPECTION_BUS","EPHRATA INSPECTION_BUS",12.5,"EPHRATA",0
"PALOUSE:EPHRATA:V12.5:Junction:4692","EPHRATA 4692",12.5,"EPHRATA",0
"PALOUSE:EPHRATA:V12.5:Junction:4693","EPHRATA 4693",12.5,"EPHRATA",0
"PALOUSE:EPHRATA:V12.5:Junction:4694","EPHRATA 4694",12.5,"EPHRATA",0
"PALOUSE:CHENEY:V115:BusBarSection:1-A","CHENEY 1-A",115.0,"CHENEY",0
"PALOUSE:GLOYD:V115:BusBarSection:2","GLOYD 2",115.0,"GLOYD",0
"PALOUSE:GLOYD:V115:BusBarSection:3","GLOYD 3",115.0,"GLOYD",0
"PALOUSE:GLOYD:V12.5:BusBarSection:BUS 1","GLOYD BUS 1",12.5,"GLOYD",0
"PALOUSE:GLOYD:V12.5:BusBarSection:BUS 2","GLOYD BUS 2",12.5,"GLOYD",0
"PALOUSE:GLOYD:V12.5:BusBarSection:BUS 3","GLOYD BUS 3",12.5,"GLOYD",0
"PUGET:SATSOP:V500:Junction:8130","SATSOP 8130",525.0,"SATSOP",2
"PUGET:SATSOP:V24:BusBarSection:GEN EAST BUS","SATSOP GEN EAST BUS",24.0,"SATSOP",1
"PUGET:SATSOP:V230:Junction:5130","SATSOP 5130",230.0,"SATSOP",0
"PUGET:SATSOP:V24:Junction:5159","SATSOP 5159",24.0,"SATSOP",0
"PALOUSE:SPOKANE:V12.5:BusBarSection:OPS_BUS","SPOKANE OPS_BUS",12.5,"SPOKANE",0
"PALOUSE:SPOKANE:V12.5:BusBarSection:OPS_BUS1","SPOKANE OPS_BUS1",12.5,"SPOKANE",0
"PALOUSE:SPOKANE:V12.5:BusBarSection:OPS_BUS2","SPOKANE OPS_BUS2",12.5,"SPOKANE",0
"PALOUSE:SPOKANE:V12.5:BusBarSection:INSPECTION_BUS","SPOKANE INSPECTION_BUS",12.5,"SPOKANE",0
"PUGET:SATSOP:V4.18:BusBarSection:SOUTH E GEN BUS 4.18 KV","SATSOP SOUTH E GEN BUS 4.18 KV",4.18,"SATSOP",0
"PUGET:SATSOP:V4.18:Junction:5193","SATSOP 5193",4.18,"SATSOP",0
"PUGET:SATSOP:V4.18:Junction:5195","SATSOP 5195",4.18,"SATSOP",0
"PALOUSE:SPOKANE:V115:BusBarSection:3","SPOKANE 3",115.0,"SPOKANE",0
"PALOUSE:SPOKANE:V115:BusBarSection:2","SPOKANE 2",115.0,"SPOKANE",0
"PALOUSE:WENATCHEE:V500:BusBarSection:SOUTH BUS","WENATCHEE SOUTH BUS",525.0,"WENATCHEE",0
"PALOUSE:VALLEY:V12.5:BusBarSection:BUS 1","VALLEY BUS 1",12.5,"VALLEY",0
"PALOUSE:VALLEY:V12.5:BusBarSection:BUS 2","VALLEY BUS 2",12.5,"VALLEY",0
"PALOUSE:VALLEY:V12.5:BusBarSection:BUS 3","VALLEY BUS 3",12.5,"VALLEY",0
"PALOUSE:WENATCHEE:V230:Junction:8068","WENATCHEE 8068",230.0,"WENATCHEE",0
"PUGET:AUBURN:V500:Junction:6590","AUBURN 6590",525.0,"AUBURN",0
"COLUMBIA:WALLA WALLA:V500:Junction:5910","WALLA WALLA 5910",525.0,"WALLA WALLA",0
"COLUMBIA:WALLA WALLA:V230:Junction:8553","WALLA WALLA 8553",230.0,"WALLA WALLA",0
"PALOUSE:VALLEY:V115:BusBarSection:230-2","VALLEY 230-2",115.0,"VALLEY",0
"PALOUSE:VALLEY:V115:BusBarSection:230-3","VALLEY 230-3",115.0,"VALLEY",0
"PALOUSE:ROCKFORD:V230:Junction:6764","ROCKFORD 6764",230.0,"ROCKFORD",0
"PUGET:SATSOP:V4.18:Junction:5876","SATSOP 5876",4.18,"SATSOP",0
"PUGET:SATSOP:V4.18:Junction:5879","SATSOP 5879",4.18,"SATSOP",0
"PUGET:SATSOP:V500:Junction:5883","SATSOP 5883",525.0,"SATSOP",0
"PALOUSE:WENATCHEE:V500:Junction:5887","WENATCHEE 5887",525.0,"WENATCHEE",0
"PALOUSE:WENATCHEE:V500:Junction:5893","WENATCHEE 5893",525.0,"WENATCHEE",0
"PUGET:AUBURN:V500:Junction:5901","AUBURN 5901",525.0,"AUBURN",0
"COLUMBIA:WALLA WALLA:V500:Junction:5911","WALLA WALLA 5911",525.0,"WALLA WALLA",0
"PALOUSE:ROCKFORD:V500:Junction:6769","ROCKFORD 6769",525.0,"ROCKFORD",0
"PALOUSE:CHENEY:V115:BusBarSection:2-A","CHENEY 2-A",115.0,"CHENEY",0
"COLUMBIA:PULLMAN:V500:Junction:6006","PULLMAN 6006",525.0,"PULLMAN",0
"PALOUSE:ELMER:V500:Junction:8134","ELMER 8134",525.0,"ELMER",0
"COLUMBIA:FINLEY:V500:Junction:8133","FINLEY 8133",525.0,"FINLEY",0
"COLUMBIA:YAKIMA:V500:Junction:6816","YAKIMA 6816",525.0,"YAKIMA",61
"PALOUSE:VANTAGE:V230:Junction:8762","VANTAGE 8762",230.0,"VANTAGE",0
"PALOUSE:WHEELER:V230:BusBarSection:230KV TFR BUS","WHEELER 230KV TFR BUS",230.0,"WHEELER",0
"PALOUSE:ROCKFORD:V115:BusBarSection:2-C","ROCKFORD 2-C",115.0,"ROCKFORD",0
"PALOUSE:ROCKFORD:V115:BusBarSection:1-C","ROCKFORD 1-C",115.0,"ROCKFORD",0
"PALOUSE:WHEELER:V230:Junction:8324","WHEELER 8324",230.0,"WHEELER",0
"PALOUSE:WHEELER:V115:BusBarSection:2","WHEELER 2",115.0,"WHEELER",0
"PALOUSE:WHEELER:V115:BusBarSection:1","WHEELER 1",115.0,"WHEELER",0
"PALOUSE:VANTAGE:V115:BusBarSection:1","VANTAGE 1",115.0,"VANTAGE",0
"PUGET:EVERETT:V500:BusBarSection:BUS 6","EVERETT BUS 6",525.0,"EVERETT",0
"PUGET:RENTON:V230:BusBarSection:BUS 6","RENTON BUS 6",230.0,"RENTON",0
"PUGET:LYNNWOOD:V230:BusBarSection:BUS 4","LYNNWOOD BUS 4",230.0,"LYNNWOOD",0
"PUGET:FEDERAL WAY:V230:BusBarSection:TRANSFER BUS 4","FEDERAL WAY TRANSFER BUS 4",230.0,"FEDERAL WAY",0
"PUGET:BREMERTON:V230:BusBarSection:BUS 2","BREMERTON BUS 2",230.0,"BREMERTON",0
"PALOUSE:ELMER:V14:Junction:6875","ELMER 6875",14.0,"ELMER",0
"PALOUSE:ELMER:V14:Junction:6885","ELMER 6885",14.0,"ELMER",0
"PALOUSE:ELMER:V14:Junction:6881","ELMER 6881",14.0,"ELMER",0
"PALOUSE:ELMER:V14:Junction:6878","ELMER 6878",14.0,"ELMER",0
"PALOUSE:ELMER:V14:Junction:6884","ELMER 6884",14.0,"ELMER",0
"PALOUSE:ELMER:V230:Junction:8084","ELMER 8084",230.0,"ELMER",100
"PALOUSE:ELMER:V14:Junction:6882","ELMER 6882",14.0,"ELMER",0
"PUGET:RENTON:V230:Junction:8546","RENTON 8546",230.0,"RENTON",0
"PUGET:BREMERTON:V13.8:BusBarSection:GEN BUS","BREMERTON GEN BUS",13.8,"BREMERTON",0
"PUGET:BREMERTON:V13.8:Junction:7428","BREMERTON 7428",13.8,"BREMERTON",0
"PUGET:RENTON:V13.8:BusBarSection:WEST GEN BUS","RENTON WEST GEN BUS",13.8,"RENTON",0
"PUGET:RENTON:V13.8:BusBarSection:EAST GEN BUS","RENTON EAST GEN BUS",13.8,"RENTON",0
"PUGET:RENTON:V13.8:Junction:7472","RENTON 7472",13.8,"RENTON",0
"PUGET:RENTON:V13.8:Junction:7474","RENTON 7474",13.8,"RENTON",0
"PUGET:RENTON:V13.8:Junction:7478","RENTON 7478",13.8,"RENTON",0
"PALOUSE:WENATCHEE:V1:Junction:7547","WENATCHEE 7547",1.0,"WENATCHEE",0
"PALOUSE:WENATCHEE:V1:Junction:7563","WENATCHEE 7563",1.0,"WENATCHEE",0
"PALOUSE:WENATCHEE:V1:Junction:7564","WENATCHEE 7564",1.0,"WENATCHEE",0
"PALOUSE:WENATCHEE:V1:Junction:7565","WENATCHEE 7565",1.0,"WENATCHEE",0
"PALOUSE:WENATCHEE:V1:Junction:7566","WENATCHEE 7566",1.0,"WENATCHEE",0
"PALOUSE:WENATCHEE:V14:Junction:7668","WENATCHEE 7668",14.0,"WENATCHEE",0
"PALOUSE:WENATCHEE:V14:Junction:7679","WENATCHEE 7679",14.0,"WENATCHEE",0
"PALOUSE:WENATCHEE:V14:BusBarSection:SS BUS 2","WENATCHEE SS BUS 2",14.0,"WENATCHEE",0
"PALOUSE:WENATCHEE:V14:Junction:7676","WENATCHEE 7676",14.0,"WENATCHEE",0
"PALOUSE:WENATCHEE:V14:Junction:7677","WENATCHEE 7677",14.0,"WENATCHEE",0
"PALOUSE:WENATCHEE:V14:Junction:7670","WENATCHEE 7670",14.0,"WENATCHEE",0
"PALOUSE:WENATCHEE:V14:BusBarSection:SS BUS 1","WENATCHEE SS BUS 1",14.0,"WENATCHEE",0
"PALOUSE:WENATCHEE:V14:Junction:7681","WENATCHEE 7681",14.0,"WENATCHEE",0
"PALOUSE:WENATCHEE:V14:Junction:7678","WENATCHEE 7678",14.0,"WENATCHEE",0
"PALOUSE:WENATCHEE:V14:Junction:7675","WENATCHEE 7675",14.0,"WENATCHEE",0
"PALOUSE:WENATCHEE:V14:Junction:7657","WENATCHEE 7657",14.0,"WENATCHEE",0
"PALOUSE:WENATCHEE:V14:Junction:7680","WENATCHEE 7680",14.0,"WENATCHEE",0
"PALOUSE:WENATCHEE:V14:Junction:7812","WENATCHEE 7812",14.0,"WENATCHEE",0
"PALOUSE:WENATCHEE:V14:Junction:7807","WENATCHEE 7807",14.0,"WENATCHEE",0
"PALOUSE:WENATCHEE:V4.18:Junction:7880","WENATCHEE 7880",4.18,"WENATCHEE",0
"PALOUSE:WENATCHEE:V4.18:BusBarSection:DIESEL BUS","WENATCHEE DIESEL BUS",4.18,"WENATCHEE",0
"PALOUSE:WENATCHEE:V4.18:Junction:7863","WENATCHEE 7863",4.18,"WENATCHEE",0
"PALOUSE:WENATCHEE:V4.18:Junction:7881","WENATCHEE 7881",4.18,"WENATCHEE",0
"PALOUSE:WENATCHEE:V4.18:BusBarSection:4-BUS2","WENATCHEE 4-BUS2",4.18,"WENATCHEE",0
"PALOUSE:WENATCHEE:V4.18:Junction:7867","WENATCHEE 7867",4.18,"WENATCHEE",0
"PALOUSE:WENATCHEE:V4.18:Junction:7879","WENATCHEE 7879",4.18,"WENATCHEE",0
"PUGET:REDMOND:V69:BusBarSection:TRANSFER BUS","REDMOND TRANSFER BUS",69.0,"REDMOND",0
"PUGET:SATSOP:V500:Junction:8129","SATSOP 8129",525.0,"SATSOP",0
"PUGET:VANCOUVER:V24:Junction:8156","VANCOUVER 8156",24.0,"VANCOUVER",0
"PUGET:VANCOUVER:V24:BusBarSection:GEN BUS","VANCOUVER GEN BUS",24.0,"VANCOUVER",0
"PUGET:LONGVIEW:V230:Junction:8278","LONGVIEW 8278",230.0,"LONGVIEW",0
"PUGET:LONGVIEW:V230:Junction:8280","LONGVIEW 8280",230.0,"LONGVIEW",0
"COLUMBIA:WALLA WALLA:V21.6:Junction:8929","WALLA WALLA 8929",21.6,"WALLA WALLA",0
"COLUMBIA:WALLA WALLA:V21.6:Junction:8930","WALLA WALLA 8930",21.6,"WALLA WALLA",0
"COLUMBIA:WALLA WALLA:V33:Junction:8928","WALLA WALLA 8928",33.0,"WALLA WALLA",0
"COLUMBIA:WALLA WALLA:V21.6:Junction:8489","WALLA WALLA 8489",21.6,"WALLA WALLA",0
"COLUMBIA:WALLA WALLA:V21.6:Junction:8471","WALLA WALLA 8471",21.6,"WALLA WALLA",0
"COLUMBIA:WALLA WALLA:V21.6:Junction:8488","WALLA WALLA 8488",21.6,"WALLA WALLA",0
"COLUMBIA:WALLA WALLA:V21.6:Junction:8486","WALLA WALLA 8486",21.6,"WALLA WALLA",0
"COLUMBIA:WALLA WALLA:V21.6:Junction:8495","WALLA WALLA 8495",21.6,"WALLA WALLA",0
"COLUMBIA:WALLA WALLA:V21.6:Junction:8491","WALLA WALLA 8491",21.6,"WALLA WALLA",0
"COLUMBIA:WALLA WALLA:V21.6:Junction:8498","WALLA WALLA 8498",21.6,"WALLA WALLA",0
"COLUMBIA:WALLA WALLA:V21.6:Junction:8492","WALLA WALLA 8492",21.6,"WALLA WALLA",0
"COLUMBIA:WALLA WALLA:V33:Junction:8537","WALLA WALLA 8537",33.0,"WALLA WALLA",0
"COLUMBIA:WALLA WALLA:V33:Junction:8528","WALLA WALLA 8528",33.0,"WALLA WALLA",0
"COLUMBIA:WALLA WALLA:V33:Junction:8534","WALLA WALLA 8534",33.0,"WALLA WALLA",0
"COLUMBIA:WALLA WALLA:V33:Junction:8529","WALLA WALLA 8529",33.0,"WALLA WALLA",0
"COLUMBIA:WALLA WALLA:V33:Junction:8535","WALLA WALLA 8535",33.0,"WALLA WALLA",0
"COLUMBIA:COYOTE RIDGE:V230:Junction:8645","COYOTE RIDGE 8645",230.0,"COYOTE RIDGE",0
"PALOUSE:ST JOHN:V230:Junction:8792","ST JOHN 8792",230.0,"ST JOHN",0
"COLUMBIA:PULLMAN:V230:Junction:8605","PULLMAN 8605",230.0,"PULLMAN",0
"COLUMBIA:COYOTE RIDGE:V21.6:Junction:8728","COYOTE RIDGE 8728",21.6,"COYOTE RIDGE",0
"COLUMBIA:COYOTE RIDGE:V33:Junction:8733","COYOTE RIDGE 8733",33.0,"COYOTE RIDGE",0
"COLUMBIA:COYOTE RIDGE:V33:Junction:8676","COYOTE RIDGE 8676",33.0,"COYOTE RIDGE",0
"COLUMBIA:COYOTE RIDGE:V33:Junction:8681","COYOTE RIDGE 8681",33.0,"COYOTE RIDGE",0
"COLUMBIA:COYOTE RIDGE:V33:Junction:8677","COYOTE RIDGE 8677",33.0,"COYOTE RIDGE",0
"COLUMBIA:COYOTE RIDGE:V33:Junction:8678","COYOTE RIDGE 8678",33.0,"COYOTE RIDGE",0
"COLUMBIA:COYOTE RIDGE:V33:Junction:8680","COYOTE RIDGE 8680",33.0,"COYOTE RIDGE",0
"COLUMBIA:COYOTE RIDGE:V21.6:Junction:8715","COYOTE RIDGE 8715",21.6,"COYOTE RIDGE",0
"COLUMBIA:COYOTE RIDGE:V21.6:Junction:8711","COYOTE RIDGE 8711",21.6,"COYOTE RIDGE",0
"COLUMBIA:COYOTE RIDGE:V21.6:Junction:8707","COYOTE RIDGE 8707",21.6,"COYOTE RIDGE",0
"COLUMBIA:COYOTE RIDGE:V21.6:Junction:8716","COYOTE RIDGE 8716",21.6,"COYOTE RIDGE",0
"COLUMBIA:COYOTE RIDGE:V21.6:Junction:8712","COYOTE RIDGE 8712",21.6,"COYOTE RIDGE",0
"COLUMBIA:COYOTE RIDGE:V21.6:Junction:8719","COYOTE RIDGE 8719",21.6,"COYOTE RIDGE",0
"PALOUSE:ST JOHN:V24:Junction:8809","ST JOHN 8809",24.0,"ST JOHN",0
"PALOUSE:ST JOHN:V24:Junction:8800","ST JOHN 8800",24.0,"ST JOHN",0
"PALOUSE:ST JOHN:V24:Junction:8808","ST JOHN 8808",24.0,"ST JOHN",0
"PALOUSE:ST JOHN:V24:Junction:8810","ST JOHN 8810",24.0,"ST JOHN",0
"PALOUSE:ST JOHN:V24:Junction:8811","ST JOHN 8811",24.0,"ST JOHN",0
"PALOUSE:ST JOHN:V24:Junction:8812","ST JOHN 8812",24.0,"ST JOHN",0
"PALOUSE:ST JOHN:V24:Junction:8813","ST JOHN 8813",24.0,"ST JOHN",0
"PALOUSE:ST JOHN:V24:Junction:8814","ST JOHN 8814",24.0,"ST JOHN",0
"PALOUSE:VANTAGE:V24:Junction:8859","VANTAGE 8859",24.0,"VANTAGE",0
"PALOUSE:VANTAGE:V33:Junction:8872","VANTAGE 8872",33.0,"VANTAGE",0
"PALOUSE:VANTAGE:V24:Junction:8855","VANTAGE 8855",24.0,"VANTAGE",0
"PALOUSE:VANTAGE:V24:Junction:8860","VANTAGE 8860",24.0,"VANTAGE",0
"PALOUSE:VANTAGE:V24:Junction:8861","VANTAGE 8861",24.0,"VANTAGE",0
"PALOUSE:VANTAGE:V24:Junction:8862","VANTAGE 8862",24.0,"VANTAGE",0
"PALOUSE:VANTAGE:V33:Junction:8863","VANTAGE 8863",33.0,"VANTAGE",0
"PALOUSE:VANTAGE:V33:Junction:8866","VANTAGE 8866",33.0,"VANTAGE",0
"PALOUSE:VANTAGE:V33:Junction:8867","VANTAGE 8867",33.0,"VANTAGE",0
"PALOUSE:VANTAGE:V33:Junction:8868","VANTAGE 8868",33.0,"VANTAGE",0
