"ID","MW","MVAr"
"PUGET:AUBURN:V230:Load:AUBURN A",27.847506,12.643149
"PUGET:AUBURN:V230:Load:AUBURN B",37.97568,17.068428
"PUGET:MARYSVILLE:V230:Load:MARYS A",11.339876,5.0345216
"PUGET:MARYSVILLE:V230:Load:MARYS B",34.12205,15.147251
"PUGET:SEATTLE:V230:Load:SEATTLE A",416.03137,187.00241
"PUGET:EVERETT:V24:Load:EVERETT SS1",4.004833,1.7999998
"PUGET:EVERETT:V24:Load:EVERETT SS2",4.004833,1.7999998
"PUGET:EVERETT:V230:Load:EVERETT A",157.73602,70.58552
"PUGET:VANCOUVER:V230:Load:VANCOUVER A",137.3329,61.73052
"PUGET:TACOMA:V138:Load:TACOMA A",124.51295,55.967224
"PUGET:TACOMA:V24:Load:TACOMA SS",5.0060415,2.25
"PUGET:BELLINGHAM:V230:Load:BELLINGHAM A",61.77528,27.76707
"PUGET:CHEHALIS:V138:Load:CHEHALIS A",12.570625,5.6499543
"PUGET:CHEHALIS:V24:Load:CHEHALIS SS",8.009666,3.6
"PUGET:MT VERNON:V230:Load:MT VERNON A",62.46905,28.078913
"PUGET:MT VERNON:V230:Load:MT VERNON B",20.61369,9.360226
"PUGET:AIRPORT:V24:Load:AIRPORT SS",5.0060415,2.25
"PUGET:AIRPORT:V230:Load:AIRPORT A",52.2709,23.274767
"PUGET:LONGVIEW:V230:Load:LONGVIEW A",37.424583,16.820736
"PUGET:LONGVIEW:V69:Load:LONGVIEW B",9.34285,4.200968
"PUGET:LONGVIEW:V69:Load:LONGVIEW C",26.16546,11.823578
"PUGET:PORT ANGELES:V138:Load:PT ANGELES A",18.96176,8.206582
"PUGET:PORT ANGELES:V138:Load:PT ANGELES B",17.694994,7.576541
"PALOUSE:LIBERTY:V24:Load:LIBERTY C",15.018125,8.0
"PALOUSE:LIBERTY:V230:Load:LIBERTY A",345.58725,155.66682
"PUGET:REDMOND:V230:Load:REDMOND A",55.75146,25.313719
"PUGET:REDMOND:V69:Load:REDMOND B",12.167136,5.4686036
"PUGET:OLYMPIA:V230:Load:OLY A",62.02396,27.87885
"PUGET:BELLEVUE:V230:Load:BELLEVUE A",189.72455,85.27837
"PUGET:BELLEVUE:V69:Load:BELLEVUE B",63.73847,28.366121
"PALOUSE:CHENEY:V230:Load:CHENEY A",22.463963,9.623166
"COLUMBIA:YAKIMA:V115:Load:EAST SS",5.059617,2.2740946
"COLUMBIA:YAKIMA:V115:Load:WEST SS",5.0587215,2.2736824
"COLUMBIA:SUNNYSIDE:V12.5:Load:F0",1.1124973,0.5001771
"COLUMBIA:SUNNYSIDE:V12.5:Load:F1",2.2251873,1.0003542
"COLUMBIA:SUNNYSIDE:V12.5:Load:F2",3.3376844,1.5006182
"COLUMBIA:SUNNYSIDE:V12.5:Load:F3",1.1124973,0.5001771
"COLUMBIA:SUNNYSIDE:V12.5:Load:F4",2.2251873,1.0003542
"COLUMBIA:SUNNYSIDE:V12.5:Load:F5",3.3376844,1.5006182
"COLUMBIA:GRANDVIEW:V12.5:Load:F1",1.1088208,0.4985235
"COLUMBIA:GRANDVIEW:V12.5:Load:F2",1.1088208,0.4985235
"COLUMBIA:GRANDVIEW:V12.5:Load:F3",1.1088208,0.4985235
"COLUMBIA:PROSSER:V12.5:Load:F1",1.1042182,0.49645412
"COLUMBIA:PROSSER:V12.5:Load:F2",1.1042182,0.49645412
"COLUMBIA:PROSSER:V12.5:Load:F3",1.1042182,0.49645412
"COLUMBIA:PROSSER:V12.5:Load:F4",1.1042182,0.49645412
"COLUMBIA:PROSSER:V12.5:Load:F5",1.1042182,0.49645412
"COLUMBIA:BENTON:V12.5:Load:F2",1.1143999,0.5010316
"COLUMBIA:BENTON:V12.5:Load:F3",1.1143999,0.5010316
"COLUMBIA:BENTON:V12.5:Load:F4",2.2289927,1.0020632
"COLUMBIA:RICHLAND:V12.5:Load:F1",2.2110403,0.99399245
"COLUMBIA:RICHLAND:V12.5:Load:F2",1.1054244,0.49699622
"COLUMBIA:RICHLAND:V12.5:Load:F3",1.1054244,0.49699622
"COLUMBIA:RICHLAND:V12.5:Load:F4",1.1054244,0.49699622
"COLUMBIA:KENNEWICK:V12.5:Load:F1",1.1025527,0.4957043
"COLUMBIA:KENNEWICK:V12.5:Load:F2",1.1025527,0.4957043
"COLUMBIA:KENNEWICK:V12.5:Load:F3",1.1025527,0.4957043
"COLUMBIA:KENNEWICK:V12.5:Load:F4",1.1025527,0.4957043
"COLUMBIA:KENNEWICK:V12.5:Load:F5",1.1025527,0.4957043
"COLUMBIA:PASCO:V12.5:Load:F1",1.1099383,0.4990246
"COLUMBIA:PASCO:V12.5:Load:F2",1.1099383,0.4990246
"COLUMBIA:PASCO:V12.5:Load:F3",1.1099383,0.4990246
"PALOUSE:QUINCY:V33:Load:QUIN01",4.1841025,1.8821169
"PALOUSE:QUINCY:V33:Load:QUIN02",4.1826286,1.881454
"PALOUSE:QUINCY:V33:Load:QUIN03",4.1826286,1.881454
"PALOUSE:QUINCY:V33:Load:QUIN04",4.1841025,1.8821169
"PALOUSE:ELLENSBURG:V138:Load:SS",5.006018,2.2499993
"PALOUSE:EPHRATA:V12.5:Load:EPH01",5.315811,2.3913195
"PALOUSE:EPHRATA:V12.5:Load:EPH02",5.315811,2.3913195
"PALOUSE:EPHRATA:V12.5:Load:EPH03",6.3897634,2.874542
"PALOUSE:EPHRATA:V12.5:Load:EPH04",5.324803,2.3953643
"PALOUSE:EPHRATA:V12.5:Load:EPH05",5.324803,2.3953643
"PALOUSE:GLOYD:V12.5:Load:GLO01",5.185223,2.3325744
"PALOUSE:GLOYD:V12.5:Load:GLO02",5.119294,2.302916
"PALOUSE:GLOYD:V12.5:Load:GLO03",5.119294,2.302916
"PALOUSE:GLOYD:V12.5:Load:GLO04",5.215996,2.3464174
"PALOUSE:GLOYD:V12.5:Load:GLO05",3.1295977,1.4076452
"PALOUSE:GLOYD:V12.5:Load:GLO06",3.111134,1.3993406
"PALOUSE:GLOYD:V12.5:Load:GLO07",3.111134,1.3993406
"PALOUSE:GLOYD:V12.5:Load:GLO08",3.0715764,1.3815483
"PALOUSE:GLOYD:V12.5:Load:GLO09",3.0715764,1.3815483
"PALOUSE:GLOYD:V12.5:Load:GLO10",3.1295977,1.4076452
"PUGET:SATSOP:V24:Load:GEN SERVICE 1",15.018125,8.0
"PUGET:SATSOP:V24:Load:GEN SERVICE 2",15.018125,8.0
"PALOUSE:SPOKANE:V12.5:Load:SPOK01",4.2491746,1.9113849
"PALOUSE:SPOKANE:V12.5:Load:SPOK02",4.2491746,1.9113849
"PALOUSE:SPOKANE:V12.5:Load:SPOK03",4.2491746,1.9113849
"PALOUSE:SPOKANE:V12.5:Load:SPOK04",8.435829,3.794645
"PALOUSE:SPOKANE:V12.5:Load:SPOK05",6.3260074,2.8458545
"PALOUSE:SPOKANE:V12.5:Load:SPOK06",6.3260074,2.8458545
"PALOUSE:SPOKANE:V12.5:Load:SPOK07",5.235348,2.3551157
"PALOUSE:SPOKANE:V12.5:Load:SPOK08",5.235348,2.3551157
"PALOUSE:SPOKANE:V12.5:Load:SPOK09",5.235348,2.3551157
"PALOUSE:VALLEY:V12.5:Load:VAL01",6.130387,2.7578478
"PALOUSE:VALLEY:V12.5:Load:VAL02",6.2739134,2.8224254
"PALOUSE:VALLEY:V12.5:Load:VAL03",6.130387,2.7578478
"PALOUSE:VALLEY:V12.5:Load:VAL04",6.2739134,2.8224254
"PALOUSE:VALLEY:V12.5:Load:VAL05",8.121576,3.6532784
"PALOUSE:VALLEY:V12.5:Load:VAL06",10.151693,4.566224
"PALOUSE:VALLEY:V12.5:Load:VAL07",8.174966,3.6772974
"PALOUSE:VALLEY:V12.5:Load:VAL08",8.121576,3.6532784
"PALOUSE:VALLEY:V12.5:Load:VAL09",10.457667,4.703871
"PALOUSE:VALLEY:V12.5:Load:VAL10",8.174966,3.6772974
"PALOUSE:VALLEY:V12.5:Load:VAL11",10.151693,4.566224
"PALOUSE:WHEELER:V230:Load:WHEELER A",93.735916,42.00258
"PALOUSE:VANTAGE:V230:Load:VANTAGE A",5.3735123,2.4172761
"PUGET:RENTON:V13.8:Load:SS1",5.0060415,2.25
"PUGET:RENTON:V13.8:Load:SS2",5.032629,2.26195
"PALOUSE:WENATCHEE:V4.18:Load:SS1",4.8882957,2.1970732
"PALOUSE:WENATCHEE:V4.18:Load:SS2",4.888295,2.1970732
"COLUMBIA:BENTON:V12.5:Load:F1",1.1143999,0.5010316
"COLUMBIA:YAKIMA:V230:Load:YAK 1",32.28112,14.513282
"COLUMBIA:YAKIMA:V230:Load:YAK 2",32.28112,14.513282
"PALOUSE:WENATCHEE:V230:Load:WEN 1",79.833786,35.91102
"PUGET:VANCOUVER:V230:Load:VANCOUVER B",137.3329,61.73052
"PUGET:TACOMA:V230:Load:TACOMA B",217.14195,97.50937
"PALOUSE:LIBERTY:V230:Load:LIBERTY B",345.58725,155.66682
"PUGET:SEATTLE:V230:Load:SEATTLE B",419.18396,188.89108
"PUGET:SEATTLE:V230:Load:SEATTLE C",419.18396,188.89108
"PUGET:SATSOP:V230:Load:SATSOP A",36.927322,16.880072
"PUGET:RENTON:V230:Load:RENTON A",90.589745,40.844093
"PUGET:RENTON:V230:Load:RENTON B",90.589745,40.844093
"PUGET:REDMOND:V69:Load:REDMOND C",18.252615,7.899667
"PUGET:REDMOND:V69:Load:REDMOND D",24.334272,10.938924
"PUGET:OLYMPIA:V230:Load:OLY B",82.49079,37.172386
"COLUMBIA:FINLEY:V230:Load:FIN 1",33.376675,15.117059
"COLUMBIA:FINLEY:V230:Load:FIN 2",33.376675,15.117059
"COLUMBIA:FINLEY:V115:Load:FIN 3",18.89495,8.439407
"PUGET:FEDERAL WAY:V230:Load:FED WAY 1",63.083336,28.355291
"PUGET:FEDERAL WAY:V230:Load:FED WAY 2",63.083336,28.355291
"PUGET:FEDERAL WAY:V230:Load:FED WAY 3",58.667984,26.465176
"PUGET:EVERETT:V230:Load:EVERETT B",157.73602,70.58552
"PUGET:EVERETT:V230:Load:EVERETT C",175.40054,78.77796
"PUGET:CHEHALIS:V138:Load:CHEHALIS B",20.11379,9.040281
"PUGET:BREMERTON:V230:Load:BREM A",59.409943,26.86115
"PUGET:BREMERTON:V230:Load:BREM B",38.773632,17.490654
"PUGET:BREMERTON:V13.8:Load:BREM SS",4.9929943,2.2441359
"PUGET:BELLINGHAM:V230:Load:BELLINGHAM B",79.0705,35.788246
"PALOUSE:ELLENSBURG:V230:Load:ELLENS A",38.675117,17.182068
"PALOUSE:ELMER:V230:Load:ELMER A",10.76317,4.841286
"PUGET:LYNNWOOD:V230:Load:LYNNWOOD A",45.5466,20.221128
"PUGET:VANCOUVER:V24:Load:VANCOUVER SS",5.997676,2.695697
