"ID","MW","MWSetPoint","GeneratorOperatingMode"
"PUGET:VANCOUVER:V24:SynchronousMachine:VANCOUVER",0.0,0.0,OFF
"PUGET:EVERETT:V24:SynchronousMachine:EVERETT 1",352.30447,362.3,MAN
"PUGET:EVERETT:V24:SynchronousMachine:EVERETT 2",354.32523,342.73495,LFC
"PUGET:CHEHALIS:V24:SynchronousMachine:CHEHALIS",866.56396,800.0,MAN
"PUGET:AIRPORT:V24:SynchronousMachine:AIRPORT",299.67578,300.0,MAN
"PALOUSE:LIBERTY:V24:SynchronousMachine:LIBERTY",870.1011,800.0,MAN
"PUGET:MT VERNON:V24:SynchronousMachine:MT VERNON",388.1839,400.0,MAN
"PALOUSE:ELLENSBURG:V13.8:SynchronousMachine:ELLENS_G1_CC_CT",11.909038,14.982813,LFC
"PALOUSE:ELLENSBURG:V13.8:SynchronousMachine:ELLENS_G2_CC_CT",11.909038,14.982813,LFC
"PALOUSE:ELLENSBURG:V13.8:SynchronousMachine:ELLENS_G3_CC_S",9.197432,12.379648,LFC
"PALOUSE:ELLENSBURG:V4.18:SynchronousMachine:ELLENS_G4_DIESEL",0.0,0.0,OFF
"PALOUSE:CHENEY:V13.8:SynchronousMachine:CHEN_G_1",11.717625,14.799897,LFC
"PALOUSE:CHENEY:V13.8:SynchronousMachine:CHEN_G_2",34.093704,35.0,MAN
"PALOUSE:CHENEY:V13.8:SynchronousMachine:CHEN_G_3",0.0,0.0,OFF
"PALOUSE:CHENEY:V13.8:SynchronousMachine:CHEN_G_4",34.093704,35.0,MAN
"COLUMBIA:FINLEY:V13.8:SynchronousMachine:FIN_G_1",4.388529,0.0,LFC
"COLUMBIA:FINLEY:V13.8:SynchronousMachine:FIN_G_2",78.252625,80.0,MAN
"COLUMBIA:FINLEY:V13.8:SynchronousMachine:FIN_G_3",19.339699,20.0,MAN
"COLUMBIA:FINLEY:V13.8:SynchronousMachine:FIN_G_4",0.0,0.0,OFF
"PALOUSE:LIBERTY:V13.8:SynchronousMachine:DIESEL 1",0.0,0.0,OFF
"PALOUSE:LIBERTY:V13.8:SynchronousMachine:DIESEL 2",0.0,0.0,OFF
"PALOUSE:LIBERTY:V13.8:SynchronousMachine:DIESEL 3",0.0,0.0,OFF
"PUGET:TACOMA:V24:SynchronousMachine:TACOMA 1",76.17389,75.0,MAN
"PUGET:TACOMA:V24:SynchronousMachine:TACOMA 2",6.1738787,0.0,LFC
"PUGET:TACOMA:V24:SynchronousMachine:TACOMA 3",6.1738787,0.0,LFC
"COLUMBIA:YAKIMA:V13.8:SynchronousMachine:YAK_GEN_WEST",63.783943,53.395565,LFC
"COLUMBIA:YAKIMA:V13.8:SynchronousMachine:YAK_GEN_EAST",63.783943,53.395565,LFC
"PUGET:SATSOP:V24:SynchronousMachine:SATSOP GEN 1",1216.9303,1150.0,MAN
"PUGET:SATSOP:V24:SynchronousMachine:SATSOP GEN 2",0.0,0.0,OFF
"PUGET:SATSOP:V4.18:SynchronousMachine:E GEN A",0.0,0.0,OFF
"PUGET:SATSOP:V4.18:SynchronousMachine:E GEN B",0.0,0.0,OFF
"PUGET:SATSOP:V4.18:SynchronousMachine:E GEN C",0.0,0.0,OFF
"PUGET:SATSOP:V4.18:SynchronousMachine:E GEN D",0.0,0.0,OFF
"PALOUSE:ELMER:V14:SynchronousMachine:ELM_GEN 1",37.108814,40.091526,LFC
"PALOUSE:ELMER:V14:SynchronousMachine:ELM_GEN 2",37.108814,40.091526,LFC
"PALOUSE:ELMER:V14:SynchronousMachine:ELM_GEN 3",0.0,0.0,OFF
"PALOUSE:ELMER:V14:SynchronousMachine:ELM_GEN 4",37.108814,40.091526,LFC
"PALOUSE:ELMER:V14:SynchronousMachine:ELM_GEN 5",37.108814,40.091526,LFC
"PALOUSE:ELMER:V14:SynchronousMachine:ELM_GEN 6",37.108814,40.091526,LFC
"PALOUSE:ELMER:V14:SynchronousMachine:ELM_GEN 7",37.108814,40.091526,LFC
"PALOUSE:ELMER:V14:SynchronousMachine:ELM_GEN 8",37.544308,39.999996,MAN
"PALOUSE:ELMER:V14:SynchronousMachine:ELM_GEN 9",37.544308,39.999996,MAN
"PALOUSE:ELMER:V14:SynchronousMachine:ELM_GEN 10",37.108814,40.091526,LFC
"PUGET:BREMERTON:V13.8:SynchronousMachine:BREM GEN",0.0,0.0,OFF
"PUGET:RENTON:V13.8:SynchronousMachine:RENT_G1_CC_CT",6.5468335,0.0,LFC
"PUGET:RENTON:V13.8:SynchronousMachine:RENT_G2_CC_CT",6.5468335,0.0,LFC
"PUGET:RENTON:V13.8:SynchronousMachine:RENT_G3_CC_S",5.8371987,0.0,LFC
"PUGET:RENTON:V13.8:SynchronousMachine:RENT_G4_CC_CT",0.0,0.0,OFF
"PUGET:RENTON:V13.8:SynchronousMachine:RENT_G5_CC_CT",0.0,0.0,OFF
"PUGET:RENTON:V13.8:SynchronousMachine:RENT_G6_CC_S",0.0,0.0,OFF
"PALOUSE:WENATCHEE:V14:SynchronousMachine:WEN_GEN 1",37.108814,40.091526,LFC
"PALOUSE:WENATCHEE:V14:SynchronousMachine:WEN_GEN 2",37.108814,40.091526,LFC
"PALOUSE:WENATCHEE:V14:SynchronousMachine:WEN_GEN 3",37.108814,40.091526,LFC
"PALOUSE:WENATCHEE:V14:SynchronousMachine:WEN_GEN 4",37.108814,40.091526,LFC
"PALOUSE:WENATCHEE:V14:SynchronousMachine:WEN_GEN 5",37.108814,40.091526,LFC
"PALOUSE:WENATCHEE:V14:SynchronousMachine:WEN_GEN 6",37.108814,40.091526,LFC
"PALOUSE:WENATCHEE:V14:SynchronousMachine:WEN_GEN 7",72.54431,75.0,MAN
"PALOUSE:WENATCHEE:V14:SynchronousMachine:WEN_GEN 8",0.0,0.0,OFF
"PALOUSE:WENATCHEE:V14:SynchronousMachine:WEN_GEN 9",0.0,0.0,OFF
"PALOUSE:WENATCHEE:V14:SynchronousMachine:WEN_GEN 10",37.108814,40.091526,LFC
"PALOUSE:WENATCHEE:V4.18:SynchronousMachine:POWH DIESEL",0.0,0.0,OFF
"PALOUSE:ST JOHN:V24:SynchronousMachine:FEEDER 1",0.0,0.0,OFF
"PALOUSE:ST JOHN:V24:SynchronousMachine:FEEDER 2",0.0,0.0,OFF
"PALOUSE:ST JOHN:V24:SynchronousMachine:FEEDER 3",0.0,0.0,OFF
"PALOUSE:ST JOHN:V24:SynchronousMachine:FEEDER 4",0.0,0.0,OFF
"PALOUSE:ST JOHN:V24:SynchronousMachine:FEEDER 5",0.0,0.0,OFF
"PALOUSE:ST JOHN:V24:SynchronousMachine:FEEDER 6",0.0,0.0,OFF
"PALOUSE:ST JOHN:V24:SynchronousMachine:FEEDER 7",0.0,0.0,OFF
"PALOUSE:VANTAGE:V24:SynchronousMachine:GEN 2-1",0.0,0.0,OFF
"PALOUSE:VANTAGE:V24:SynchronousMachine:GEN 2-2",0.0,0.0,OFF
"PALOUSE:VANTAGE:V24:SynchronousMachine:GEN 2-3",0.0,0.0,OFF
"PALOUSE:VANTAGE:V24:SynchronousMachine:GEN 2-4",0.0,0.0,OFF
"PALOUSE:VANTAGE:V33:SynchronousMachine:GEN 3-1",0.0,0.0,OFF
"PALOUSE:VANTAGE:V33:SynchronousMachine:GEN 3-2",0.0,0.0,OFF
"PALOUSE:VANTAGE:V33:SynchronousMachine:GEN 3-3",0.0,0.0,OFF
"PALOUSE:VANTAGE:V33:SynchronousMachine:GEN 3-4",0.0,0.0,OFF
"COLUMBIA:COYOTE RIDGE:V33:SynchronousMachine:FDR 310",0.0,0.0,OFF
"COLUMBIA:COYOTE RIDGE:V33:SynchronousMachine:FDR 320",0.0,0.0,OFF
"COLUMBIA:COYOTE RIDGE:V33:SynchronousMachine:FDR 330",0.0,0.0,OFF
"COLUMBIA:COYOTE RIDGE:V33:SynchronousMachine:FDR 340",0.0,0.0,OFF
"COLUMBIA:COYOTE RIDGE:V33:SynchronousMachine:FDR 350",0.0,0.0,OFF
"COLUMBIA:COYOTE RIDGE:V21.6:SynchronousMachine:FDR 210",0.0,0.0,OFF
"COLUMBIA:COYOTE RIDGE:V21.6:SynchronousMachine:FDR 220",0.0,0.0,OFF
"COLUMBIA:COYOTE RIDGE:V21.6:SynchronousMachine:FDR 230",0.0,0.0,OFF
"COLUMBIA:COYOTE RIDGE:V21.6:SynchronousMachine:FDR 240",0.0,0.0,OFF
"COLUMBIA:COYOTE RIDGE:V21.6:SynchronousMachine:FDR 250",0.0,0.0,OFF
"COLUMBIA:COYOTE RIDGE:V21.6:SynchronousMachine:FDR 260",0.0,0.0,OFF
"COLUMBIA:WALLA WALLA:V21.6:SynchronousMachine:FDR 120",0.0,0.0,OFF
"COLUMBIA:WALLA WALLA:V21.6:SynchronousMachine:FDR 160",0.0,0.0,OFF
"COLUMBIA:WALLA WALLA:V21.6:SynchronousMachine:FDR 170",0.0,0.0,OFF
"COLUMBIA:WALLA WALLA:V21.6:SynchronousMachine:FDR 180",0.0,0.0,OFF
"COLUMBIA:WALLA WALLA:V21.6:SynchronousMachine:FDR 250",0.0,0.0,OFF
"COLUMBIA:WALLA WALLA:V21.6:SynchronousMachine:FDR 260",0.0,0.0,OFF
"COLUMBIA:WALLA WALLA:V21.6:SynchronousMachine:FDR 270",0.0,0.0,OFF
"COLUMBIA:WALLA WALLA:V21.6:SynchronousMachine:FDR 280",0.0,0.0,OFF
"COLUMBIA:WALLA WALLA:V33:SynchronousMachine:FDR 330",0.0,0.0,OFF
"COLUMBIA:WALLA WALLA:V33:SynchronousMachine:FDR 340",0.0,0.0,OFF
"COLUMBIA:WALLA WALLA:V33:SynchronousMachine:FDR 350",0.0,0.0,OFF
"COLUMBIA:WALLA WALLA:V33:SynchronousMachine:FDR 360",0.0,0.0,OFF
"COLUMBIA:WALLA WALLA:V33:SynchronousMachine:FDR 370",0.0,0.0,OFF
