"ID","Ratio"
"PUGET:EVERETT:V230:TransformerWinding:CRATR 30_ftap",1.0
"PUGET:EVERETT:V230:TransformerWinding:CRATR 35_ftap",1.0
"PUGET:TACOMA:V230:TransformerWinding:TAC TR 39_ftap",1.0
"PUGET:TACOMA:V138:TransformerWinding:TAC TR 41_ftap",1.0
"PUGET:CHEHALIS:V230:TransformerWinding:FARTR 45_ftap",1.0
"PUGET:CHEHALIS:V230:TransformerWinding:FARTR 48_ftap",1.005
"PUGET:AIRPORT:V230:TransformerWinding:HOMTR 57_ftap",1.0
"PUGET:LONGVIEW:V230:TransformerWinding:JENTR 59_ftap",1.0
"PUGET:PORT ANGELES:V230:TransformerWinding:KINTR 63_ftap",1.0
"PUGET:REDMOND:V230:TransformerWinding:MOSTR 70_ftap",1.0
"PUGET:BELLEVUE:V230:TransformerWinding:OAKTR 74_ftap",1.0
"PUGET:MT VERNON:V230:TransformerWinding:GRTR_high_ftap",1.01
"PALOUSE:ELLENSBURG:V138:TransformerWinding:G1_high_ftap",1.0
"PALOUSE:ELLENSBURG:V138:TransformerWinding:G2_high_ftap",1.0
"PALOUSE:ELLENSBURG:V138:TransformerWinding:G3_high_ftap",1.0
"PALOUSE:ELLENSBURG:V138:TransformerWinding:G4_high_ftap",1.0
"PALOUSE:ELLENSBURG:V230:TransformerWinding:T1_high_ftap",1.0
"PALOUSE:ELLENSBURG:V230:TransformerWinding:T2_high_ftap",1.0
"PALOUSE:CHENEY:V115:TransformerWinding:G_1_2_high_ftap",1.0
"PALOUSE:CHENEY:V115:TransformerWinding:G_2_4_high_ftap",1.0
"PALOUSE:CHENEY:V115:TransformerWinding:SS1_high_ftap",1.0
"PALOUSE:CHENEY:V115:TransformerWinding:SS2_high_ftap",1.0
"PALOUSE:CHENEY:V230:TransformerWinding:T1_high_ftap",1.0
"PALOUSE:CHENEY:V230:TransformerWinding:T2_high_ftap",1.0
"COLUMBIA:FINLEY:V230:TransformerWinding:T_1_high_ftap",1.0
"COLUMBIA:FINLEY:V230:TransformerWinding:T_2_high_ftap",1.0
"COLUMBIA:FINLEY:V230:TransformerWinding:T_3_high_ftap",1.0
"COLUMBIA:FINLEY:V230:TransformerWinding:T_4_high_ftap",1.0
"COLUMBIA:YAKIMA:V115:TransformerWinding:ETR1_high_ftap",1.0
"COLUMBIA:YAKIMA:V115:TransformerWinding:WTR1_high_ftap",1.0
"COLUMBIA:YAKIMA:V230:TransformerWinding:WTR2_high_ftap",1.0
"COLUMBIA:YAKIMA:V230:TransformerWinding:ETR2_high_ftap",1.0
"COLUMBIA:YAKIMA:V230:TransformerWinding:TR3_high_ftap",1.0
"COLUMBIA:FINLEY:V230:TransformerWinding:TR 1_high_ftap",1.0
"COLUMBIA:SUNNYSIDE:V115:TransformerWinding:TR 2_high_ftap",1.0
"COLUMBIA:SUNNYSIDE:V115:TransformerWinding:TR 1_high_ftap",1.0
"COLUMBIA:FINLEY:V230:TransformerWinding:TR 2_high_ftap",1.0
"COLUMBIA:GRANDVIEW:V115:TransformerWinding:TR1_high_ftap",1.0
"COLUMBIA:PROSSER:V115:TransformerWinding:TR-RIVER_high_ftap",1.0
"COLUMBIA:BENTON:V115:TransformerWinding:TR-IAN_high_ftap",1.0
"COLUMBIA:RICHLAND:V115:TransformerWinding:TR-ZIP_high_ftap",1.0
"COLUMBIA:KENNEWICK:V115:TransformerWinding:TR-SNOOP_high_ftap",1.0
"COLUMBIA:PASCO:V115:TransformerWinding:TR-LEMON_high_ftap",1.0
"PALOUSE:QUINCY:V115:TransformerWinding:TR1_high_ftap",1.0
"PALOUSE:QUINCY:V115:TransformerWinding:TR2_high_ftap",1.0
"PALOUSE:ELLENSBURG:V230:TransformerWinding:T3_high_ftap",1.0
"PALOUSE:EPHRATA:V115:TransformerWinding:TR2_high_ftap",1.0
"PALOUSE:EPHRATA:V115:TransformerWinding:TR3_high_ftap",1.0
"PALOUSE:CHENEY:V230:TransformerWinding:T3_high_ftap",1.0
"PALOUSE:GLOYD:V115:TransformerWinding:TR1_high_ftap",1.0
"PALOUSE:GLOYD:V115:TransformerWinding:TR2_high_ftap",1.0
"PALOUSE:GLOYD:V115:TransformerWinding:TR3_high_ftap",1.0
"PUGET:SATSOP:V500:TransformerWinding:SAT GEN W_high_ftap",1.0
"PUGET:SATSOP:V500:TransformerWinding:SAT GEN E_high_ftap",1.0
"PUGET:SATSOP:V500:TransformerWinding:SAT 500_230_high_ftap",1.0
"PUGET:SATSOP:V230:TransformerWinding:SAT 230_24_high_ftap",1.0
"PUGET:SATSOP:V24:TransformerWinding:SS TR 1_high_ftap",1.0
"PUGET:SATSOP:V24:TransformerWinding:SS TR 2_high_ftap",1.0
"PALOUSE:SPOKANE:V115:TransformerWinding:TR3_high_ftap",1.0
"PALOUSE:SPOKANE:V115:TransformerWinding:TR2_high_ftap",1.0
"PALOUSE:SPOKANE:V115:TransformerWinding:TR1_high_ftap",1.0
"PALOUSE:WENATCHEE:V500:TransformerWinding:TGR 500-230 TR_high_ftap",0.99
"COLUMBIA:WALLA WALLA:V500:TransformerWinding:MOO 500-230_high_ftap",1.0
"PALOUSE:VALLEY:V115:TransformerWinding:TR3_high_ftap",1.0
"PALOUSE:VALLEY:V115:TransformerWinding:TR2_high_ftap",1.0
"PALOUSE:VALLEY:V115:TransformerWinding:TR1_high_ftap",1.0
"PALOUSE:CHENEY:V230:TransformerWinding:T4_high_ftap",1.0
"COLUMBIA:FINLEY:V500:TransformerWinding:T_5_high_ftap",0.99
"COLUMBIA:YAKIMA:V500:TransformerWinding:T_500_high_ftap",0.99
"PALOUSE:ROCKFORD:V500:TransformerWinding:TR1_high_ftap",0.99
"PALOUSE:ROCKFORD:V230:TransformerWinding:TR2_high_ftap",1.0
"PALOUSE:ROCKFORD:V230:TransformerWinding:TR3_high_ftap",1.0
"PALOUSE:WHEELER:V230:TransformerWinding:TR1_high_ftap",1.0
"PALOUSE:WHEELER:V230:TransformerWinding:TR2_high_ftap",1.0
"PALOUSE:VANTAGE:V230:TransformerWinding:TR1_high_ftap",1.0
"PUGET:EVERETT:V500:TransformerWinding:EVETR 500_high_ftap",0.99
"PALOUSE:ROCKFORD:V500:TransformerWinding:50-23 TR2_high_ftap",0.99
"PALOUSE:ELMER:V230:TransformerWinding:TR12_high_ftap",1.0
"PALOUSE:ELMER:V230:TransformerWinding:TR34_high_ftap",1.0
"PALOUSE:ELMER:V230:TransformerWinding:TR56_high_ftap",1.0
"PALOUSE:ELMER:V230:TransformerWinding:TR78_high_ftap",1.0
"PALOUSE:ELMER:V230:TransformerWinding:TR90_high_ftap",1.0
"PALOUSE:ELMER:V500:TransformerWinding:TR90_high_ftap",0.99
"PALOUSE:ELMER:V500:TransformerWinding:500_230 TR2_high_ftap",0.99
"PUGET:BREMERTON:V230:TransformerWinding:TR1_high_ftap",1.01
"PUGET:RENTON:V230:TransformerWinding:W GEN TR_high_ftap",1.0
"PUGET:RENTON:V230:TransformerWinding:E GEN TR_high_ftap",1.0
"PALOUSE:WENATCHEE:V500:TransformerWinding:WEN 500-230 TR2_high_ftap",0.99
"PALOUSE:WENATCHEE:V230:TransformerWinding:TR1A_high_ftap",1.0
"PALOUSE:WENATCHEE:V14:TransformerWinding:TR1B_high_ftap",1.0
"PALOUSE:WENATCHEE:V14:TransformerWinding:TRC_high_ftap",1.0
"PALOUSE:WENATCHEE:V14:TransformerWinding:TR2A_high_ftap",1.0
"PALOUSE:WENATCHEE:V14:TransformerWinding:TR2C_high_ftap",1.0
"PALOUSE:WENATCHEE:V230:TransformerWinding:TR2A_high_ftap",1.0
"PALOUSE:WENATCHEE:V230:TransformerWinding:TR3A_high_ftap",1.0
"PALOUSE:WENATCHEE:V14:TransformerWinding:TR3B_high_ftap",1.0
"PALOUSE:WENATCHEE:V14:TransformerWinding:TR3C_high_ftap",1.0
"PALOUSE:WENATCHEE:V230:TransformerWinding:TR4A_high_ftap",1.0
"PALOUSE:WENATCHEE:V14:TransformerWinding:TR4B_high_ftap",1.0
"PALOUSE:WENATCHEE:V14:TransformerWinding:TR4C_high_ftap",1.0
"PALOUSE:WENATCHEE:V230:TransformerWinding:T5A_high_ftap",1.0
"PALOUSE:WENATCHEE:V14:TransformerWinding:TR5B_high_ftap",1.0
"PALOUSE:WENATCHEE:V14:TransformerWinding:TR5C_high_ftap",1.0
"PALOUSE:WENATCHEE:V14:TransformerWinding:TR110_high_ftap",1.0
"PALOUSE:WENATCHEE:V14:TransformerWinding:TR120_high_ftap",1.0
"PALOUSE:WENATCHEE:V14:TransformerWinding:TR210_high_ftap",1.0
"PALOUSE:WENATCHEE:V14:TransformerWinding:TR2200_high_ftap",1.0
"PALOUSE:WENATCHEE:V14:TransformerWinding:TR310_high_ftap",1.0
"PALOUSE:WENATCHEE:V14:TransformerWinding:TR320_high_ftap",1.0
"PALOUSE:WENATCHEE:V14:TransformerWinding:TR410_high_ftap",1.0
"PALOUSE:WENATCHEE:V14:TransformerWinding:TR420_high_ftap",1.0
"PUGET:AUBURN:V500:TransformerWinding:AUB 500-230 TR1_high_ftap",0.99
"PUGET:AUBURN:V500:TransformerWinding:AUB 500-230 TR2_high_ftap",0.99
"PUGET:TACOMA:V230:TransformerWinding:TAC TR2_high_ftap",1.0
"PUGET:VANCOUVER:V230:TransformerWinding:VANC T1_high_ftap",1.0
"PALOUSE:LIBERTY:V24:TransformerWinding:DIESEL T1_high_ftap",1.0
"PALOUSE:LIBERTY:V230:TransformerWinding:LIB TR1_high_ftap",1.0
"PALOUSE:LIBERTY:V230:TransformerWinding:LIB TR2_high_ftap",1.0
"COLUMBIA:WALLA WALLA:V230:TransformerWinding:TR_1_high_ftap",1.0
"COLUMBIA:WALLA WALLA:V230:TransformerWinding:TR_2_high_ftap",1.0
"COLUMBIA:WALLA WALLA:V230:TransformerWinding:TR_3_high_ftap",1.0
"COLUMBIA:PULLMAN:V500:TransformerWinding:TR_1_high_ftap",0.99
"COLUMBIA:COYOTE RIDGE:V230:TransformerWinding:_high_ftap",1.0
"COLUMBIA:COYOTE RIDGE:V230:TransformerWinding:TR2_high_ftap",1.0
"PALOUSE:ST JOHN:V230:TransformerWinding:TR1_high_ftap",1.0
"PALOUSE:VANTAGE:V230:TransformerWinding:TR2_high_ftap",1.0
"PALOUSE:VANTAGE:V230:TransformerWinding:TR3_high_ftap",1.0
"PUGET:EVERETT:V230:TransformerWinding:CRATR 30_ttap",1.0
"PUGET:EVERETT:V230:TransformerWinding:CRATR 35_ttap",1.0
"PUGET:TACOMA:V230:TransformerWinding:TAC TR 39_ttap",1.0
"PUGET:TACOMA:V138:TransformerWinding:TAC TR 41_ttap",1.0
"PUGET:CHEHALIS:V230:TransformerWinding:FARTR 45_ttap",1.0
"PUGET:CHEHALIS:V230:TransformerWinding:FARTR 48_ttap",1.0
"PUGET:AIRPORT:V230:TransformerWinding:HOMTR 57_ttap",1.0
"PUGET:LONGVIEW:V230:TransformerWinding:JENTR 59_ttap",1.0
"PUGET:PORT ANGELES:V230:TransformerWinding:KINTR 63_ttap",1.0
"PUGET:REDMOND:V230:TransformerWinding:MOSTR 70_ttap",1.0
"PUGET:BELLEVUE:V230:TransformerWinding:OAKTR 74_ttap",1.0
"PUGET:MT VERNON:V230:TransformerWinding:GRTR_high_ttap",1.01
"PALOUSE:ELLENSBURG:V138:TransformerWinding:G1_high_ttap",1.0
"PALOUSE:ELLENSBURG:V138:TransformerWinding:G2_high_ttap",1.0
"PALOUSE:ELLENSBURG:V138:TransformerWinding:G3_high_ttap",1.0
"PALOUSE:ELLENSBURG:V138:TransformerWinding:G4_high_ttap",1.0
"PALOUSE:ELLENSBURG:V230:TransformerWinding:T1_high_ttap",1.0
"PALOUSE:ELLENSBURG:V230:TransformerWinding:T2_high_ttap",1.0
"PALOUSE:CHENEY:V115:TransformerWinding:G_1_2_high_ttap",1.0
"PALOUSE:CHENEY:V115:TransformerWinding:G_2_4_high_ttap",1.0
"PALOUSE:CHENEY:V115:TransformerWinding:SS1_high_ttap",1.0
"PALOUSE:CHENEY:V115:TransformerWinding:SS2_high_ttap",1.0
"PALOUSE:CHENEY:V230:TransformerWinding:T1_high_ttap",1.0
"PALOUSE:CHENEY:V230:TransformerWinding:T2_high_ttap",1.0
"COLUMBIA:FINLEY:V230:TransformerWinding:T_1_high_ttap",1.0
"COLUMBIA:FINLEY:V230:TransformerWinding:T_2_high_ttap",1.0
"COLUMBIA:FINLEY:V230:TransformerWinding:T_3_high_ttap",1.0
"COLUMBIA:FINLEY:V230:TransformerWinding:T_4_high_ttap",1.0
"COLUMBIA:YAKIMA:V115:TransformerWinding:ETR1_high_ttap",1.0
"COLUMBIA:YAKIMA:V115:TransformerWinding:WTR1_high_ttap",1.0
"COLUMBIA:YAKIMA:V230:TransformerWinding:WTR2_high_ttap",1.0
"COLUMBIA:YAKIMA:V230:TransformerWinding:ETR2_high_ttap",1.0
"COLUMBIA:YAKIMA:V230:TransformerWinding:TR3_high_ttap",1.01
"COLUMBIA:FINLEY:V230:TransformerWinding:TR 1_high_ttap",1.0
"COLUMBIA:SUNNYSIDE:V115:TransformerWinding:TR 2_high_ttap",1.01
"COLUMBIA:SUNNYSIDE:V115:TransformerWinding:TR 1_high_ttap",1.01
"COLUMBIA:FINLEY:V230:TransformerWinding:TR 2_high_ttap",1.0
"COLUMBIA:GRANDVIEW:V115:TransformerWinding:TR1_high_ttap",1.01
"COLUMBIA:PROSSER:V115:TransformerWinding:TR-RIVER_high_ttap",1.01
"COLUMBIA:BENTON:V115:TransformerWinding:TR-IAN_high_ttap",1.01
"COLUMBIA:RICHLAND:V115:TransformerWinding:TR-ZIP_high_ttap",1.01
"COLUMBIA:KENNEWICK:V115:TransformerWinding:TR-SNOOP_high_ttap",1.01
"COLUMBIA:PASCO:V115:TransformerWinding:TR-LEMON_high_ttap",1.01
"PALOUSE:QUINCY:V115:TransformerWinding:TR1_high_ttap",1.01
"PALOUSE:QUINCY:V115:TransformerWinding:TR2_high_ttap",1.01
"PALOUSE:ELLENSBURG:V230:TransformerWinding:T3_high_ttap",1.0
"PALOUSE:EPHRATA:V115:TransformerWinding:TR2_high_ttap",1.01
"PALOUSE:EPHRATA:V115:TransformerWinding:TR3_high_ttap",1.01
"PALOUSE:CHENEY:V230:TransformerWinding:T3_high_ttap",1.0
"PALOUSE:GLOYD:V115:TransformerWinding:TR1_high_ttap",1.01
"PALOUSE:GLOYD:V115:TransformerWinding:TR2_high_ttap",1.01
"PALOUSE:GLOYD:V115:TransformerWinding:TR3_high_ttap",1.01
"PUGET:SATSOP:V500:TransformerWinding:SAT GEN W_high_ttap",1.0
"PUGET:SATSOP:V500:TransformerWinding:SAT GEN E_high_ttap",1.0
"PUGET:SATSOP:V500:TransformerWinding:SAT 500_230_high_ttap",1.0
"PUGET:SATSOP:V230:TransformerWinding:SAT 230_24_high_ttap",1.0
"PUGET:SATSOP:V24:TransformerWinding:SS TR 1_high_ttap",1.0
"PUGET:SATSOP:V24:TransformerWinding:SS TR 2_high_ttap",1.0
"PALOUSE:SPOKANE:V115:TransformerWinding:TR3_high_ttap",1.01
"PALOUSE:SPOKANE:V115:TransformerWinding:TR2_high_ttap",1.01
"PALOUSE:SPOKANE:V115:TransformerWinding:TR1_high_ttap",1.01
"PALOUSE:WENATCHEE:V500:TransformerWinding:TGR 500-230 TR_high_ttap",1.0
"COLUMBIA:WALLA WALLA:V500:TransformerWinding:MOO 500-230_high_ttap",1.0
"PALOUSE:VALLEY:V115:TransformerWinding:TR3_high_ttap",1.01
"PALOUSE:VALLEY:V115:TransformerWinding:TR2_high_ttap",1.01
"PALOUSE:VALLEY:V115:TransformerWinding:TR1_high_ttap",1.01
"PALOUSE:CHENEY:V230:TransformerWinding:T4_high_ttap",1.0
"COLUMBIA:FINLEY:V500:TransformerWinding:T_5_high_ttap",1.0
"COLUMBIA:YAKIMA:V500:TransformerWinding:T_500_high_ttap",1.0
"PALOUSE:ROCKFORD:V500:TransformerWinding:TR1_high_ttap",1.0
"PALOUSE:ROCKFORD:V230:TransformerWinding:TR2_high_ttap",1.0
"PALOUSE:ROCKFORD:V230:TransformerWinding:TR3_high_ttap",1.0
"PALOUSE:WHEELER:V230:TransformerWinding:TR1_high_ttap",1.0
"PALOUSE:WHEELER:V230:TransformerWinding:TR2_high_ttap",1.0
"PALOUSE:VANTAGE:V230:TransformerWinding:TR1_high_ttap",1.0
"PUGET:EVERETT:V500:TransformerWinding:EVETR 500_high_ttap",1.0
"PALOUSE:ROCKFORD:V500:TransformerWinding:50-23 TR2_high_ttap",1.0
"PALOUSE:ELMER:V230:TransformerWinding:TR12_high_ttap",1.0
"PALOUSE:ELMER:V230:TransformerWinding:TR34_high_ttap",1.0
"PALOUSE:ELMER:V230:TransformerWinding:TR56_high_ttap",1.0
"PALOUSE:ELMER:V230:TransformerWinding:TR78_high_ttap",1.0
"PALOUSE:ELMER:V230:TransformerWinding:TR90_high_ttap",1.0
"PALOUSE:ELMER:V500:TransformerWinding:TR90_high_ttap",1.0
"PALOUSE:ELMER:V500:TransformerWinding:500_230 TR2_high_ttap",1.0
"PUGET:BREMERTON:V230:TransformerWinding:TR1_high_ttap",1.01
"PUGET:RENTON:V230:TransformerWinding:W GEN TR_high_ttap",1.0
"PUGET:RENTON:V230:TransformerWinding:E GEN TR_high_ttap",1.0
"PALOUSE:WENATCHEE:V500:TransformerWinding:WEN 500-230 TR2_high_ttap",1.0
"PALOUSE:WENATCHEE:V230:TransformerWinding:TR1A_high_ttap",1.0
"PALOUSE:WENATCHEE:V14:TransformerWinding:TR1B_high_ttap",1.0
"PALOUSE:WENATCHEE:V14:TransformerWinding:TRC_high_ttap",1.0
"PALOUSE:WENATCHEE:V14:TransformerWinding:TR2A_high_ttap",1.0
"PALOUSE:WENATCHEE:V14:TransformerWinding:TR2C_high_ttap",1.0
"PALOUSE:WENATCHEE:V230:TransformerWinding:TR2A_high_ttap",1.0
"PALOUSE:WENATCHEE:V230:TransformerWinding:TR3A_high_ttap",1.0
"PALOUSE:WENATCHEE:V14:TransformerWinding:TR3B_high_ttap",1.0
"PALOUSE:WENATCHEE:V14:TransformerWinding:TR3C_high_ttap",1.0
"PALOUSE:WENATCHEE:V230:TransformerWinding:TR4A_high_ttap",1.0
"PALOUSE:WENATCHEE:V14:TransformerWinding:TR4B_high_ttap",1.0
"PALOUSE:WENATCHEE:V14:TransformerWinding:TR4C_high_ttap",1.0
"PALOUSE:WENATCHEE:V230:TransformerWinding:T5A_high_ttap",1.0
"PALOUSE:WENATCHEE:V14:TransformerWinding:TR5B_high_ttap",1.0
"PALOUSE:WENATCHEE:V14:TransformerWinding:TR5C_high_ttap",1.0
"PALOUSE:WENATCHEE:V14:TransformerWinding:TR110_high_ttap",1.0
"PALOUSE:WENATCHEE:V14:TransformerWinding:TR120_high_ttap",1.0
"PALOUSE:WENATCHEE:V14:TransformerWinding:TR210_high_ttap",1.0
"PALOUSE:WENATCHEE:V14:TransformerWinding:TR2200_high_ttap",1.0
"PALOUSE:WENATCHEE:V14:TransformerWinding:TR310_high_ttap",1.0
"PALOUSE:WENATCHEE:V14:TransformerWinding:TR320_high_ttap",1.0
"PALOUSE:WENATCHEE:V14:TransformerWinding:TR410_high_ttap",1.0
"PALOUSE:WENATCHEE:V14:TransformerWinding:TR420_high_ttap",1.0
"PUGET:AUBURN:V500:TransformerWinding:AUB 500-230 TR1_high_ttap",1.0
"PUGET:AUBURN:V500:TransformerWinding:AUB 500-230 TR2_high_ttap",1.0
"PUGET:TACOMA:V230:TransformerWinding:TAC TR2_high_ttap",1.0
"PUGET:VANCOUVER:V230:TransformerWinding:VANC T1_high_ttap",1.0
"PALOUSE:LIBERTY:V24:TransformerWinding:DIESEL T1_high_ttap",1.0
"PALOUSE:LIBERTY:V230:TransformerWinding:LIB TR1_high_ttap",1.0
"PALOUSE:LIBERTY:V230:TransformerWinding:LIB TR2_high_ttap",1.0
"COLUMBIA:WALLA WALLA:V230:TransformerWinding:TR_1_high_ttap",1.0
"COLUMBIA:WALLA WALLA:V230:TransformerWinding:TR_2_high_ttap",1.0
"COLUMBIA:WALLA WALLA:V230:TransformerWinding:TR_3_high_ttap",1.0
"COLUMBIA:PULLMAN:V500:TransformerWinding:TR_1_high_ttap",1.0
"COLUMBIA:COYOTE RIDGE:V230:TransformerWinding:_high_ttap",1.0
"COLUMBIA:COYOTE RIDGE:V230:TransformerWinding:TR2_high_ttap",1.0
"PALOUSE:ST JOHN:V230:TransformerWinding:TR1_high_ttap",1.0
"PALOUSE:VANTAGE:V230:TransformerWinding:TR2_high_ttap",1.0
"PALOUSE:VANTAGE:V230:TransformerWinding:TR3_high_ttap",1.0
