"ID","MW","MVAr"
"PUGET:AUBURN:V230:Load:AUBURN A",39.975735,18.172625
"PUGET:AUBURN:V230:Load:AUBURN B",54.51496,24.533295
"PUGET:MARYSVILLE:V230:Load:MARYS A",16.120667,7.166135
"PUGET:MARYSVILLE:V230:Load:MARYS B",48.362,21.495872
"PUGET:SEATTLE:V230:Load:SEATTLE A",584.0916,262.87796
"PUGET:EVERETT:V24:Load:EVERETT SS1",3.9997451,1.8
"PUGET:EVERETT:V24:Load:EVERETT SS2",3.9997451,1.8
"PUGET:EVERETT:V230:Load:EVERETT A",223.55316,100.16539
"PUGET:VANCOUVER:V230:Load:VANCOUVER A",200.00754,90.01684
"PUGET:TACOMA:V138:Load:TACOMA A",178.90224,80.5162
"PUGET:TACOMA:V24:Load:TACOMA SS",4.9996815,2.25
"PUGET:BELLINGHAM:V230:Load:BELLINGHAM A",88.13281,39.664787
"PUGET:CHEHALIS:V138:Load:CHEHALIS A",18.220854,8.199907
"PUGET:CHEHALIS:V24:Load:CHEHALIS SS",7.9994903,3.6
"PUGET:MT VERNON:V230:Load:MT VERNON A",89.6665,40.35503
"PUGET:MT VERNON:V230:Load:MT VERNON B",29.588367,13.452521
"PUGET:AIRPORT:V24:Load:AIRPORT SS",4.9996815,2.25
"PUGET:AIRPORT:V230:Load:AIRPORT A",74.4373,33.187008
"PUGET:LONGVIEW:V230:Load:LONGVIEW A",54.99983,24.7515
"PUGET:LONGVIEW:V69:Load:LONGVIEW B",13.722827,6.178253
"PUGET:LONGVIEW:V69:Load:LONGVIEW C",38.431965,17.388624
"PUGET:PORT ANGELES:V138:Load:PT ANGELES A",26.80076,11.614029
"PUGET:PORT ANGELES:V138:Load:PT ANGELES B",25.010302,10.72239
"PALOUSE:LIBERTY:V24:Load:LIBERTY C",14.999044,8.0
"PALOUSE:LIBERTY:V230:Load:LIBERTY A",345.2942,155.73175
"PUGET:REDMOND:V230:Load:REDMOND A",78.63927,35.751247
"PUGET:REDMOND:V69:Load:REDMOND B",18.02531,8.111907
"PUGET:OLYMPIA:V230:Load:OLY A",88.516754,39.837578
"PUGET:BELLEVUE:V230:Load:BELLEVUE A",267.81198,120.53064
"PUGET:BELLEVUE:V69:Load:BELLEVUE B",89.87979,40.050922
"PALOUSE:CHENEY:V230:Load:CHENEY A",22.468,9.637181
"COLUMBIA:YAKIMA:V115:Load:EAST SS",5.055291,2.275026
"COLUMBIA:YAKIMA:V115:Load:WEST SS",5.05471,2.2747643
"COLUMBIA:SUNNYSIDE:V12.5:Load:F0",1.3442576,0.60514504
"COLUMBIA:SUNNYSIDE:V12.5:Load:F1",2.688748,1.2102901
"COLUMBIA:SUNNYSIDE:V12.5:Load:F2",4.0330057,1.8155401
"COLUMBIA:SUNNYSIDE:V12.5:Load:F3",1.3442576,0.60514504
"COLUMBIA:SUNNYSIDE:V12.5:Load:F4",2.688748,1.2102901
"COLUMBIA:SUNNYSIDE:V12.5:Load:F5",4.0330057,1.8155401
"COLUMBIA:GRANDVIEW:V12.5:Load:F1",1.3393244,0.60292417
"COLUMBIA:GRANDVIEW:V12.5:Load:F2",1.3393244,0.60292417
"COLUMBIA:GRANDVIEW:V12.5:Load:F3",1.3393244,0.60292417
"COLUMBIA:PROSSER:V12.5:Load:F1",1.3328787,0.6000225
"COLUMBIA:PROSSER:V12.5:Load:F2",1.3328787,0.6000225
"COLUMBIA:PROSSER:V12.5:Load:F3",1.3328787,0.6000225
"COLUMBIA:PROSSER:V12.5:Load:F4",1.3328787,0.6000225
"COLUMBIA:PROSSER:V12.5:Load:F5",1.3328787,0.6000225
"COLUMBIA:BENTON:V12.5:Load:F2",1.3489782,0.60727
"COLUMBIA:BENTON:V12.5:Load:F3",1.3489782,0.60727
"COLUMBIA:BENTON:V12.5:Load:F4",2.6981897,1.21454
"COLUMBIA:RICHLAND:V12.5:Load:F1",2.6719499,1.2027286
"COLUMBIA:RICHLAND:V12.5:Load:F2",1.3358593,0.6013643
"COLUMBIA:RICHLAND:V12.5:Load:F3",1.3358593,0.6013643
"COLUMBIA:RICHLAND:V12.5:Load:F4",1.3358593,0.6013643
"COLUMBIA:KENNEWICK:V12.5:Load:F1",1.3329523,0.6000557
"COLUMBIA:KENNEWICK:V12.5:Load:F2",1.3329523,0.6000557
"COLUMBIA:KENNEWICK:V12.5:Load:F3",1.3329523,0.6000557
"COLUMBIA:KENNEWICK:V12.5:Load:F4",1.3329523,0.6000557
"COLUMBIA:KENNEWICK:V12.5:Load:F5",1.3329523,0.6000557
"COLUMBIA:PASCO:V12.5:Load:F1",1.3448911,0.6054301
"COLUMBIA:PASCO:V12.5:Load:F2",1.3448911,0.6054301
"COLUMBIA:PASCO:V12.5:Load:F3",1.3448911,0.6054301
"PALOUSE:QUINCY:V33:Load:QUIN01",4.1289086,1.859652
"PALOUSE:QUINCY:V33:Load:QUIN02",4.127261,1.8589101
"PALOUSE:QUINCY:V33:Load:QUIN03",4.127261,1.8589101
"PALOUSE:QUINCY:V33:Load:QUIN04",4.1289086,1.859652
"PALOUSE:ELLENSBURG:V138:Load:SS",4.989433,2.2453878
"PALOUSE:EPHRATA:V12.5:Load:EPH01",5.251402,2.36535
"PALOUSE:EPHRATA:V12.5:Load:EPH02",5.251402,2.36535
"PALOUSE:EPHRATA:V12.5:Load:EPH03",6.312976,2.8436108
"PALOUSE:EPHRATA:V12.5:Load:EPH04",5.260813,2.369589
"PALOUSE:EPHRATA:V12.5:Load:EPH05",5.260813,2.369589
"PALOUSE:GLOYD:V12.5:Load:GLO01",5.127056,2.309342
"PALOUSE:GLOYD:V12.5:Load:GLO02",5.0613804,2.27976
"PALOUSE:GLOYD:V12.5:Load:GLO03",5.0613804,2.27976
"PALOUSE:GLOYD:V12.5:Load:GLO04",5.1586857,2.3235884
"PALOUSE:GLOYD:V12.5:Load:GLO05",3.0952113,1.3939499
"PALOUSE:GLOYD:V12.5:Load:GLO06",3.0762336,1.3854032
"PALOUSE:GLOYD:V12.5:Load:GLO07",3.0762336,1.3854032
"PALOUSE:GLOYD:V12.5:Load:GLO08",3.0368278,1.3676565
"PALOUSE:GLOYD:V12.5:Load:GLO09",3.0368278,1.3676565
"PALOUSE:GLOYD:V12.5:Load:GLO10",3.0952113,1.3939499
"PUGET:SATSOP:V24:Load:GEN SERVICE 1",14.999044,8.0
"PUGET:SATSOP:V24:Load:GEN SERVICE 2",14.999044,8.0
"PALOUSE:SPOKANE:V12.5:Load:SPOK01",4.2485614,1.9135435
"PALOUSE:SPOKANE:V12.5:Load:SPOK02",4.2485614,1.9135435
"PALOUSE:SPOKANE:V12.5:Load:SPOK03",4.2485614,1.9135435
"PALOUSE:SPOKANE:V12.5:Load:SPOK04",8.434676,3.7989604
"PALOUSE:SPOKANE:V12.5:Load:SPOK05",6.3251424,2.849091
"PALOUSE:SPOKANE:V12.5:Load:SPOK06",6.3251424,2.849091
"PALOUSE:SPOKANE:V12.5:Load:SPOK07",5.2347393,2.3578448
"PALOUSE:SPOKANE:V12.5:Load:SPOK08",5.2347393,2.3578448
"PALOUSE:SPOKANE:V12.5:Load:SPOK09",5.2347393,2.3578448
"PALOUSE:VALLEY:V12.5:Load:VAL01",6.128702,2.7606068
"PALOUSE:VALLEY:V12.5:Load:VAL02",6.271983,2.825146
"PALOUSE:VALLEY:V12.5:Load:VAL03",6.128702,2.7606068
"PALOUSE:VALLEY:V12.5:Load:VAL04",6.271983,2.825146
"PALOUSE:VALLEY:V12.5:Load:VAL05",8.119408,3.6569643
"PALOUSE:VALLEY:V12.5:Load:VAL06",10.148983,4.570831
"PALOUSE:VALLEY:V12.5:Load:VAL07",8.172721,3.6809762
"PALOUSE:VALLEY:V12.5:Load:VAL08",8.119408,3.6569643
"PALOUSE:VALLEY:V12.5:Load:VAL09",10.454449,4.708405
"PALOUSE:VALLEY:V12.5:Load:VAL10",8.172721,3.6809762
"PALOUSE:VALLEY:V12.5:Load:VAL11",10.148983,4.570831
"PALOUSE:WHEELER:V230:Load:WHEELER A",92.8374,41.65288
"PALOUSE:VANTAGE:V230:Load:VANTAGE A",5.295342,2.3851416
"PUGET:RENTON:V13.8:Load:SS1",4.894014,2.2024465
"PUGET:RENTON:V13.8:Load:SS2",4.894014,2.2024465
"PALOUSE:WENATCHEE:V4.18:Load:SS1",4.882135,2.1971006
"PALOUSE:WENATCHEE:V4.18:Load:SS2",4.882135,2.1971006
"COLUMBIA:BENTON:V12.5:Load:F1",1.3489782,0.60727
"COLUMBIA:YAKIMA:V230:Load:YAK 1",39.049656,17.578686
"COLUMBIA:YAKIMA:V230:Load:YAK 2",39.049656,17.578686
"PALOUSE:WENATCHEE:V230:Load:WEN 1",78.81606,35.49832
"PUGET:VANCOUVER:V230:Load:VANCOUVER B",200.00754,90.01684
"PUGET:TACOMA:V230:Load:TACOMA B",309.67505,139.23901
"PALOUSE:LIBERTY:V230:Load:LIBERTY B",345.2942,155.73175
"PUGET:SEATTLE:V230:Load:SEATTLE B",588.5177,265.53296
"PUGET:SEATTLE:V230:Load:SEATTLE C",588.5177,265.53296
"PUGET:SATSOP:V230:Load:SATSOP A",53.522728,24.497183
"PUGET:RENTON:V230:Load:RENTON A",128.51686,58.017963
"PUGET:RENTON:V230:Load:RENTON B",128.51686,58.017963
"PUGET:REDMOND:V69:Load:REDMOND C",27.040798,11.718048
"PUGET:REDMOND:V69:Load:REDMOND D",36.05062,16.226362
"PUGET:OLYMPIA:V230:Load:OLY B",117.72573,53.117607
"COLUMBIA:FINLEY:V230:Load:FIN 1",40.576973,18.401537
"COLUMBIA:FINLEY:V230:Load:FIN 2",40.576973,18.401537
"COLUMBIA:FINLEY:V115:Load:FIN 3",22.958921,10.26767
"PUGET:FEDERAL WAY:V230:Load:FED WAY 1",90.02262,40.51531
"PUGET:FEDERAL WAY:V230:Load:FED WAY 2",90.02262,40.51531
"PUGET:FEDERAL WAY:V230:Load:FED WAY 3",83.721725,37.81463
"PUGET:EVERETT:V230:Load:EVERETT B",223.55316,100.16539
"PUGET:EVERETT:V230:Load:EVERETT C",248.58841,111.791
"PUGET:CHEHALIS:V138:Load:CHEHALIS B",29.15451,13.120366
"PUGET:BREMERTON:V230:Load:BREM A",84.276024,38.152378
"PUGET:BREMERTON:V230:Load:BREM B",55.00237,24.842943
"PUGET:BREMERTON:V13.8:Load:BREM SS",4.854943,2.1848636
"PUGET:BELLINGHAM:V230:Load:BELLINGHAM B",112.80734,51.122894
"PALOUSE:ELLENSBURG:V230:Load:ELLENS A",38.048374,16.92513
"PALOUSE:ELMER:V230:Load:ELMER A",10.740001,4.83701
"PUGET:LYNNWOOD:V230:Load:LYNNWOOD A",64.288345,28.578125
"PUGET:VANCOUVER:V24:Load:VANCOUVER SS",5.9996176,2.7
