"ID","FromMW","FromMVAr","ToMW","ToMVAr"
"PUGET:EVERETT:V230:TransformerWinding:CRATR 30_wnd",-358.3028,65.33838,358.3028,-26.611816
"PUGET:EVERETT:V230:TransformerWinding:CRATR 35_wnd",-366.35596,66.20703,366.35596,-25.743164
"PUGET:TACOMA:V230:TransformerWinding:TAC TR 39_wnd",35.746452,41.592773,-35.746452,-40.99707
"PUGET:TACOMA:V138:TransformerWinding:TAC TR 41_wnd",-88.771286,-15.03125,88.771286,16.992188
"PUGET:CHEHALIS:V230:TransformerWinding:FARTR 45_wnd",32.695457,14.838867,-32.695457,-14.7109375
"PUGET:CHEHALIS:V230:TransformerWinding:FARTR 48_wnd",-792.0078,89.5918,792.0078,-26.792969
"PUGET:AIRPORT:V230:TransformerWinding:HOMTR 57_wnd",-295.0043,132.20703,295.0043,-122.01367
"PUGET:LONGVIEW:V230:TransformerWinding:JENTR 59_wnd",35.526367,16.206055,-35.526367,-16.052734
"PUGET:PORT ANGELES:V230:TransformerWinding:KINTR 63_wnd",36.699867,-25.424805,-36.699867,25.618164
"PUGET:REDMOND:V230:TransformerWinding:MOSTR 70_wnd",54.77531,31.70111,-54.77531,-24.3461
"PUGET:BELLEVUE:V230:TransformerWinding:OAKTR 74_wnd",63.771404,28.889648,-63.771404,-28.41504
"PUGET:MT VERNON:V230:TransformerWinding:GRTR_high_wnd",-400.00217,0.94921875,400.00217,13.431641
"PALOUSE:ELLENSBURG:V138:TransformerWinding:G1_high_wnd",-18.434412,1.0947266,18.434412,-1.0585938
"PALOUSE:ELLENSBURG:V138:TransformerWinding:G2_high_wnd",-18.434412,1.0947266,18.434412,-1.0585938
"PALOUSE:ELLENSBURG:V138:TransformerWinding:G3_high_wnd",-14.494946,1.0878906,14.494946,-1.0654297
"PALOUSE:ELLENSBURG:V138:TransformerWinding:G4_high_wnd",0.0,0.0,0.0,0.0
"PALOUSE:ELLENSBURG:V230:TransformerWinding:T1_high_wnd",-23.169483,15.822998,23.181694,-2.760376
"PALOUSE:ELLENSBURG:V230:TransformerWinding:T2_high_wnd",-23.169483,15.822998,23.181694,-2.760376
"PALOUSE:CHENEY:V115:TransformerWinding:G_1_2_high_wnd",-53.09601,7.3896484,53.09601,-7.1035156
"PALOUSE:CHENEY:V115:TransformerWinding:G_2_4_high_wnd",-35.0003,7.310547,35.0003,-7.182617
"PALOUSE:CHENEY:V115:TransformerWinding:SS1_high_wnd",0.0,0.0,0.0,0.0
"PALOUSE:CHENEY:V115:TransformerWinding:SS2_high_wnd",0.0,0.0,0.0,0.0
"PALOUSE:CHENEY:V230:TransformerWinding:T1_high_wnd",-44.04816,7.548828,44.04816,-7.350586
"PALOUSE:CHENEY:V230:TransformerWinding:T2_high_wnd",-44.04816,7.548828,44.04816,-7.350586
"COLUMBIA:FINLEY:V230:TransformerWinding:T_1_high_wnd",-0.24698257,12.503723,0.26206207,-12.277527
"COLUMBIA:FINLEY:V230:TransformerWinding:T_2_high_wnd",-79.34436,22.607422,80.00066,-12.763062
"COLUMBIA:FINLEY:V230:TransformerWinding:T_3_high_wnd",-19.942673,14.137085,20.000284,-13.27301
"COLUMBIA:FINLEY:V230:TransformerWinding:T_4_high_wnd",0.0,0.0,0.0,0.0
"COLUMBIA:YAKIMA:V115:TransformerWinding:ETR1_high_wnd",-51.820713,26.666382,51.820713,-24.37085
"COLUMBIA:YAKIMA:V115:TransformerWinding:WTR1_high_wnd",-51.820717,26.355347,51.820717,-24.07019
"COLUMBIA:YAKIMA:V230:TransformerWinding:WTR2_high_wnd",-46.754974,28.93164,46.754974,-28.639648
"COLUMBIA:YAKIMA:V230:TransformerWinding:ETR2_high_wnd",-36.578117,26.74414,36.578117,-26.544922
"COLUMBIA:YAKIMA:V230:TransformerWinding:TR3_high_wnd",8.890411,4.1760254,-8.889709,-4.1499023
"COLUMBIA:FINLEY:V230:TransformerWinding:TR 1_high_wnd",21.14692,3.973877,-21.143616,-3.8503418
"COLUMBIA:SUNNYSIDE:V115:TransformerWinding:TR 2_high_wnd",6.6898403,3.0985718,-6.6845665,-3.008789
"COLUMBIA:SUNNYSIDE:V115:TransformerWinding:TR 1_high_wnd",6.6898403,3.0985718,-6.6845665,-3.008789
"COLUMBIA:FINLEY:V230:TransformerWinding:TR 2_high_wnd",21.14692,3.973877,-21.143616,-3.8503418
"COLUMBIA:GRANDVIEW:V115:TransformerWinding:TR1_high_wnd",3.3347845,1.5680695,-3.3308182,-1.4993134
"COLUMBIA:PROSSER:V115:TransformerWinding:TR-RIVER_high_wnd",5.539147,2.6798859,-5.528098,-2.4884033
"COLUMBIA:BENTON:V115:TransformerWinding:TR-IAN_high_wnd",5.578907,2.5136719,-5.578907,-2.5117188
"COLUMBIA:RICHLAND:V115:TransformerWinding:TR-ZIP_high_wnd",5.54477,2.6822815,-5.5337286,-2.4909058
"COLUMBIA:KENNEWICK:V115:TransformerWinding:TR-SNOOP_high_wnd",5.5299225,2.6759796,-5.518862,-2.4842377
"COLUMBIA:PASCO:V115:TransformerWinding:TR-LEMON_high_wnd",3.3372068,1.5691681,-3.3332415,-1.5004272
"PALOUSE:QUINCY:V115:TransformerWinding:TR1_high_wnd",8.411724,4.260483,-8.366111,-3.7678528
"PALOUSE:QUINCY:V115:TransformerWinding:TR2_high_wnd",8.410181,4.2598267,-8.364558,-3.7671509
"PALOUSE:ELLENSBURG:V230:TransformerWinding:T3_high_wnd",12.811958,3.6733398,-12.810654,-3.6247559
"PALOUSE:EPHRATA:V115:TransformerWinding:TR2_high_wnd",10.6305685,4.801758,-10.6305685,-4.788086
"PALOUSE:EPHRATA:V115:TransformerWinding:TR3_high_wnd",17.035334,7.708008,-17.035334,-7.671875
"PALOUSE:CHENEY:V230:TransformerWinding:T3_high_wnd",41.71014,17.878906,-41.71014,-17.674805
"PALOUSE:GLOYD:V115:TransformerWinding:TR1_high_wnd",11.458682,6.0397034,-11.4066105,-5.137085
"PALOUSE:GLOYD:V115:TransformerWinding:TR2_high_wnd",16.49205,9.30658,-16.380754,-7.3773804
"PALOUSE:GLOYD:V115:TransformerWinding:TR3_high_wnd",11.524781,6.065567,-11.472938,-5.166931
"PUGET:SATSOP:V500:TransformerWinding:SAT GEN W_high_wnd",-364.87177,89.677246,365.16266,-71.86621
"PUGET:SATSOP:V500:TransformerWinding:SAT GEN E_high_wnd",-364.87177,89.677246,365.16266,-71.86621
"PUGET:SATSOP:V500:TransformerWinding:SAT 500_230_high_wnd",-51.988846,52.492188,51.997932,-51.692383
"PUGET:SATSOP:V230:TransformerWinding:SAT 230_24_high_wnd",-389.68307,26.760742,389.68307,-11.561523
"PUGET:SATSOP:V24:TransformerWinding:SS TR 1_high_wnd",0.0,1.220703E-4,0.0,0.0
"PUGET:SATSOP:V24:TransformerWinding:SS TR 2_high_wnd",0.0,1.220703E-4,0.0,0.0
"PALOUSE:SPOKANE:V115:TransformerWinding:TR3_high_wnd",15.738339,1.966919,-15.711493,-1.4031982
"PALOUSE:SPOKANE:V115:TransformerWinding:TR2_high_wnd",21.143818,4.740265,-21.095238,-3.7200012
"PALOUSE:SPOKANE:V115:TransformerWinding:TR1_high_wnd",12.768747,0.19781494,-12.751875,0.15649414
"PALOUSE:WENATCHEE:V500:TransformerWinding:TGR 500-230 TR_high_wnd",-87.639404,55.055664,87.65701,-53.850586
"COLUMBIA:WALLA WALLA:V500:TransformerWinding:MOO 500-230_high_wnd",1.5298309,-10.859375,-1.5296326,10.873047
"PALOUSE:VALLEY:V115:TransformerWinding:TR3_high_wnd",36.74027,19.677185,-36.551086,-16.460968
"PALOUSE:VALLEY:V115:TransformerWinding:TR2_high_wnd",28.727821,14.822205,-28.614008,-12.887238
"PALOUSE:VALLEY:V115:TransformerWinding:TR1_high_wnd",23.076563,11.535034,-23.007572,-10.362183
"PALOUSE:CHENEY:V230:TransformerWinding:T4_high_wnd",30.80436,7.5810547,-30.80436,-7.482422
"COLUMBIA:FINLEY:V500:TransformerWinding:T_5_high_wnd",6.027054,64.55957,-6.0204926,-61.60547
"COLUMBIA:YAKIMA:V500:TransformerWinding:T_500_high_wnd",-12.046799,84.11426,12.058029,-80.82324
"PALOUSE:ROCKFORD:V500:TransformerWinding:TR1_high_wnd",11.632517,128.70312,-11.632517,-127.075195
"PALOUSE:ROCKFORD:V230:TransformerWinding:TR2_high_wnd",40.613403,22.361511,-40.613403,-20.215088
"PALOUSE:ROCKFORD:V230:TransformerWinding:TR3_high_wnd",26.631062,8.669922,-26.631062,-7.8864746
"PALOUSE:WHEELER:V230:TransformerWinding:TR1_high_wnd",24.400732,11.082642,-24.400732,-10.378357
"PALOUSE:WHEELER:V230:TransformerWinding:TR2_high_wnd",31.305067,15.83197,-31.305067,-14.625061
"PALOUSE:VANTAGE:V230:TransformerWinding:TR1_high_wnd",15.949871,7.560364,-15.949871,-7.2526245
"PUGET:EVERETT:V500:TransformerWinding:EVETR 500_high_wnd",354.41153,36.651855,-354.2645,-18.106934
"PALOUSE:ROCKFORD:V500:TransformerWinding:50-23 TR2_high_wnd",11.632517,128.70312,-11.632517,-127.075195
"PALOUSE:ELMER:V230:TransformerWinding:TR12_high_wnd",-86.61097,14.764526,86.61097,-10.201294
"PALOUSE:ELMER:V230:TransformerWinding:TR34_high_wnd",-43.305485,13.087891,43.305485,-11.87793
"PALOUSE:ELMER:V230:TransformerWinding:TR56_high_wnd",-86.61097,14.764526,86.61097,-10.201294
"PALOUSE:ELMER:V230:TransformerWinding:TR78_high_wnd",-83.30615,14.597046,83.30615,-10.368774
"PALOUSE:ELMER:V230:TransformerWinding:TR90_high_wnd",-83.30615,14.597046,83.30615,-10.368774
"PALOUSE:ELMER:V500:TransformerWinding:TR90_high_wnd",-126.41322,34.448242,126.43326,-29.637695
"PALOUSE:ELMER:V500:TransformerWinding:500_230 TR2_high_wnd",-126.41322,34.448242,126.43326,-29.637695
"PUGET:BREMERTON:V230:TransformerWinding:TR1_high_wnd",5.0016747,2.2953491,-4.998604,-2.2493286
"PUGET:RENTON:V230:TransformerWinding:W GEN TR_high_wnd",-62.11427,19.767334,62.11427,-17.273315
"PUGET:RENTON:V230:TransformerWinding:E GEN TR_high_wnd",5.036478,2.2840576,-5.036478,-2.2663574
"PALOUSE:WENATCHEE:V500:TransformerWinding:WEN 500-230 TR2_high_wnd",-87.639404,55.055664,87.65701,-53.850586
"PALOUSE:WENATCHEE:V230:TransformerWinding:TR1A_high_wnd",-86.61122,19.530518,86.61122,-21.728516
"PALOUSE:WENATCHEE:V14:TransformerWinding:TR1B_high_wnd",43.305534,-7.246216,-43.305534,10.862915
"PALOUSE:WENATCHEE:V14:TransformerWinding:TRC_high_wnd",43.305534,-7.246216,-43.305534,10.862915
"PALOUSE:WENATCHEE:V14:TransformerWinding:TR2A_high_wnd",43.305534,-7.246216,-43.305534,10.862915
"PALOUSE:WENATCHEE:V14:TransformerWinding:TR2C_high_wnd",43.305534,-7.246216,-43.305534,10.862915
"PALOUSE:WENATCHEE:V230:TransformerWinding:TR2A_high_wnd",-86.61122,19.530518,86.61122,-21.728516
"PALOUSE:WENATCHEE:V230:TransformerWinding:TR3A_high_wnd",-86.23146,19.509277,86.23146,-21.68872
"PALOUSE:WENATCHEE:V14:TransformerWinding:TR3B_high_wnd",43.305534,-7.241638,-43.305534,10.858215
"PALOUSE:WENATCHEE:V14:TransformerWinding:TR3C_high_wnd",42.92576,-7.2719116,-42.92576,10.827942
"PALOUSE:WENATCHEE:V230:TransformerWinding:TR4A_high_wnd",-65.49932,10.403809,65.49932,-11.630615
"PALOUSE:WENATCHEE:V14:TransformerWinding:TR4B_high_wnd",65.499245,-3.5582886,-65.499245,11.63031
"PALOUSE:WENATCHEE:V14:TransformerWinding:TR4C_high_wnd",0.0,0.0,0.0,0.0
"PALOUSE:WENATCHEE:V230:TransformerWinding:T5A_high_wnd",-43.305603,8.498535,43.305603,-9.041504
"PALOUSE:WENATCHEE:V14:TransformerWinding:TR5B_high_wnd",0.0,0.0,0.0,0.0
"PALOUSE:WENATCHEE:V14:TransformerWinding:TR5C_high_wnd",43.305515,-5.4657593,-43.305515,9.040039
"PALOUSE:WENATCHEE:V14:TransformerWinding:TR110_high_wnd",-2.2729254,0.36730957,2.2804146,-0.31271362
"PALOUSE:WENATCHEE:V14:TransformerWinding:TR120_high_wnd",2.2879028,-0.25817108,-2.2804136,0.31276703
"PALOUSE:WENATCHEE:V14:TransformerWinding:TR210_high_wnd",-2.2729254,0.36730957,2.2804146,-0.31271362
"PALOUSE:WENATCHEE:V14:TransformerWinding:TR2200_high_wnd",2.2879028,-0.25817108,-2.2804136,0.31276703
"PALOUSE:WENATCHEE:V14:TransformerWinding:TR310_high_wnd",4.925618,2.5120087,-4.882428,-2.1970596
"PALOUSE:WENATCHEE:V14:TransformerWinding:TR320_high_wnd",0.0,0.0,0.0,0.0
"PALOUSE:WENATCHEE:V14:TransformerWinding:TR410_high_wnd",0.0,0.0,0.0,0.0
"PALOUSE:WENATCHEE:V14:TransformerWinding:TR420_high_wnd",4.925619,2.5120087,-4.882428,-2.1970596
"PUGET:AUBURN:V500:TransformerWinding:AUB 500-230 TR1_high_wnd",409.91772,33.46289,-409.72437,-9.878418
"PUGET:AUBURN:V500:TransformerWinding:AUB 500-230 TR2_high_wnd",409.91772,33.46289,-409.72437,-9.878418
"PUGET:TACOMA:V230:TransformerWinding:TAC TR2_high_wnd",-14.305865,4.527771,14.305865,-4.3045654
"PUGET:VANCOUVER:V230:TransformerWinding:VANC T1_high_wnd",6.001437,2.7060547,-6.001437,-2.7011719
"PALOUSE:LIBERTY:V24:TransformerWinding:DIESEL T1_high_wnd",0.0,0.0,0.0,0.0
"PALOUSE:LIBERTY:V230:TransformerWinding:LIB TR1_high_wnd",-392.50366,-35.42578,392.50366,52.677734
"PALOUSE:LIBERTY:V230:TransformerWinding:LIB TR2_high_wnd",-392.50366,-35.42578,392.50366,52.677734
"COLUMBIA:WALLA WALLA:V230:TransformerWinding:TR_1_high_wnd",0.0,0.0,0.0,0.0
"COLUMBIA:WALLA WALLA:V230:TransformerWinding:TR_2_high_wnd",0.0,0.0,0.0,0.0
"COLUMBIA:WALLA WALLA:V230:TransformerWinding:TR_3_high_wnd",0.0,0.0,0.0,0.0
"COLUMBIA:PULLMAN:V500:TransformerWinding:TR_1_high_wnd",11.940094,10.884766,-11.939667,-10.856445
"COLUMBIA:COYOTE RIDGE:V230:TransformerWinding:_high_wnd",0.0,0.0,0.0,0.0
"COLUMBIA:COYOTE RIDGE:V230:TransformerWinding:TR2_high_wnd",0.0,0.0,0.0,0.0
"PALOUSE:ST JOHN:V230:TransformerWinding:TR1_high_wnd",0.0,0.0,0.0,0.0
"PALOUSE:VANTAGE:V230:TransformerWinding:TR2_high_wnd",0.0,0.0,0.0,0.0
"PALOUSE:VANTAGE:V230:TransformerWinding:TR3_high_wnd",0.0,0.0,0.0,0.0
