"ID","MW","MVAr"
"PUGET:AUBURN:V230:Load:AUBURN A",27.911575,12.687557
"PUGET:AUBURN:V230:Load:AUBURN B",38.063053,17.128378
"PUGET:MARYSVILLE:V230:Load:MARYS A",11.3365135,5.039111
"PUGET:MARYSVILLE:V230:Load:MARYS B",34.11208,15.161126
"PUGET:SEATTLE:V230:Load:SEATTLE A",416.2563,187.32965
"PUGET:EVERETT:V24:Load:EVERETT SS1",4.0000257,1.7999998
"PUGET:EVERETT:V24:Load:EVERETT SS2",4.0000257,1.7999998
"PUGET:EVERETT:V230:Load:EVERETT A",157.70717,70.657906
"PUGET:VANCOUVER:V230:Load:VANCOUVER A",137.41888,61.843822
"PUGET:TACOMA:V138:Load:TACOMA A",124.51675,56.036076
"PUGET:TACOMA:V24:Load:TACOMA SS",5.0000324,2.25
"PUGET:BELLINGHAM:V230:Load:BELLINGHAM A",61.719833,27.775492
"PUGET:CHEHALIS:V138:Load:CHEHALIS A",12.57492,5.658716
"PUGET:CHEHALIS:V24:Load:CHEHALIS SS",8.0000515,3.6
"PUGET:MT VERNON:V230:Load:MT VERNON A",62.41263,28.087008
"PUGET:MT VERNON:V230:Load:MT VERNON B",20.595072,9.362925
"PUGET:AIRPORT:V24:Load:AIRPORT SS",5.0000324,2.25
"PUGET:AIRPORT:V230:Load:AIRPORT A",52.31582,23.322924
"PUGET:LONGVIEW:V230:Load:LONGVIEW A",37.443913,16.849651
"PUGET:LONGVIEW:V69:Load:LONGVIEW B",9.347684,4.208193
"PUGET:LONGVIEW:V69:Load:LONGVIEW C",26.17882,11.843913
"PUGET:PORT ANGELES:V138:Load:PT ANGELES A",18.984114,8.226188
"PUGET:PORT ANGELES:V138:Load:PT ANGELES B",17.715857,7.594642
"PALOUSE:LIBERTY:V24:Load:LIBERTY C",15.000096,8.0
"PALOUSE:LIBERTY:V230:Load:LIBERTY A",345.25027,155.70102
"PUGET:REDMOND:V230:Load:REDMOND A",55.770332,25.352892
"PUGET:REDMOND:V69:Load:REDMOND B",12.17189,5.4773526
"PUGET:OLYMPIA:V230:Load:OLY A",62.075397,27.935696
"PUGET:BELLEVUE:V230:Load:BELLEVUE A",189.82257,85.42556
"PUGET:BELLEVUE:V69:Load:BELLEVUE B",63.771496,28.415123
"PALOUSE:CHENEY:V230:Load:CHENEY A",22.484215,9.643363
"COLUMBIA:YAKIMA:V115:Load:EAST SS",5.0667887,2.2800558
"COLUMBIA:YAKIMA:V115:Load:WEST SS",5.06599,2.2796965
"COLUMBIA:SUNNYSIDE:V12.5:Load:F0",1.1140324,0.5014726
"COLUMBIA:SUNNYSIDE:V12.5:Load:F1",2.2282577,1.0029452
"COLUMBIA:SUNNYSIDE:V12.5:Load:F2",3.3422897,1.5045048
"COLUMBIA:SUNNYSIDE:V12.5:Load:F3",1.1140324,0.5014726
"COLUMBIA:SUNNYSIDE:V12.5:Load:F4",2.2282577,1.0029452
"COLUMBIA:SUNNYSIDE:V12.5:Load:F5",3.3422897,1.5045048
"COLUMBIA:GRANDVIEW:V12.5:Load:F1",1.1102751,0.49978128
"COLUMBIA:GRANDVIEW:V12.5:Load:F2",1.1102751,0.49978128
"COLUMBIA:GRANDVIEW:V12.5:Load:F3",1.1102751,0.49978128
"COLUMBIA:PROSSER:V12.5:Load:F1",1.105622,0.4976867
"COLUMBIA:PROSSER:V12.5:Load:F2",1.105622,0.4976867
"COLUMBIA:PROSSER:V12.5:Load:F3",1.105622,0.4976867
"COLUMBIA:PROSSER:V12.5:Load:F4",1.105622,0.4976867
"COLUMBIA:PROSSER:V12.5:Load:F5",1.105622,0.4976867
"COLUMBIA:BENTON:V12.5:Load:F2",1.11574,0.5022412
"COLUMBIA:BENTON:V12.5:Load:F3",1.11574,0.5022412
"COLUMBIA:BENTON:V12.5:Load:F4",2.231673,1.0044824
"COLUMBIA:RICHLAND:V12.5:Load:F1",2.213611,0.9963526
"COLUMBIA:RICHLAND:V12.5:Load:F2",1.1067096,0.4981763
"COLUMBIA:RICHLAND:V12.5:Load:F3",1.1067096,0.4981763
"COLUMBIA:RICHLAND:V12.5:Load:F4",1.1067096,0.4981763
"COLUMBIA:KENNEWICK:V12.5:Load:F1",1.1037744,0.49685502
"COLUMBIA:KENNEWICK:V12.5:Load:F2",1.1037744,0.49685502
"COLUMBIA:KENNEWICK:V12.5:Load:F3",1.1037744,0.49685502
"COLUMBIA:KENNEWICK:V12.5:Load:F4",1.1037744,0.49685502
"COLUMBIA:KENNEWICK:V12.5:Load:F5",1.1037744,0.49685502
"COLUMBIA:PASCO:V12.5:Load:F1",1.1110823,0.50014466
"COLUMBIA:PASCO:V12.5:Load:F2",1.1110823,0.50014466
"COLUMBIA:PASCO:V12.5:Load:F3",1.1110823,0.50014466
"PALOUSE:QUINCY:V33:Load:QUIN01",4.1830645,1.8839241
"PALOUSE:QUINCY:V33:Load:QUIN02",4.182288,1.8835747
"PALOUSE:QUINCY:V33:Load:QUIN03",4.182288,1.8835747
"PALOUSE:QUINCY:V33:Load:QUIN04",4.1830645,1.8839241
"PALOUSE:ELLENSBURG:V138:Load:SS",5.000437,2.250161
"PALOUSE:EPHRATA:V12.5:Load:EPH01",5.3152966,2.3939576
"PALOUSE:EPHRATA:V12.5:Load:EPH02",5.3152966,2.3939576
"PALOUSE:EPHRATA:V12.5:Load:EPH03",6.3883057,2.8773403
"PALOUSE:EPHRATA:V12.5:Load:EPH04",5.323552,2.397696
"PALOUSE:EPHRATA:V12.5:Load:EPH05",5.323552,2.397696
"PALOUSE:GLOYD:V12.5:Load:GLO01",5.184869,2.335201
"PALOUSE:GLOYD:V12.5:Load:GLO02",5.1189957,2.305565
"PALOUSE:GLOYD:V12.5:Load:GLO03",5.1189957,2.305565
"PALOUSE:GLOYD:V12.5:Load:GLO04",5.2150183,2.3487973
"PALOUSE:GLOYD:V12.5:Load:GLO05",3.129011,1.4090729
"PALOUSE:GLOYD:V12.5:Load:GLO06",3.1109214,1.4009163
"PALOUSE:GLOYD:V12.5:Load:GLO07",3.1109214,1.4009163
"PALOUSE:GLOYD:V12.5:Load:GLO08",3.0714183,1.3831375
"PALOUSE:GLOYD:V12.5:Load:GLO09",3.0714183,1.3831375
"PALOUSE:GLOYD:V12.5:Load:GLO10",3.129011,1.4090729
"PUGET:SATSOP:V24:Load:GEN SERVICE 1",15.000096,8.0
"PUGET:SATSOP:V24:Load:GEN SERVICE 2",15.000096,8.0
"PALOUSE:SPOKANE:V12.5:Load:SPOK01",4.2506633,1.9143558
"PALOUSE:SPOKANE:V12.5:Load:SPOK02",4.2506633,1.9143558
"PALOUSE:SPOKANE:V12.5:Load:SPOK03",4.2506633,1.9143558
"PALOUSE:SPOKANE:V12.5:Load:SPOK04",8.438863,3.8005793
"PALOUSE:SPOKANE:V12.5:Load:SPOK05",6.3282814,2.850305
"PALOUSE:SPOKANE:V12.5:Load:SPOK06",6.3282814,2.850305
"PALOUSE:SPOKANE:V12.5:Load:SPOK07",5.237211,2.3587704
"PALOUSE:SPOKANE:V12.5:Load:SPOK08",5.237211,2.3587704
"PALOUSE:SPOKANE:V12.5:Load:SPOK09",5.237211,2.3587704
"PALOUSE:VALLEY:V12.5:Load:VAL01",6.131148,2.7614915
"PALOUSE:VALLEY:V12.5:Load:VAL02",6.274492,2.826083
"PALOUSE:VALLEY:V12.5:Load:VAL03",6.131148,2.7614915
"PALOUSE:VALLEY:V12.5:Load:VAL04",6.274492,2.826083
"PALOUSE:VALLEY:V12.5:Load:VAL05",8.1226015,3.658136
"PALOUSE:VALLEY:V12.5:Load:VAL06",10.153045,4.572295
"PALOUSE:VALLEY:V12.5:Load:VAL07",8.1759815,3.682156
"PALOUSE:VALLEY:V12.5:Load:VAL08",8.1226015,3.658136
"PALOUSE:VALLEY:V12.5:Load:VAL09",10.458631,4.709966
"PALOUSE:VALLEY:V12.5:Load:VAL10",8.1759815,3.682156
"PALOUSE:VALLEY:V12.5:Load:VAL11",10.153045,4.572295
"PALOUSE:WHEELER:V230:Load:WHEELER A",93.73438,42.052113
"PALOUSE:VANTAGE:V230:Load:VANTAGE A",5.372176,2.419577
"PUGET:RENTON:V13.8:Load:SS1",5.0000324,2.25
"PUGET:RENTON:V13.8:Load:SS2",5.036491,2.2664218
"PALOUSE:WENATCHEE:V4.18:Load:SS1",4.8824716,2.1970975
"PALOUSE:WENATCHEE:V4.18:Load:SS2",4.8824716,2.1970975
"COLUMBIA:BENTON:V12.5:Load:F1",1.11574,0.5022412
"COLUMBIA:YAKIMA:V230:Load:YAK 1",32.338387,14.556603
"COLUMBIA:YAKIMA:V230:Load:YAK 2",32.338387,14.556603
"PALOUSE:WENATCHEE:V230:Load:WEN 1",79.79971,35.938618
"PUGET:VANCOUVER:V230:Load:VANCOUVER B",137.41888,61.843822
"PUGET:TACOMA:V230:Load:TACOMA B",217.37645,97.73265
"PALOUSE:LIBERTY:V230:Load:LIBERTY B",345.25027,155.70102
"PUGET:SEATTLE:V230:Load:SEATTLE B",419.41058,189.22163
"PUGET:SEATTLE:V230:Load:SEATTLE C",419.41058,189.22163
"PUGET:SATSOP:V230:Load:SATSOP A",36.88988,16.88331
"PUGET:RENTON:V230:Load:RENTON A",90.659164,40.924797
"PUGET:RENTON:V230:Load:RENTON B",90.659164,40.924797
"PUGET:REDMOND:V69:Load:REDMOND C",18.259748,7.912306
"PUGET:REDMOND:V69:Load:REDMOND D",24.34378,10.956426
"PUGET:OLYMPIA:V230:Load:OLY B",82.5592,37.24818
"COLUMBIA:FINLEY:V230:Load:FIN 1",33.405144,15.148173
"COLUMBIA:FINLEY:V230:Load:FIN 2",33.405144,15.148173
"COLUMBIA:FINLEY:V115:Load:FIN 3",18.912432,8.457466
"PUGET:FEDERAL WAY:V230:Load:FED WAY 1",63.17156,28.428997
"PUGET:FEDERAL WAY:V230:Load:FED WAY 2",63.17156,28.428997
"PUGET:FEDERAL WAY:V230:Load:FED WAY 3",58.750027,26.533968
"PUGET:EVERETT:V230:Load:EVERETT B",157.70717,70.657906
"PUGET:EVERETT:V230:Load:EVERETT C",175.36847,78.85876
"PUGET:CHEHALIS:V138:Load:CHEHALIS B",20.12066,9.0543
"PUGET:BREMERTON:V230:Load:BREM A",59.476635,26.923807
"PUGET:BREMERTON:V230:Load:BREM B",38.817158,17.531454
"PUGET:BREMERTON:V13.8:Load:BREM SS",4.998617,2.2493784
"PUGET:BELLINGHAM:V230:Load:BELLINGHAM B",78.999535,35.7991
"PALOUSE:ELLENSBURG:V230:Load:ELLENS A",38.660007,17.196115
"PALOUSE:ELMER:V230:Load:ELMER A",10.754969,4.843403
"PUGET:LYNNWOOD:V230:Load:LYNNWOOD A",45.551743,20.247852
"PUGET:VANCOUVER:V24:Load:VANCOUVER SS",6.001431,2.700645
