"ID","SynchronousMachineOperatingMode","AVRMode","KVSetPoint","MVArSetpoint","MVAr"
"PUGET:VANCOUVER:V24:SynchronousMachine:VANCOUVER",GEN,ON,24.0,0.0,0.0
"PUGET:EVERETT:V24:SynchronousMachine:EVERETT 1",GEN,ON,24.0,0.0,-24.811768
"PUGET:EVERETT:V24:SynchronousMachine:EVERETT 2",GEN,ON,24.0,0.0,-23.943115
"PUGET:CHEHALIS:V24:SynchronousMachine:CHEHALIS",GEN,ON,24.0,0.0,-23.192398
"PUGET:AIRPORT:V24:SynchronousMachine:AIRPORT",GEN,ON,24.0,0.0,-119.76367
"PALOUSE:LIBERTY:V24:SynchronousMachine:LIBERTY",GEN,ON,24.0,0.0,113.35739
"PUGET:MT VERNON:V24:SynchronousMachine:MT VERNON",GEN,ON,24.0,0.0,13.431637
"PALOUSE:ELLENSBURG:V13.8:SynchronousMachine:ELLENS_G1_CC_CT",GEN,ON,13.8,0.0,-1.0585899
"PALOUSE:ELLENSBURG:V13.8:SynchronousMachine:ELLENS_G2_CC_CT",GEN,ON,13.8,0.0,-1.0585899
"PALOUSE:ELLENSBURG:V13.8:SynchronousMachine:ELLENS_G3_CC_S",GEN,ON,13.8,0.0,-1.0654297
"PALOUSE:ELLENSBURG:V4.18:SynchronousMachine:ELLENS_G4_DIESEL",GEN,ON,4.18,0.0,0.0
"PALOUSE:CHENEY:V13.8:SynchronousMachine:CHEN_G_1",GEN,ON,13.8,0.0,-4.386261
"PALOUSE:CHENEY:V13.8:SynchronousMachine:CHEN_G_2",GEN,ON,13.8,0.0,-2.7172546
"PALOUSE:CHENEY:V13.8:SynchronousMachine:CHEN_G_3",GEN,ON,13.8,0.0,0.0
"PALOUSE:CHENEY:V13.8:SynchronousMachine:CHEN_G_4",GEN,ON,13.8,0.0,-7.182617
"COLUMBIA:FINLEY:V13.8:SynchronousMachine:FIN_G_1",GEN,ON,13.8,0.0,-12.277527
"COLUMBIA:FINLEY:V13.8:SynchronousMachine:FIN_G_2",GEN,ON,13.8,0.0,-12.76306
"COLUMBIA:FINLEY:V13.8:SynchronousMachine:FIN_G_3",GEN,ON,13.8,0.0,-13.27301
"COLUMBIA:FINLEY:V13.8:SynchronousMachine:FIN_G_4",GEN,ON,13.8,0.0,0.0
"PALOUSE:LIBERTY:V13.8:SynchronousMachine:DIESEL 1",GEN,ON,13.8,0.0,0.0
"PALOUSE:LIBERTY:V13.8:SynchronousMachine:DIESEL 2",GEN,ON,13.8,0.0,0.0
"PALOUSE:LIBERTY:V13.8:SynchronousMachine:DIESEL 3",GEN,ON,13.8,0.0,0.0
"PUGET:TACOMA:V24:SynchronousMachine:TACOMA 1",GEN,ON,24.0,0.0,4.4460106
"PUGET:TACOMA:V24:SynchronousMachine:TACOMA 2",GEN,ON,24.0,0.0,5.2458725
"PUGET:TACOMA:V24:SynchronousMachine:TACOMA 3",GEN,ON,24.0,0.0,5.2458725
"COLUMBIA:YAKIMA:V13.8:SynchronousMachine:YAK_GEN_WEST",GEN,ON,13.8,0.0,-24.070198
"COLUMBIA:YAKIMA:V13.8:SynchronousMachine:YAK_GEN_EAST",GEN,ON,13.8,0.0,-24.370853
"PUGET:SATSOP:V24:SynchronousMachine:SATSOP GEN 1",GEN,ON,24.0,0.0,-139.29175
"PUGET:SATSOP:V24:SynchronousMachine:SATSOP GEN 2",GEN,ON,24.0,0.0,0.0
"PUGET:SATSOP:V4.18:SynchronousMachine:E GEN A",GEN,ON,4.18,0.0,0.0
"PUGET:SATSOP:V4.18:SynchronousMachine:E GEN B",GEN,ON,4.18,0.0,0.0
"PUGET:SATSOP:V4.18:SynchronousMachine:E GEN C",GEN,ON,4.18,0.0,0.0
"PUGET:SATSOP:V4.18:SynchronousMachine:E GEN D",GEN,ON,4.18,0.0,0.0
"PALOUSE:ELMER:V14:SynchronousMachine:ELM_GEN 1",GEN,ON,14.0,0.0,-5.100645
"PALOUSE:ELMER:V14:SynchronousMachine:ELM_GEN 2",GEN,ON,14.0,0.0,-5.100645
"PALOUSE:ELMER:V14:SynchronousMachine:ELM_GEN 3",GEN,ON,14.0,0.0,0.0
"PALOUSE:ELMER:V14:SynchronousMachine:ELM_GEN 4",GEN,ON,14.0,0.0,-11.87793
"PALOUSE:ELMER:V14:SynchronousMachine:ELM_GEN 5",GEN,ON,14.0,0.0,-5.100645
"PALOUSE:ELMER:V14:SynchronousMachine:ELM_GEN 6",GEN,ON,14.0,0.0,-5.100645
"PALOUSE:ELMER:V14:SynchronousMachine:ELM_GEN 7",GEN,ON,14.0,0.0,-5.215307
"PALOUSE:ELMER:V14:SynchronousMachine:ELM_GEN 8",GEN,ON,14.0,0.0,-5.1534767
"PALOUSE:ELMER:V14:SynchronousMachine:ELM_GEN 9",GEN,ON,14.0,0.0,-5.1534767
"PALOUSE:ELMER:V14:SynchronousMachine:ELM_GEN 10",GEN,ON,14.0,0.0,-5.215307
"PUGET:BREMERTON:V13.8:SynchronousMachine:BREM GEN",GEN,ON,13.8,0.0,0.0
"PUGET:RENTON:V13.8:SynchronousMachine:RENT_G1_CC_CT",GEN,ON,13.8,0.0,-5.722492
"PUGET:RENTON:V13.8:SynchronousMachine:RENT_G2_CC_CT",GEN,ON,13.8,0.0,-5.722492
"PUGET:RENTON:V13.8:SynchronousMachine:RENT_G3_CC_S",GEN,ON,13.8,0.0,-3.5782967
"PUGET:RENTON:V13.8:SynchronousMachine:RENT_G4_CC_CT",GEN,ON,13.8,0.0,0.0
"PUGET:RENTON:V13.8:SynchronousMachine:RENT_G5_CC_CT",GEN,ON,13.8,0.0,0.0
"PUGET:RENTON:V13.8:SynchronousMachine:RENT_G6_CC_S",GEN,ON,13.8,0.0,0.0
"PALOUSE:WENATCHEE:V14:SynchronousMachine:WEN_GEN 1",GEN,ON,14.0,0.0,-7.246212
"PALOUSE:WENATCHEE:V14:SynchronousMachine:WEN_GEN 2",GEN,ON,14.0,0.0,-7.246212
"PALOUSE:WENATCHEE:V14:SynchronousMachine:WEN_GEN 3",GEN,ON,14.0,0.0,-7.246212
"PALOUSE:WENATCHEE:V14:SynchronousMachine:WEN_GEN 4",GEN,ON,14.0,0.0,-7.246212
"PALOUSE:WENATCHEE:V14:SynchronousMachine:WEN_GEN 5",GEN,ON,14.0,0.0,-7.241638
"PALOUSE:WENATCHEE:V14:SynchronousMachine:WEN_GEN 6",GEN,ON,14.0,0.0,-4.0252914
"PALOUSE:WENATCHEE:V14:SynchronousMachine:WEN_GEN 7",GEN,ON,14.0,0.0,-1.562643
"PALOUSE:WENATCHEE:V14:SynchronousMachine:WEN_GEN 8",GEN,ON,14.0,0.0,0.0
"PALOUSE:WENATCHEE:V14:SynchronousMachine:WEN_GEN 9",GEN,ON,14.0,0.0,0.0
"PALOUSE:WENATCHEE:V14:SynchronousMachine:WEN_GEN 10",GEN,ON,14.0,0.0,-5.4657574
"PALOUSE:WENATCHEE:V4.18:SynchronousMachine:POWH DIESEL",GEN,ON,4.18,0.0,0.0
"PALOUSE:ST JOHN:V24:SynchronousMachine:FEEDER 1",GEN,ON,24.0,0.0,0.0
"PALOUSE:ST JOHN:V24:SynchronousMachine:FEEDER 2",GEN,ON,24.0,0.0,0.0
"PALOUSE:ST JOHN:V24:SynchronousMachine:FEEDER 3",GEN,ON,24.0,0.0,0.0
"PALOUSE:ST JOHN:V24:SynchronousMachine:FEEDER 4",GEN,ON,24.0,0.0,0.0
"PALOUSE:ST JOHN:V24:SynchronousMachine:FEEDER 5",GEN,ON,24.0,0.0,0.0
"PALOUSE:ST JOHN:V24:SynchronousMachine:FEEDER 6",GEN,ON,24.0,0.0,0.0
"PALOUSE:ST JOHN:V24:SynchronousMachine:FEEDER 7",GEN,ON,24.0,0.0,0.0
"PALOUSE:VANTAGE:V24:SynchronousMachine:GEN 2-1",GEN,ON,24.0,0.0,0.0
"PALOUSE:VANTAGE:V24:SynchronousMachine:GEN 2-2",GEN,ON,24.0,0.0,0.0
"PALOUSE:VANTAGE:V24:SynchronousMachine:GEN 2-3",GEN,ON,24.0,0.0,0.0
"PALOUSE:VANTAGE:V24:SynchronousMachine:GEN 2-4",GEN,ON,24.0,0.0,0.0
"PALOUSE:VANTAGE:V33:SynchronousMachine:GEN 3-1",GEN,ON,33.0,0.0,0.0
"PALOUSE:VANTAGE:V33:SynchronousMachine:GEN 3-2",GEN,ON,33.0,0.0,0.0
"PALOUSE:VANTAGE:V33:SynchronousMachine:GEN 3-3",GEN,ON,33.0,0.0,0.0
"PALOUSE:VANTAGE:V33:SynchronousMachine:GEN 3-4",GEN,ON,33.0,0.0,0.0
"COLUMBIA:COYOTE RIDGE:V33:SynchronousMachine:FDR 310",GEN,ON,33.0,0.0,0.0
"COLUMBIA:COYOTE RIDGE:V33:SynchronousMachine:FDR 320",GEN,ON,33.0,0.0,0.0
"COLUMBIA:COYOTE RIDGE:V33:SynchronousMachine:FDR 330",GEN,ON,33.0,0.0,0.0
"COLUMBIA:COYOTE RIDGE:V33:SynchronousMachine:FDR 340",GEN,ON,33.0,0.0,0.0
"COLUMBIA:COYOTE RIDGE:V33:SynchronousMachine:FDR 350",GEN,ON,33.0,0.0,0.0
"COLUMBIA:COYOTE RIDGE:V21.6:SynchronousMachine:FDR 210",GEN,ON,21.6,0.0,0.0
"COLUMBIA:COYOTE RIDGE:V21.6:SynchronousMachine:FDR 220",GEN,ON,21.6,0.0,0.0
"COLUMBIA:COYOTE RIDGE:V21.6:SynchronousMachine:FDR 230",GEN,ON,21.6,0.0,0.0
"COLUMBIA:COYOTE RIDGE:V21.6:SynchronousMachine:FDR 240",GEN,ON,21.6,0.0,0.0
"COLUMBIA:COYOTE RIDGE:V21.6:SynchronousMachine:FDR 250",GEN,ON,21.6,0.0,0.0
"COLUMBIA:COYOTE RIDGE:V21.6:SynchronousMachine:FDR 260",GEN,ON,21.6,0.0,0.0
"COLUMBIA:WALLA WALLA:V21.6:SynchronousMachine:FDR 120",GEN,ON,21.6,0.0,0.0
"COLUMBIA:WALLA WALLA:V21.6:SynchronousMachine:FDR 160",GEN,ON,21.6,0.0,0.0
"COLUMBIA:WALLA WALLA:V21.6:SynchronousMachine:FDR 170",GEN,ON,21.6,0.0,0.0
"COLUMBIA:WALLA WALLA:V21.6:SynchronousMachine:FDR 180",GEN,ON,21.6,0.0,0.0
"COLUMBIA:WALLA WALLA:V21.6:SynchronousMachine:FDR 250",GEN,ON,21.6,0.0,0.0
"COLUMBIA:WALLA WALLA:V21.6:SynchronousMachine:FDR 260",GEN,ON,21.6,0.0,0.0
"COLUMBIA:WALLA WALLA:V21.6:SynchronousMachine:FDR 270",GEN,ON,21.6,0.0,0.0
"COLUMBIA:WALLA WALLA:V21.6:SynchronousMachine:FDR 280",GEN,ON,21.6,0.0,0.0
"COLUMBIA:WALLA WALLA:V33:SynchronousMachine:FDR 330",GEN,ON,33.0,0.0,0.0
"COLUMBIA:WALLA WALLA:V33:SynchronousMachine:FDR 340",GEN,ON,33.0,0.0,0.0
"COLUMBIA:WALLA WALLA:V33:SynchronousMachine:FDR 350",GEN,ON,33.0,0.0,0.0
"COLUMBIA:WALLA WALLA:V33:SynchronousMachine:FDR 360",GEN,ON,33.0,0.0,0.0
"COLUMBIA:WALLA WALLA:V33:SynchronousMachine:FDR 370",GEN,ON,33.0,0.0,0.0
