"ID","MW","MWSetPoint","GeneratorOperatingMode"
"PUGET:VANCOUVER:V24:SynchronousMachine:VANCOUVER",-0.0011901356,0.0,
"PUGET:EVERETT:V24:SynchronousMachine:EVERETT 1",366.1642,366.44434,LFC
"PUGET:EVERETT:V24:SynchronousMachine:EVERETT 2",373.4642,373.74435,LFC
"PUGET:CHEHALIS:V24:SynchronousMachine:CHEHALIS",1200.5228,1200.0,MAN
"PUGET:AIRPORT:V24:SynchronousMachine:AIRPORT",551.291,550.0,MAN
"PALOUSE:LIBERTY:V24:SynchronousMachine:LIBERTY",1053.5183,1050.0,MAN
"PUGET:MT VERNON:V24:SynchronousMachine:MT VERNON",400.17426,400.0,MAN
"PALOUSE:ELLENSBURG:V13.8:SynchronousMachine:ELLENS_G1_CC_CT",25.307482,25.36778,LFC
"PALOUSE:ELLENSBURG:V13.8:SynchronousMachine:ELLENS_G2_CC_CT",25.307482,25.36778,LFC
"PALOUSE:ELLENSBURG:V13.8:SynchronousMachine:ELLENS_G3_CC_S",0.0,0.0,OFF
"PALOUSE:ELLENSBURG:V4.18:SynchronousMachine:ELLENS_G4_DIESEL",0.0,0.0,OFF
"PALOUSE:CHENEY:V13.8:SynchronousMachine:CHEN_G_1",30.004292,29.999998,MAN
"PALOUSE:CHENEY:V13.8:SynchronousMachine:CHEN_G_2",30.004292,29.999998,MAN
"PALOUSE:CHENEY:V13.8:SynchronousMachine:CHEN_G_3",0.0,0.0,OFF
"PALOUSE:CHENEY:V13.8:SynchronousMachine:CHEN_G_4",30.004292,29.999998,MAN
"COLUMBIA:FINLEY:V13.8:SynchronousMachine:FIN_G_1",42.750908,42.80352,LFC
"COLUMBIA:FINLEY:V13.8:SynchronousMachine:FIN_G_2",42.694435,42.74721,LFC
"COLUMBIA:FINLEY:V13.8:SynchronousMachine:FIN_G_3",21.577923,21.631956,LFC
"COLUMBIA:FINLEY:V13.8:SynchronousMachine:FIN_G_4",0.0,0.0,OFF
"PALOUSE:LIBERTY:V13.8:SynchronousMachine:DIESEL 1",0.0,0.0,OFF
"PALOUSE:LIBERTY:V13.8:SynchronousMachine:DIESEL 2",0.0,0.0,OFF
"PALOUSE:LIBERTY:V13.8:SynchronousMachine:DIESEL 3",0.0,0.0,OFF
"PUGET:TACOMA:V24:SynchronousMachine:TACOMA 1",51.394035,51.658684,LFC
"PUGET:TACOMA:V24:SynchronousMachine:TACOMA 2",51.394035,51.658684,LFC
"PUGET:TACOMA:V24:SynchronousMachine:TACOMA 3",51.394035,51.658684,LFC
"COLUMBIA:YAKIMA:V13.8:SynchronousMachine:YAK_GEN_WEST",69.70654,69.75554,LFC
"COLUMBIA:YAKIMA:V13.8:SynchronousMachine:YAK_GEN_EAST",69.70654,69.75554,LFC
"PUGET:SATSOP:V24:SynchronousMachine:SATSOP GEN 1",1200.089,1200.0,MAN
"PUGET:SATSOP:V24:SynchronousMachine:SATSOP GEN 2",0.0,0.0,OFF
"PUGET:SATSOP:V4.18:SynchronousMachine:E GEN A",0.0,0.0,OFF
"PUGET:SATSOP:V4.18:SynchronousMachine:E GEN B",0.0,0.0,OFF
"PUGET:SATSOP:V4.18:SynchronousMachine:E GEN C",0.0,0.0,OFF
"PUGET:SATSOP:V4.18:SynchronousMachine:E GEN D",0.0,0.0,OFF
"PALOUSE:ELMER:V14:SynchronousMachine:ELM_GEN 1",90.47784,90.53756,LFC
"PALOUSE:ELMER:V14:SynchronousMachine:ELM_GEN 2",90.47784,90.53756,LFC
"PALOUSE:ELMER:V14:SynchronousMachine:ELM_GEN 3",90.47784,90.53756,LFC
"PALOUSE:ELMER:V14:SynchronousMachine:ELM_GEN 4",90.47784,90.53756,LFC
"PALOUSE:ELMER:V14:SynchronousMachine:ELM_GEN 5",90.47784,90.53756,LFC
"PALOUSE:ELMER:V14:SynchronousMachine:ELM_GEN 6",90.47784,90.53756,LFC
"PALOUSE:ELMER:V14:SynchronousMachine:ELM_GEN 7",90.47784,90.53756,LFC
"PALOUSE:ELMER:V14:SynchronousMachine:ELM_GEN 8",90.47784,90.53756,LFC
"PALOUSE:ELMER:V14:SynchronousMachine:ELM_GEN 9",0.0,0.0,OFF
"PALOUSE:ELMER:V14:SynchronousMachine:ELM_GEN 10",0.0,0.0,OFF
"PUGET:BREMERTON:V13.8:SynchronousMachine:BREM GEN",0.0,0.0,OFF
"PUGET:RENTON:V13.8:SynchronousMachine:RENT_G1_CC_CT",0.0,0.0,OFF
"PUGET:RENTON:V13.8:SynchronousMachine:RENT_G2_CC_CT",0.0,0.0,OFF
"PUGET:RENTON:V13.8:SynchronousMachine:RENT_G3_CC_S",0.0,0.0,OFF
"PUGET:RENTON:V13.8:SynchronousMachine:RENT_G4_CC_CT",0.0,0.0,OFF
"PUGET:RENTON:V13.8:SynchronousMachine:RENT_G5_CC_CT",0.0,0.0,OFF
"PUGET:RENTON:V13.8:SynchronousMachine:RENT_G6_CC_S",0.0,0.0,OFF
"PALOUSE:WENATCHEE:V14:SynchronousMachine:WEN_GEN 1",90.47784,90.53756,LFC
"PALOUSE:WENATCHEE:V14:SynchronousMachine:WEN_GEN 2",90.47784,90.53756,LFC
"PALOUSE:WENATCHEE:V14:SynchronousMachine:WEN_GEN 3",90.47784,90.53756,LFC
"PALOUSE:WENATCHEE:V14:SynchronousMachine:WEN_GEN 4",90.47784,90.53756,LFC
"PALOUSE:WENATCHEE:V14:SynchronousMachine:WEN_GEN 5",90.47784,90.53756,LFC
"PALOUSE:WENATCHEE:V14:SynchronousMachine:WEN_GEN 6",90.47784,90.53756,LFC
"PALOUSE:WENATCHEE:V14:SynchronousMachine:WEN_GEN 7",90.47784,90.53756,LFC
"PALOUSE:WENATCHEE:V14:SynchronousMachine:WEN_GEN 8",90.47784,90.53756,LFC
"PALOUSE:WENATCHEE:V14:SynchronousMachine:WEN_GEN 9",75.477844,75.537575,LFC
"PALOUSE:WENATCHEE:V14:SynchronousMachine:WEN_GEN 10",0.0,0.0,OFF
"PALOUSE:WENATCHEE:V4.18:SynchronousMachine:POWH DIESEL",0.0,0.0,OFF
"PALOUSE:ST JOHN:V24:SynchronousMachine:FEEDER 1",0.0,0.0,OFF
"PALOUSE:ST JOHN:V24:SynchronousMachine:FEEDER 2",0.0,0.0,OFF
"PALOUSE:ST JOHN:V24:SynchronousMachine:FEEDER 3",0.0,0.0,OFF
"PALOUSE:ST JOHN:V24:SynchronousMachine:FEEDER 4",0.0,0.0,OFF
"PALOUSE:ST JOHN:V24:SynchronousMachine:FEEDER 5",0.0,0.0,OFF
"PALOUSE:ST JOHN:V24:SynchronousMachine:FEEDER 6",0.0,0.0,OFF
"PALOUSE:ST JOHN:V24:SynchronousMachine:FEEDER 7",0.0,0.0,OFF
"PALOUSE:VANTAGE:V24:SynchronousMachine:GEN 2-1",0.0,0.0,OFF
"PALOUSE:VANTAGE:V24:SynchronousMachine:GEN 2-2",0.0,0.0,OFF
"PALOUSE:VANTAGE:V24:SynchronousMachine:GEN 2-3",0.0,0.0,OFF
"PALOUSE:VANTAGE:V24:SynchronousMachine:GEN 2-4",0.0,0.0,OFF
"PALOUSE:VANTAGE:V33:SynchronousMachine:GEN 3-1",0.0,0.0,OFF
"PALOUSE:VANTAGE:V33:SynchronousMachine:GEN 3-2",0.0,0.0,OFF
"PALOUSE:VANTAGE:V33:SynchronousMachine:GEN 3-3",0.0,0.0,OFF
"PALOUSE:VANTAGE:V33:SynchronousMachine:GEN 3-4",0.0,0.0,OFF
"COLUMBIA:COYOTE RIDGE:V33:SynchronousMachine:FDR 310",0.0,0.0,OFF
"COLUMBIA:COYOTE RIDGE:V33:SynchronousMachine:FDR 320",0.0,0.0,OFF
"COLUMBIA:COYOTE RIDGE:V33:SynchronousMachine:FDR 330",0.0,0.0,OFF
"COLUMBIA:COYOTE RIDGE:V33:SynchronousMachine:FDR 340",0.0,0.0,OFF
"COLUMBIA:COYOTE RIDGE:V33:SynchronousMachine:FDR 350",0.0,0.0,OFF
"COLUMBIA:COYOTE RIDGE:V21.6:SynchronousMachine:FDR 210",0.0,0.0,OFF
"COLUMBIA:COYOTE RIDGE:V21.6:SynchronousMachine:FDR 220",0.0,0.0,OFF
"COLUMBIA:COYOTE RIDGE:V21.6:SynchronousMachine:FDR 230",0.0,0.0,OFF
"COLUMBIA:COYOTE RIDGE:V21.6:SynchronousMachine:FDR 240",0.0,0.0,OFF
"COLUMBIA:COYOTE RIDGE:V21.6:SynchronousMachine:FDR 250",0.0,0.0,OFF
"COLUMBIA:COYOTE RIDGE:V21.6:SynchronousMachine:FDR 260",0.0,0.0,OFF
"COLUMBIA:WALLA WALLA:V21.6:SynchronousMachine:FDR 120",0.0,0.0,OFF
"COLUMBIA:WALLA WALLA:V21.6:SynchronousMachine:FDR 160",0.0,0.0,OFF
"COLUMBIA:WALLA WALLA:V21.6:SynchronousMachine:FDR 170",0.0,0.0,OFF
"COLUMBIA:WALLA WALLA:V21.6:SynchronousMachine:FDR 180",0.0,0.0,OFF
"COLUMBIA:WALLA WALLA:V21.6:SynchronousMachine:FDR 250",0.0,0.0,OFF
"COLUMBIA:WALLA WALLA:V21.6:SynchronousMachine:FDR 260",0.0,0.0,OFF
"COLUMBIA:WALLA WALLA:V21.6:SynchronousMachine:FDR 270",0.0,0.0,OFF
"COLUMBIA:WALLA WALLA:V21.6:SynchronousMachine:FDR 280",0.0,0.0,OFF
"COLUMBIA:WALLA WALLA:V33:SynchronousMachine:FDR 330",0.0,0.0,OFF
"COLUMBIA:WALLA WALLA:V33:SynchronousMachine:FDR 340",0.0,0.0,OFF
"COLUMBIA:WALLA WALLA:V33:SynchronousMachine:FDR 350",0.0,0.0,OFF
"COLUMBIA:WALLA WALLA:V33:SynchronousMachine:FDR 360",0.0,0.0,OFF
"COLUMBIA:WALLA WALLA:V33:SynchronousMachine:FDR 370",0.0,0.0,OFF
