"ID","FromMW","FromMVAr","ToMW","ToMVAr"
"PUGET:EVERETT:Transformer:EVETR 30:wnd1",362.1478,59.44751,-362.1478,-101.90845
"PUGET:EVERETT:Transformer:EVETR 35:wnd1",369.4478,58.621094,-369.4478,-102.73486
"PUGET:TACOMA:Transformer:TAC TR 39:wnd1",-50.28156,14.711914,50.28156,-15.291504
"PUGET:TACOMA:Transformer:TAC TR 41:wnd1",128.61635,95.80127,-128.61635,-102.28198
"PUGET:CHEHALIS:Transformer:CHETR 45:wnd1",-47.374817,-21.58789,47.374817,21.320312
"PUGET:CHEHALIS:Transformer:CHETR 48:wnd1",1192.5743,-47.320312,-1192.5743,-95.82031
"PUGET:AIRPORT:Transformer:AIRTR 57:wnd1",546.4699,186.28906,-546.4699,-221.03711
"PUGET:LONGVIEW:Transformer:LONGTR 59:wnd1",-52.154167,-23.890625,52.154167,23.56543
"PUGET:PORT ANGELES:Transformer:PT A TR 63:wnd1",-51.810474,15.31543,51.810474,-15.624023
"PUGET:REDMOND:Transformer:REDTR 70:wnd1",-81.115715,-55.47339,81.115715,36.05609
"PUGET:BELLEVUE:Transformer:BELLVTR 74:wnd1",-89.87869,-41.083008,89.87869,40.052734
"PUGET:MT VERNON:Transformer:MT VTR:wnd1",400.19107,133.34082,-400.19107,-150.00195
"PALOUSE:ELLENSBURG:Transformer:G1:wnd1",25.284788,27.25,-25.284788,-27.388672
"PALOUSE:ELLENSBURG:Transformer:G2:wnd1",25.284788,27.25,-25.284788,-27.388672
"PALOUSE:ELLENSBURG:Transformer:G3:wnd1",-0.0,-0.0,-0.0,-0.0
"PALOUSE:ELLENSBURG:Transformer:G4:wnd1",-0.0,-0.0,-0.0,-0.0
"PALOUSE:ELLENSBURG:Transformer:T1:wnd1",22.77201,13.174805,-22.790113,-26.125488
"PALOUSE:ELLENSBURG:Transformer:T2:wnd1",22.77201,13.174805,-22.790113,-26.125488
"PALOUSE:CHENEY:Transformer:G_1_2:wnd1",60.00848,-3.0742188,-60.00848,2.7138672
"PALOUSE:CHENEY:Transformer:G_2_4:wnd1",30.004375,-2.9394531,-30.004375,2.8486328
"PALOUSE:CHENEY:Transformer:SS1:wnd1",-0.0,-0.0,-0.0,-0.0
"PALOUSE:CHENEY:Transformer:SS2:wnd1",-0.0,-0.0,-0.0,-0.0
"PALOUSE:CHENEY:Transformer:T1:wnd1",45.00649,-3.2128906,-45.00649,3.006836
"PALOUSE:CHENEY:Transformer:T2:wnd1",45.00649,-3.2128906,-45.00649,3.006836
"COLUMBIA:FINLEY:Transformer:T_1:wnd1",42.5215,-19.977478,-42.732376,16.814209
"COLUMBIA:FINLEY:Transformer:T_2:wnd1",42.465675,-19.970093,-42.676075,16.814148
"COLUMBIA:FINLEY:Transformer:T_3:wnd1",21.48729,-17.540344,-21.560795,16.437744
"COLUMBIA:FINLEY:Transformer:T_4:wnd1",-0.0,-0.0,-0.0,-0.0
"COLUMBIA:YAKIMA:Transformer:ETR1:wnd1",69.684425,-23.069458,-69.684425,19.406372
"COLUMBIA:YAKIMA:Transformer:WTR1:wnd1",69.68442,-22.84375,-69.68442,19.18689
"COLUMBIA:YAKIMA:Transformer:WTR2:wnd1",64.62986,-25.572266,-64.62986,25.106445
"COLUMBIA:YAKIMA:Transformer:ETR2:wnd1",57.12929,-23.96582,-57.12929,23.59668
"COLUMBIA:YAKIMA:Transformer:TR3:wnd1",-5.560913,-4.7597656,5.5605316,4.7458496
"COLUMBIA:FINLEY:Transformer:TR 1:wnd1",-30.618546,-6.7956543,30.611595,6.536377
"COLUMBIA:SUNNYSIDE:Transformer:TR 2:wnd1",-8.07366,-3.7626953,8.065918,3.6309204
"COLUMBIA:SUNNYSIDE:Transformer:TR 1:wnd1",-8.07366,-3.7626953,8.065918,3.6309204
"COLUMBIA:FINLEY:Transformer:TR 2:wnd1",-30.618546,-6.7956543,30.611595,6.536377
"COLUMBIA:GRANDVIEW:Transformer:TR15:wnd1",-4.0237503,-1.9096985,4.017926,1.8087463
"COLUMBIA:PROSSER:Transformer:TR-14:wnd1",-6.680542,-3.2813568,6.6643114,3.0000458
"COLUMBIA:BENTON:Transformer:TR-13:wnd1",-6.7450266,-3.040039,6.7450266,3.0361328
"COLUMBIA:RICHLAND:Transformer:TR-12:wnd1",-6.6956525,-3.2877045,6.6794453,3.006775
"COLUMBIA:KENNEWICK:Transformer:TR-11:wnd1",-6.6809125,-3.2815857,6.6646833,3.000229
"COLUMBIA:PASCO:Transformer:TR-10:wnd1",-4.040428,-1.9169464,4.034623,1.8162994
"PALOUSE:QUINCY:Transformer:TR1:wnd1",-8.303781,-4.216812,8.257717,3.7192993
"PALOUSE:QUINCY:Transformer:TR2:wnd1",-8.300501,-4.2154846,8.254423,3.717804
"PALOUSE:ELLENSBURG:Transformer:T3:wnd1",-1.0619965,-4.487793,1.0618286,4.4816895
"PALOUSE:EPHRATA:Transformer:TR2:wnd1",-10.502671,-4.7441406,10.502671,4.7314453
"PALOUSE:EPHRATA:Transformer:TR3:wnd1",-16.834314,-7.6191406,16.834314,7.583008
"PALOUSE:CHENEY:Transformer:T3:wnd1",-39.06447,-18.112305,39.06447,17.927734
"PALOUSE:GLOYD:Transformer:TR1:wnd1",-11.331918,-5.990616,11.279389,5.080139
"PALOUSE:GLOYD:Transformer:TR2:wnd1",-16.308567,-9.242035,16.196224,7.294815
"PALOUSE:GLOYD:Transformer:TR3:wnd1",-11.401245,-6.0175323,11.348973,5.111496
"PUGET:SATSOP:Transformer:SAT GEN W:wnd1",364.1699,-30.231934,-364.44922,13.129395
"PUGET:SATSOP:Transformer:SAT GEN E:wnd1",364.1699,-30.231934,-364.44922,13.129395
"PUGET:SATSOP:Transformer:SAT 500_230:wnd1",15.763092,-49.16797,-15.767601,48.771484
"PUGET:SATSOP:Transformer:SAT 230_24:wnd1",441.1929,42.83008,-441.1929,-62.688477
"PUGET:SATSOP:Transformer:SS TR 1:wnd1",-0.0,-0.0,-0.0,-0.0
"PUGET:SATSOP:Transformer:SS TR 2:wnd1",-0.0,-0.0,-0.0,-0.0
"PALOUSE:SPOKANE:Transformer:TR3:wnd1",-15.730884,-1.970398,15.704029,1.4064636
"PALOUSE:SPOKANE:Transformer:TR2:wnd1",-21.133307,-4.7430115,21.084715,3.7225647
"PALOUSE:SPOKANE:Transformer:TR1:wnd1",-12.762415,-0.20214844,12.745539,-0.15222168
"PALOUSE:WENATCHEE:Transformer:WEN 500-230 TR1:wnd1",243.92938,-31.408203,-244.03276,24.325195
"COLUMBIA:WALLA WALLA:Transformer:WAL 500-230:wnd1",-6.774338,7.296875,6.7741547,-7.3085938
"PALOUSE:VALLEY:Transformer:TR3:wnd1",-36.725555,-19.671997,36.53634,16.455475
"PALOUSE:VALLEY:Transformer:TR2:wnd1",-28.716331,-14.818237,28.6025,12.882996
"PALOUSE:VALLEY:Transformer:TR1:wnd1",-23.067125,-11.531738,22.998137,10.358582
"PALOUSE:CHENEY:Transformer:T4:wnd1",-28.119118,-7.8876953,28.119118,7.8027344
"COLUMBIA:FINLEY:Transformer:T_5:wnd1",-20.301018,-95.3457,20.286255,91.79785
"COLUMBIA:YAKIMA:Transformer:T_500:wnd1",66.69182,-80.22754,-66.70911,76.54199
"PALOUSE:ROCKFORD:Transformer:50-23 TR1:wnd1",90.157585,-138.80566,-90.157585,136.13965
"PALOUSE:ROCKFORD:Transformer:TR3:wnd1",-43.189236,-22.182007,43.189236,19.825134
"PALOUSE:ROCKFORD:Transformer:TR4:wnd1",-29.27414,-8.441467,29.27414,7.5131226
"PALOUSE:WHEELER:Transformer:TR1:wnd1",-35.81391,-11.281372,35.81391,9.863342
"PALOUSE:WHEELER:Transformer:TR2:wnd1",-39.490047,-16.480225,39.490047,14.638489
"PALOUSE:VANTAGE:Transformer:TR1:wnd1",-7.2637467,-7.42218,7.2637467,7.3115234
"PUGET:EVERETT:Transformer:EVETR 500:wnd1",-885.8037,-63.075684,884.81384,-46.22119
"PALOUSE:ROCKFORD:Transformer:50-23 TR2:wnd1",90.157585,-138.80566,-90.157585,136.13965
"PALOUSE:ELMER:Transformer:TR12:wnd1",180.90924,-19.326172,-180.90924,-0.31054688
"PALOUSE:ELMER:Transformer:TR34:wnd1",180.90924,-19.326172,-180.90924,-0.31054688
"PALOUSE:ELMER:Transformer:TR56:wnd1",180.90924,-19.326172,-180.90924,-0.31054688
"PALOUSE:ELMER:Transformer:TR78:wnd1",180.90924,-19.326172,-180.90924,-0.31054688
"PALOUSE:ELMER:Transformer:TR90:wnd1",-0.0,-0.0,-0.0,-0.0
"PALOUSE:ELMER:Transformer:500_230 TR1:wnd1",267.04047,-51.649902,-267.12714,39.654785
"PALOUSE:ELMER:Transformer:500_230 TR2:wnd1",267.04047,-51.649902,-267.12714,39.654785
"PUGET:BREMERTON:Transformer:TR1:wnd1",-4.858021,-2.2318726,4.854885,2.1849365
"PUGET:RENTON:Transformer:W GEN TR:wnd1",-4.8939543,-2.2207031,4.8939543,2.2025146
"PUGET:RENTON:Transformer:E GEN TR:wnd1",-4.8939543,-2.2207031,4.8939543,2.2025146
"PALOUSE:WENATCHEE:Transformer:WEN 500-230 TR2:wnd1",243.92938,-31.408203,-244.03276,24.325195
"PALOUSE:WENATCHEE:Transformer:TR1A:wnd1",180.90923,-2.519287,-180.90923,11.950195
"PALOUSE:WENATCHEE:Transformer:TR1B:wnd1",-90.454575,-9.532593,90.454575,-5.9873047
"PALOUSE:WENATCHEE:Transformer:TR1C:wnd1",-90.454575,-9.532593,90.454575,-5.9873047
"PALOUSE:WENATCHEE:Transformer:TR2B:wnd1",-90.45457,-9.532654,90.45457,-5.9873047
"PALOUSE:WENATCHEE:Transformer:TR2C:wnd1",-90.45457,-9.532654,90.45457,-5.9873047
"PALOUSE:WENATCHEE:Transformer:TR2A:wnd1",180.90923,-2.519043,-180.90923,11.950195
"PALOUSE:WENATCHEE:Transformer:TR3A:wnd1",175.98395,-1.956543,-175.98395,10.880615
"PALOUSE:WENATCHEE:Transformer:TR3B:wnd1",-90.45457,-9.6588745,90.45457,-5.8656006
"PALOUSE:WENATCHEE:Transformer:TR3C:wnd1",-85.52932,-8.831543,85.52932,-5.038269
"PALOUSE:WENATCHEE:Transformer:TR4A:wnd1",175.98395,-1.956543,-175.98395,10.880615
"PALOUSE:WENATCHEE:Transformer:TR4B:wnd1",-85.52932,-8.831543,85.52932,-5.038269
"PALOUSE:WENATCHEE:Transformer:TR4C:wnd1",-90.45457,-9.6588745,90.45457,-5.8656006
"PALOUSE:WENATCHEE:Transformer:TR5A:wnd1",75.45466,-1.1787109,-75.45466,2.81958
"PALOUSE:WENATCHEE:Transformer:TR5B:wnd1",-75.454605,-7.9679565,75.454605,-2.8319092
"PALOUSE:WENATCHEE:Transformer:TR5C:wnd1",-0.0,-0.0,-0.0,-0.0
"PALOUSE:WENATCHEE:Transformer:TR110:wnd1",-0.0,-0.0,-0.0,-0.0
"PALOUSE:WENATCHEE:Transformer:TR120:wnd1",-9.53674E-7,-7.62939E-6,9.53674E-7,-0.0
"PALOUSE:WENATCHEE:Transformer:TR210:wnd1",-9.53674E-7,-7.62939E-6,9.53674E-7,-0.0
"PALOUSE:WENATCHEE:Transformer:TR220:wnd1",-0.0,-0.0,-0.0,-0.0
"PALOUSE:WENATCHEE:Transformer:TR310:wnd1",-4.9252596,-2.5118942,4.882077,2.196991
"PALOUSE:WENATCHEE:Transformer:TR320:wnd1",-0.0,-0.0,-0.0,-0.0
"PALOUSE:WENATCHEE:Transformer:TR410:wnd1",-0.0,-0.0,-0.0,-0.0
"PALOUSE:WENATCHEE:Transformer:TR420:wnd1",-4.9252596,-2.5118942,4.882077,2.196991
"PUGET:AUBURN:Transformer:AUB 500-230 TR1:wnd1",-533.8827,-115.06055,533.53186,74.58545
"PUGET:AUBURN:Transformer:AUB 500-230 TR2:wnd1",-533.8827,-115.06055,533.53186,74.58545
"PUGET:TACOMA:Transformer:TAC TR2:wnd1",20.46973,26.186646,-20.46973,-27.353943
"PUGET:VANCOUVER:Transformer:VANC T1:wnd1",-6.00382,30.766602,6.00382,-30.84668
"PALOUSE:LIBERTY:Transformer:DIESEL T1:wnd1",-0.0,-0.0,-0.0,-0.0
"PALOUSE:LIBERTY:Transformer:LIB TR1:wnd1",519.4723,26.65332,-519.4723,-56.69043
"PALOUSE:LIBERTY:Transformer:LIB TR2:wnd1",519.4723,26.65332,-519.4723,-56.69043
"COLUMBIA:WALLA WALLA:Transformer:TR_1:wnd1",-0.0,-0.0,-0.0,-0.0
"COLUMBIA:WALLA WALLA:Transformer:TR_2:wnd1",-0.0,-0.0,-0.0,-0.0
"COLUMBIA:WALLA WALLA:Transformer:TR_3:wnd1",-0.0,-0.0,-0.0,-0.0
"COLUMBIA:PULLMAN:Transformer:TR_1:wnd1",-14.353645,-11.645508,14.353134,11.608398
"COLUMBIA:COYOTE RIDGE:Transformer:TR1:wnd1",-0.0,-0.0,-0.0,-0.0
"COLUMBIA:COYOTE RIDGE:Transformer:TR2:wnd1",-0.0,-0.0,-0.0,-0.0
"PALOUSE:ST JOHN:Transformer:TR1:wnd1",-0.0,-0.0,-0.0,-0.0
"PALOUSE:VANTAGE:Transformer:TR2:wnd1",-0.0,-0.0,-0.0,-0.0
"PALOUSE:VANTAGE:Transformer:TR3:wnd1",-0.0,-0.0,-0.0,-0.0
