"ID","MW","MWSetPoint","GeneratorOperatingMode"
"PUGET:VANCOUVER:V24:SynchronousMachine:VANCOUVER",0.0,0.0,OFF
"PUGET:EVERETT:V24:SynchronousMachine:EVERETT 1",362.30264,362.3,MAN
"PUGET:EVERETT:V24:SynchronousMachine:EVERETT 2",370.33923,370.33237,LFC
"PUGET:CHEHALIS:V24:SynchronousMachine:CHEHALIS",799.99945,800.0,MAN
"PUGET:AIRPORT:V24:SynchronousMachine:AIRPORT",300.00043,300.0,MAN
"PALOUSE:LIBERTY:V24:SynchronousMachine:LIBERTY",799.99945,800.0,MAN
"PUGET:MT VERNON:V24:SynchronousMachine:MT VERNON",400.00253,400.0,MAN
"PALOUSE:ELLENSBURG:V13.8:SynchronousMachine:ELLENS_G1_CC_CT",18.447645,18.450863,LFC
"PALOUSE:ELLENSBURG:V13.8:SynchronousMachine:ELLENS_G2_CC_CT",18.447645,18.450863,LFC
"PALOUSE:ELLENSBURG:V13.8:SynchronousMachine:ELLENS_G3_CC_S",14.508169,14.511416,LFC
"PALOUSE:ELLENSBURG:V4.18:SynchronousMachine:ELLENS_G4_DIESEL",0.0,0.0,OFF
"PALOUSE:CHENEY:V13.8:SynchronousMachine:CHEN_G_1",18.10888,18.112127,LFC
"PALOUSE:CHENEY:V13.8:SynchronousMachine:CHEN_G_2",34.99995,35.0,MAN
"PALOUSE:CHENEY:V13.8:SynchronousMachine:CHEN_G_3",0.0,0.0,OFF
"PALOUSE:CHENEY:V13.8:SynchronousMachine:CHEN_G_4",34.99995,35.0,MAN
"COLUMBIA:FINLEY:V13.8:SynchronousMachine:FIN_G_1",0.2561148,0.25426313,LFC
"COLUMBIA:FINLEY:V13.8:SynchronousMachine:FIN_G_2",80.00061,80.0,MAN
"COLUMBIA:FINLEY:V13.8:SynchronousMachine:FIN_G_3",20.000023,20.0,MAN
"COLUMBIA:FINLEY:V13.8:SynchronousMachine:FIN_G_4",0.0,0.0,OFF
"PALOUSE:LIBERTY:V13.8:SynchronousMachine:DIESEL 1",0.0,0.0,OFF
"PALOUSE:LIBERTY:V13.8:SynchronousMachine:DIESEL 2",0.0,0.0,OFF
"PALOUSE:LIBERTY:V13.8:SynchronousMachine:DIESEL 3",0.0,0.0,OFF
"PUGET:TACOMA:V24:SynchronousMachine:TACOMA 1",75.00038,75.0,MAN
"PUGET:TACOMA:V24:SynchronousMachine:TACOMA 2",16.527842,16.522179,LFC
"PUGET:TACOMA:V24:SynchronousMachine:TACOMA 3",16.527842,16.522179,LFC
"COLUMBIA:YAKIMA:V13.8:SynchronousMachine:YAK_GEN_WEST",51.814617,51.813095,LFC
"COLUMBIA:YAKIMA:V13.8:SynchronousMachine:YAK_GEN_EAST",51.814617,51.813095,LFC
"PUGET:SATSOP:V24:SynchronousMachine:SATSOP GEN 1",1150.0078,1150.0,MAN
"PUGET:SATSOP:V24:SynchronousMachine:SATSOP GEN 2",0.0,0.0,OFF
"PUGET:SATSOP:V4.18:SynchronousMachine:E GEN A",0.0,0.0,OFF
"PUGET:SATSOP:V4.18:SynchronousMachine:E GEN B",0.0,0.0,OFF
"PUGET:SATSOP:V4.18:SynchronousMachine:E GEN C",0.0,0.0,OFF
"PUGET:SATSOP:V4.18:SynchronousMachine:E GEN D",0.0,0.0,OFF
"PALOUSE:ELMER:V14:SynchronousMachine:ELM_GEN 1",43.3187,43.321888,LFC
"PALOUSE:ELMER:V14:SynchronousMachine:ELM_GEN 2",43.3187,43.321888,LFC
"PALOUSE:ELMER:V14:SynchronousMachine:ELM_GEN 3",0.0,0.0,OFF
"PALOUSE:ELMER:V14:SynchronousMachine:ELM_GEN 4",43.3187,43.321888,LFC
"PALOUSE:ELMER:V14:SynchronousMachine:ELM_GEN 5",43.3187,43.321888,LFC
"PALOUSE:ELMER:V14:SynchronousMachine:ELM_GEN 6",43.3187,43.321888,LFC
"PALOUSE:ELMER:V14:SynchronousMachine:ELM_GEN 7",43.3187,43.321888,LFC
"PALOUSE:ELMER:V14:SynchronousMachine:ELM_GEN 8",40.000175,39.999996,MAN
"PALOUSE:ELMER:V14:SynchronousMachine:ELM_GEN 9",40.000175,39.999996,MAN
"PALOUSE:ELMER:V14:SynchronousMachine:ELM_GEN 10",43.3187,43.321888,LFC
"PUGET:BREMERTON:V13.8:SynchronousMachine:BREM GEN",0.0,0.0,OFF
"PUGET:RENTON:V13.8:SynchronousMachine:RENT_G1_CC_CT",23.379608,23.374619,LFC
"PUGET:RENTON:V13.8:SynchronousMachine:RENT_G2_CC_CT",23.379608,23.374619,LFC
"PUGET:RENTON:V13.8:SynchronousMachine:RENT_G3_CC_S",20.311035,20.306072,LFC
"PUGET:RENTON:V13.8:SynchronousMachine:RENT_G4_CC_CT",0.0,0.0,OFF
"PUGET:RENTON:V13.8:SynchronousMachine:RENT_G5_CC_CT",0.0,0.0,OFF
"PUGET:RENTON:V13.8:SynchronousMachine:RENT_G6_CC_S",0.0,0.0,OFF
"PALOUSE:WENATCHEE:V14:SynchronousMachine:WEN_GEN 1",43.3187,43.321888,LFC
"PALOUSE:WENATCHEE:V14:SynchronousMachine:WEN_GEN 2",43.3187,43.321888,LFC
"PALOUSE:WENATCHEE:V14:SynchronousMachine:WEN_GEN 3",43.3187,43.321888,LFC
"PALOUSE:WENATCHEE:V14:SynchronousMachine:WEN_GEN 4",43.3187,43.321888,LFC
"PALOUSE:WENATCHEE:V14:SynchronousMachine:WEN_GEN 5",43.3187,43.321888,LFC
"PALOUSE:WENATCHEE:V14:SynchronousMachine:WEN_GEN 6",43.3187,43.321888,LFC
"PALOUSE:WENATCHEE:V14:SynchronousMachine:WEN_GEN 7",74.99988,75.0,MAN
"PALOUSE:WENATCHEE:V14:SynchronousMachine:WEN_GEN 8",0.0,0.0,OFF
"PALOUSE:WENATCHEE:V14:SynchronousMachine:WEN_GEN 9",0.0,0.0,OFF
"PALOUSE:WENATCHEE:V14:SynchronousMachine:WEN_GEN 10",43.3187,43.321888,LFC
"PALOUSE:WENATCHEE:V4.18:SynchronousMachine:POWH DIESEL",0.0,0.0,OFF
"PALOUSE:ST JOHN:V24:SynchronousMachine:FEEDER 1",0.0,0.0,OFF
"PALOUSE:ST JOHN:V24:SynchronousMachine:FEEDER 2",0.0,0.0,OFF
"PALOUSE:ST JOHN:V24:SynchronousMachine:FEEDER 3",0.0,0.0,OFF
"PALOUSE:ST JOHN:V24:SynchronousMachine:FEEDER 4",0.0,0.0,OFF
"PALOUSE:ST JOHN:V24:SynchronousMachine:FEEDER 5",0.0,0.0,OFF
"PALOUSE:ST JOHN:V24:SynchronousMachine:FEEDER 6",0.0,0.0,OFF
"PALOUSE:ST JOHN:V24:SynchronousMachine:FEEDER 7",0.0,0.0,OFF
"PALOUSE:VANTAGE:V24:SynchronousMachine:GEN 2-1",0.0,0.0,OFF
"PALOUSE:VANTAGE:V24:SynchronousMachine:GEN 2-2",0.0,0.0,OFF
"PALOUSE:VANTAGE:V24:SynchronousMachine:GEN 2-3",0.0,0.0,OFF
"PALOUSE:VANTAGE:V24:SynchronousMachine:GEN 2-4",0.0,0.0,OFF
"PALOUSE:VANTAGE:V33:SynchronousMachine:GEN 3-1",0.0,0.0,OFF
"PALOUSE:VANTAGE:V33:SynchronousMachine:GEN 3-2",0.0,0.0,OFF
"PALOUSE:VANTAGE:V33:SynchronousMachine:GEN 3-3",0.0,0.0,OFF
"PALOUSE:VANTAGE:V33:SynchronousMachine:GEN 3-4",0.0,0.0,OFF
"COLUMBIA:COYOTE RIDGE:V33:SynchronousMachine:FDR 310",0.0,0.0,OFF
"COLUMBIA:COYOTE RIDGE:V33:SynchronousMachine:FDR 320",0.0,0.0,OFF
"COLUMBIA:COYOTE RIDGE:V33:SynchronousMachine:FDR 330",0.0,0.0,OFF
"COLUMBIA:COYOTE RIDGE:V33:SynchronousMachine:FDR 340",0.0,0.0,OFF
"COLUMBIA:COYOTE RIDGE:V33:SynchronousMachine:FDR 350",0.0,0.0,OFF
"COLUMBIA:COYOTE RIDGE:V21.6:SynchronousMachine:FDR 210",0.0,0.0,OFF
"COLUMBIA:COYOTE RIDGE:V21.6:SynchronousMachine:FDR 220",0.0,0.0,OFF
"COLUMBIA:COYOTE RIDGE:V21.6:SynchronousMachine:FDR 230",0.0,0.0,OFF
"COLUMBIA:COYOTE RIDGE:V21.6:SynchronousMachine:FDR 240",0.0,0.0,OFF
"COLUMBIA:COYOTE RIDGE:V21.6:SynchronousMachine:FDR 250",0.0,0.0,OFF
"COLUMBIA:COYOTE RIDGE:V21.6:SynchronousMachine:FDR 260",0.0,0.0,OFF
"COLUMBIA:WALLA WALLA:V21.6:SynchronousMachine:FDR 120",0.0,0.0,OFF
"COLUMBIA:WALLA WALLA:V21.6:SynchronousMachine:FDR 160",0.0,0.0,OFF
"COLUMBIA:WALLA WALLA:V21.6:SynchronousMachine:FDR 170",0.0,0.0,OFF
"COLUMBIA:WALLA WALLA:V21.6:SynchronousMachine:FDR 180",0.0,0.0,OFF
"COLUMBIA:WALLA WALLA:V21.6:SynchronousMachine:FDR 250",0.0,0.0,OFF
"COLUMBIA:WALLA WALLA:V21.6:SynchronousMachine:FDR 260",0.0,0.0,OFF
"COLUMBIA:WALLA WALLA:V21.6:SynchronousMachine:FDR 270",0.0,0.0,OFF
"COLUMBIA:WALLA WALLA:V21.6:SynchronousMachine:FDR 280",0.0,0.0,OFF
"COLUMBIA:WALLA WALLA:V33:SynchronousMachine:FDR 330",0.0,0.0,OFF
"COLUMBIA:WALLA WALLA:V33:SynchronousMachine:FDR 340",0.0,0.0,OFF
"COLUMBIA:WALLA WALLA:V33:SynchronousMachine:FDR 350",0.0,0.0,OFF
"COLUMBIA:WALLA WALLA:V33:SynchronousMachine:FDR 360",0.0,0.0,OFF
"COLUMBIA:WALLA WALLA:V33:SynchronousMachine:FDR 370",0.0,0.0,OFF
