"ID","SynchronousMachineOperatingMode","AVRMode","KVSetPoint","MVArSetpoint","MVAr"
"PUGET:VANCOUVER:V24:SynchronousMachine:VANCOUVER",GEN,ON,24.0,0.0,0.0
"PUGET:EVERETT:V24:SynchronousMachine:EVERETT 1",GEN,ON,24.0,0.0,-21.278069
"PUGET:EVERETT:V24:SynchronousMachine:EVERETT 2",GEN,ON,24.0,0.0,-21.067867
"PUGET:CHEHALIS:V24:SynchronousMachine:CHEHALIS",GEN,ON,24.0,0.0,2.9238434
"PUGET:AIRPORT:V24:SynchronousMachine:AIRPORT",GEN,ON,24.0,0.0,-92.17774
"PALOUSE:LIBERTY:V24:SynchronousMachine:LIBERTY",GEN,ON,24.0,0.0,122.00783
"PUGET:MT VERNON:V24:SynchronousMachine:MT VERNON",GEN,ON,24.0,0.0,17.43457
"PALOUSE:ELLENSBURG:V13.8:SynchronousMachine:ELLENS_G1_CC_CT",GEN,ON,13.8,0.0,0.068359375
"PALOUSE:ELLENSBURG:V13.8:SynchronousMachine:ELLENS_G2_CC_CT",GEN,ON,13.8,0.0,0.068359375
"PALOUSE:ELLENSBURG:V13.8:SynchronousMachine:ELLENS_G3_CC_S",GEN,ON,13.8,0.0,0.06542969
"PALOUSE:ELLENSBURG:V4.18:SynchronousMachine:ELLENS_G4_DIESEL",GEN,ON,4.18,0.0,0.0
"PALOUSE:CHENEY:V13.8:SynchronousMachine:CHEN_G_1",GEN,ON,13.8,0.0,4.3981743
"PALOUSE:CHENEY:V13.8:SynchronousMachine:CHEN_G_2",GEN,ON,13.8,0.0,2.4602222
"PALOUSE:CHENEY:V13.8:SynchronousMachine:CHEN_G_3",GEN,ON,13.8,0.0,0.0
"PALOUSE:CHENEY:V13.8:SynchronousMachine:CHEN_G_4",GEN,ON,13.8,0.0,6.8125005
"COLUMBIA:FINLEY:V13.8:SynchronousMachine:FIN_G_1",GEN,ON,13.8,0.0,-10.700073
"COLUMBIA:FINLEY:V13.8:SynchronousMachine:FIN_G_2",GEN,ON,13.8,0.0,-11.020569
"COLUMBIA:FINLEY:V13.8:SynchronousMachine:FIN_G_3",GEN,ON,13.8,0.0,-11.4175415
"COLUMBIA:FINLEY:V13.8:SynchronousMachine:FIN_G_4",GEN,ON,13.8,0.0,0.0
"PALOUSE:LIBERTY:V13.8:SynchronousMachine:DIESEL 1",GEN,ON,13.8,0.0,0.0
"PALOUSE:LIBERTY:V13.8:SynchronousMachine:DIESEL 2",GEN,ON,13.8,0.0,0.0
"PALOUSE:LIBERTY:V13.8:SynchronousMachine:DIESEL 3",GEN,ON,13.8,0.0,0.0
"PUGET:TACOMA:V24:SynchronousMachine:TACOMA 1",GEN,ON,24.0,0.0,7.1470375
"PUGET:TACOMA:V24:SynchronousMachine:TACOMA 2",GEN,ON,24.0,0.0,8.691986
"PUGET:TACOMA:V24:SynchronousMachine:TACOMA 3",GEN,ON,24.0,0.0,8.691986
"COLUMBIA:YAKIMA:V13.8:SynchronousMachine:YAK_GEN_WEST",GEN,ON,13.8,0.0,-18.546509
"COLUMBIA:YAKIMA:V13.8:SynchronousMachine:YAK_GEN_EAST",GEN,ON,13.8,0.0,-18.8844
"PUGET:SATSOP:V24:SynchronousMachine:SATSOP GEN 1",GEN,ON,24.0,0.0,-142.33691
"PUGET:SATSOP:V24:SynchronousMachine:SATSOP GEN 2",GEN,ON,24.0,0.0,0.0
"PUGET:SATSOP:V4.18:SynchronousMachine:E GEN A",GEN,ON,4.18,0.0,0.0
"PUGET:SATSOP:V4.18:SynchronousMachine:E GEN B",GEN,ON,4.18,0.0,0.0
"PUGET:SATSOP:V4.18:SynchronousMachine:E GEN C",GEN,ON,4.18,0.0,0.0
"PUGET:SATSOP:V4.18:SynchronousMachine:E GEN D",GEN,ON,4.18,0.0,0.0
"PALOUSE:ELMER:V14:SynchronousMachine:ELM_GEN 1",GEN,ON,14.0,0.0,-4.9018593
"PALOUSE:ELMER:V14:SynchronousMachine:ELM_GEN 2",GEN,ON,14.0,0.0,-4.9018593
"PALOUSE:ELMER:V14:SynchronousMachine:ELM_GEN 3",GEN,ON,14.0,0.0,0.0
"PALOUSE:ELMER:V14:SynchronousMachine:ELM_GEN 4",GEN,ON,14.0,0.0,-11.03528
"PALOUSE:ELMER:V14:SynchronousMachine:ELM_GEN 5",GEN,ON,14.0,0.0,-4.9018593
"PALOUSE:ELMER:V14:SynchronousMachine:ELM_GEN 6",GEN,ON,14.0,0.0,-4.9018593
"PALOUSE:ELMER:V14:SynchronousMachine:ELM_GEN 7",GEN,ON,14.0,0.0,-4.8879185
"PALOUSE:ELMER:V14:SynchronousMachine:ELM_GEN 8",GEN,ON,14.0,0.0,-4.896385
"PALOUSE:ELMER:V14:SynchronousMachine:ELM_GEN 9",GEN,ON,14.0,0.0,-4.896385
"PALOUSE:ELMER:V14:SynchronousMachine:ELM_GEN 10",GEN,ON,14.0,0.0,-4.8879185
"PUGET:BREMERTON:V13.8:SynchronousMachine:BREM GEN",GEN,ON,13.8,0.0,0.0
"PUGET:RENTON:V13.8:SynchronousMachine:RENT_G1_CC_CT",GEN,ON,13.8,0.0,-4.4491806
"PUGET:RENTON:V13.8:SynchronousMachine:RENT_G2_CC_CT",GEN,ON,13.8,0.0,-4.4491806
"PUGET:RENTON:V13.8:SynchronousMachine:RENT_G3_CC_S",GEN,ON,13.8,0.0,-2.8224792
"PUGET:RENTON:V13.8:SynchronousMachine:RENT_G4_CC_CT",GEN,ON,13.8,0.0,0.0
"PUGET:RENTON:V13.8:SynchronousMachine:RENT_G5_CC_CT",GEN,ON,13.8,0.0,0.0
"PUGET:RENTON:V13.8:SynchronousMachine:RENT_G6_CC_S",GEN,ON,13.8,0.0,0.0
"PALOUSE:WENATCHEE:V14:SynchronousMachine:WEN_GEN 1",GEN,ON,14.0,0.0,-6.776064
"PALOUSE:WENATCHEE:V14:SynchronousMachine:WEN_GEN 2",GEN,ON,14.0,0.0,-6.776064
"PALOUSE:WENATCHEE:V14:SynchronousMachine:WEN_GEN 3",GEN,ON,14.0,0.0,-6.776064
"PALOUSE:WENATCHEE:V14:SynchronousMachine:WEN_GEN 4",GEN,ON,14.0,0.0,-6.776064
"PALOUSE:WENATCHEE:V14:SynchronousMachine:WEN_GEN 5",GEN,ON,14.0,0.0,-6.7752705
"PALOUSE:WENATCHEE:V14:SynchronousMachine:WEN_GEN 6",GEN,ON,14.0,0.0,-3.476366
"PALOUSE:WENATCHEE:V14:SynchronousMachine:WEN_GEN 7",GEN,ON,14.0,0.0,-1.2171383
"PALOUSE:WENATCHEE:V14:SynchronousMachine:WEN_GEN 8",GEN,ON,14.0,0.0,0.0
"PALOUSE:WENATCHEE:V14:SynchronousMachine:WEN_GEN 9",GEN,ON,14.0,0.0,0.0
"PALOUSE:WENATCHEE:V14:SynchronousMachine:WEN_GEN 10",GEN,ON,14.0,0.0,-5.2078876
"PALOUSE:WENATCHEE:V4.18:SynchronousMachine:POWH DIESEL",GEN,ON,4.18,0.0,0.0
"PALOUSE:ST JOHN:V24:SynchronousMachine:FEEDER 1",GEN,ON,24.0,0.0,0.0
"PALOUSE:ST JOHN:V24:SynchronousMachine:FEEDER 2",GEN,ON,24.0,0.0,0.0
"PALOUSE:ST JOHN:V24:SynchronousMachine:FEEDER 3",GEN,ON,24.0,0.0,0.0
"PALOUSE:ST JOHN:V24:SynchronousMachine:FEEDER 4",GEN,ON,24.0,0.0,0.0
"PALOUSE:ST JOHN:V24:SynchronousMachine:FEEDER 5",GEN,ON,24.0,0.0,0.0
"PALOUSE:ST JOHN:V24:SynchronousMachine:FEEDER 6",GEN,ON,24.0,0.0,0.0
"PALOUSE:ST JOHN:V24:SynchronousMachine:FEEDER 7",GEN,ON,24.0,0.0,0.0
"PALOUSE:VANTAGE:V24:SynchronousMachine:GEN 2-1",GEN,ON,24.0,0.0,0.0
"PALOUSE:VANTAGE:V24:SynchronousMachine:GEN 2-2",GEN,ON,24.0,0.0,0.0
"PALOUSE:VANTAGE:V24:SynchronousMachine:GEN 2-3",GEN,ON,24.0,0.0,0.0
"PALOUSE:VANTAGE:V24:SynchronousMachine:GEN 2-4",GEN,ON,24.0,0.0,0.0
"PALOUSE:VANTAGE:V33:SynchronousMachine:GEN 3-1",GEN,ON,33.0,0.0,0.0
"PALOUSE:VANTAGE:V33:SynchronousMachine:GEN 3-2",GEN,ON,33.0,0.0,0.0
"PALOUSE:VANTAGE:V33:SynchronousMachine:GEN 3-3",GEN,ON,33.0,0.0,0.0
"PALOUSE:VANTAGE:V33:SynchronousMachine:GEN 3-4",GEN,ON,33.0,0.0,0.0
"COLUMBIA:COYOTE RIDGE:V33:SynchronousMachine:FDR 310",GEN,ON,33.0,0.0,0.0
"COLUMBIA:COYOTE RIDGE:V33:SynchronousMachine:FDR 320",GEN,ON,33.0,0.0,0.0
"COLUMBIA:COYOTE RIDGE:V33:SynchronousMachine:FDR 330",GEN,ON,33.0,0.0,0.0
"COLUMBIA:COYOTE RIDGE:V33:SynchronousMachine:FDR 340",GEN,ON,33.0,0.0,0.0
"COLUMBIA:COYOTE RIDGE:V33:SynchronousMachine:FDR 350",GEN,ON,33.0,0.0,0.0
"COLUMBIA:COYOTE RIDGE:V21.6:SynchronousMachine:FDR 210",GEN,ON,21.6,0.0,0.0
"COLUMBIA:COYOTE RIDGE:V21.6:SynchronousMachine:FDR 220",GEN,ON,21.6,0.0,0.0
"COLUMBIA:COYOTE RIDGE:V21.6:SynchronousMachine:FDR 230",GEN,ON,21.6,0.0,0.0
"COLUMBIA:COYOTE RIDGE:V21.6:SynchronousMachine:FDR 240",GEN,ON,21.6,0.0,0.0
"COLUMBIA:COYOTE RIDGE:V21.6:SynchronousMachine:FDR 250",GEN,ON,21.6,0.0,0.0
"COLUMBIA:COYOTE RIDGE:V21.6:SynchronousMachine:FDR 260",GEN,ON,21.6,0.0,0.0
"COLUMBIA:WALLA WALLA:V21.6:SynchronousMachine:FDR 120",GEN,ON,21.6,0.0,0.0
"COLUMBIA:WALLA WALLA:V21.6:SynchronousMachine:FDR 160",GEN,ON,21.6,0.0,0.0
"COLUMBIA:WALLA WALLA:V21.6:SynchronousMachine:FDR 170",GEN,ON,21.6,0.0,0.0
"COLUMBIA:WALLA WALLA:V21.6:SynchronousMachine:FDR 180",GEN,ON,21.6,0.0,0.0
"COLUMBIA:WALLA WALLA:V21.6:SynchronousMachine:FDR 250",GEN,ON,21.6,0.0,0.0
"COLUMBIA:WALLA WALLA:V21.6:SynchronousMachine:FDR 260",GEN,ON,21.6,0.0,0.0
"COLUMBIA:WALLA WALLA:V21.6:SynchronousMachine:FDR 270",GEN,ON,21.6,0.0,0.0
"COLUMBIA:WALLA WALLA:V21.6:SynchronousMachine:FDR 280",GEN,ON,21.6,0.0,0.0
"COLUMBIA:WALLA WALLA:V33:SynchronousMachine:FDR 330",GEN,ON,33.0,0.0,0.0
"COLUMBIA:WALLA WALLA:V33:SynchronousMachine:FDR 340",GEN,ON,33.0,0.0,0.0
"COLUMBIA:WALLA WALLA:V33:SynchronousMachine:FDR 350",GEN,ON,33.0,0.0,0.0
"COLUMBIA:WALLA WALLA:V33:SynchronousMachine:FDR 360",GEN,ON,33.0,0.0,0.0
"COLUMBIA:WALLA WALLA:V33:SynchronousMachine:FDR 370",GEN,ON,33.0,0.0,0.0
