"ID","TransformerWinding","TapNode"
"PUGET:EVERETT:V230:TransformerWinding:CRATR 30_ftap","PUGET:EVERETT:V230:TransformerWinding:CRATR 30_wnd","PUGET:EVERETT:V230:Junction:5"
"PUGET:EVERETT:V230:TransformerWinding:CRATR 35_ftap","PUGET:EVERETT:V230:TransformerWinding:CRATR 35_wnd","PUGET:EVERETT:V230:Junction:13"
"PUGET:TACOMA:V230:TransformerWinding:TAC TR 39_ftap","PUGET:TACOMA:V230:TransformerWinding:TAC TR 39_wnd","PUGET:TACOMA:V230:Junction:6"
"PUGET:TACOMA:V138:TransformerWinding:TAC TR 41_ftap","PUGET:TACOMA:V138:TransformerWinding:TAC TR 41_wnd","PUGET:TACOMA:V138:Junction:3047"
"PUGET:CHEHALIS:V230:TransformerWinding:FARTR 45_ftap","PUGET:CHEHALIS:V230:TransformerWinding:FARTR 45_wnd","PUGET:CHEHALIS:V230:Junction:11"
"PUGET:CHEHALIS:V230:TransformerWinding:FARTR 48_ftap","PUGET:CHEHALIS:V230:TransformerWinding:FARTR 48_wnd","PUGET:CHEHALIS:V230:Junction:8"
"PUGET:AIRPORT:V230:TransformerWinding:HOMTR 57_ftap","PUGET:AIRPORT:V230:TransformerWinding:HOMTR 57_wnd","PUGET:AIRPORT:V230:Junction:3384"
"PUGET:LONGVIEW:V230:TransformerWinding:JENTR 59_ftap","PUGET:LONGVIEW:V230:TransformerWinding:JENTR 59_wnd","PUGET:LONGVIEW:V230:Junction:3305"
"PUGET:PORT ANGELES:V230:TransformerWinding:KINTR 63_ftap","PUGET:PORT ANGELES:V230:TransformerWinding:KINTR 63_wnd","PUGET:PORT ANGELES:V230:Junction:2879"
"PUGET:REDMOND:V230:TransformerWinding:MOSTR 70_ftap","PUGET:REDMOND:V230:TransformerWinding:MOSTR 70_wnd","PUGET:REDMOND:V230:Junction:8"
"PUGET:BELLEVUE:V230:TransformerWinding:OAKTR 74_ftap","PUGET:BELLEVUE:V230:TransformerWinding:OAKTR 74_wnd","PUGET:BELLEVUE:V230:Junction:3569"
"PUGET:MT VERNON:V230:TransformerWinding:GRTR_high_ftap","PUGET:MT VERNON:V230:TransformerWinding:GRTR_high_wnd","PUGET:MT VERNON:V230:Junction:2693"
"PALOUSE:ELLENSBURG:V138:TransformerWinding:G1_high_ftap","PALOUSE:ELLENSBURG:V138:TransformerWinding:G1_high_wnd","PALOUSE:ELLENSBURG:V138:Junction:2196"
"PALOUSE:ELLENSBURG:V138:TransformerWinding:G2_high_ftap","PALOUSE:ELLENSBURG:V138:TransformerWinding:G2_high_wnd","PALOUSE:ELLENSBURG:V138:Junction:2192"
"PALOUSE:ELLENSBURG:V138:TransformerWinding:G3_high_ftap","PALOUSE:ELLENSBURG:V138:TransformerWinding:G3_high_wnd","PALOUSE:ELLENSBURG:V138:Junction:2186"
"PALOUSE:ELLENSBURG:V138:TransformerWinding:G4_high_ftap","PALOUSE:ELLENSBURG:V138:TransformerWinding:G4_high_wnd","PALOUSE:ELLENSBURG:V138:Junction:2189"
"PALOUSE:ELLENSBURG:V230:TransformerWinding:T1_high_ftap","PALOUSE:ELLENSBURG:V230:TransformerWinding:T1_high_wnd","PALOUSE:ELLENSBURG:V230:Junction:2263"
"PALOUSE:ELLENSBURG:V230:TransformerWinding:T2_high_ftap","PALOUSE:ELLENSBURG:V230:TransformerWinding:T2_high_wnd","PALOUSE:ELLENSBURG:V230:Junction:2260"
"PALOUSE:CHENEY:V115:TransformerWinding:G_1_2_high_ftap","PALOUSE:CHENEY:V115:TransformerWinding:G_1_2_high_wnd","PALOUSE:CHENEY:V115:Junction:2309"
"PALOUSE:CHENEY:V115:TransformerWinding:G_2_4_high_ftap","PALOUSE:CHENEY:V115:TransformerWinding:G_2_4_high_wnd","PALOUSE:CHENEY:V115:Junction:2311"
"PALOUSE:CHENEY:V115:TransformerWinding:SS1_high_ftap","PALOUSE:CHENEY:V115:TransformerWinding:SS1_high_wnd","PALOUSE:CHENEY:V115:Junction:2326"
"PALOUSE:CHENEY:V115:TransformerWinding:SS2_high_ftap","PALOUSE:CHENEY:V115:TransformerWinding:SS2_high_wnd","PALOUSE:CHENEY:V115:Junction:2332"
"PALOUSE:CHENEY:V230:TransformerWinding:T1_high_ftap","PALOUSE:CHENEY:V230:TransformerWinding:T1_high_wnd","PALOUSE:CHENEY:V230:Junction:2402"
"PALOUSE:CHENEY:V230:TransformerWinding:T2_high_ftap","PALOUSE:CHENEY:V230:TransformerWinding:T2_high_wnd","PALOUSE:CHENEY:V230:Junction:2399"
"COLUMBIA:FINLEY:V230:TransformerWinding:T_1_high_ftap","COLUMBIA:FINLEY:V230:TransformerWinding:T_1_high_wnd","COLUMBIA:FINLEY:V230:Junction:2507"
"COLUMBIA:FINLEY:V230:TransformerWinding:T_2_high_ftap","COLUMBIA:FINLEY:V230:TransformerWinding:T_2_high_wnd","COLUMBIA:FINLEY:V230:Junction:2513"
"COLUMBIA:FINLEY:V230:TransformerWinding:T_3_high_ftap","COLUMBIA:FINLEY:V230:TransformerWinding:T_3_high_wnd","COLUMBIA:FINLEY:V230:Junction:2515"
"COLUMBIA:FINLEY:V230:TransformerWinding:T_4_high_ftap","COLUMBIA:FINLEY:V230:TransformerWinding:T_4_high_wnd","COLUMBIA:FINLEY:V230:Junction:2514"
"COLUMBIA:YAKIMA:V115:TransformerWinding:ETR1_high_ftap","COLUMBIA:YAKIMA:V115:TransformerWinding:ETR1_high_wnd","COLUMBIA:YAKIMA:V115:Junction:3752"
"COLUMBIA:YAKIMA:V115:TransformerWinding:WTR1_high_ftap","COLUMBIA:YAKIMA:V115:TransformerWinding:WTR1_high_wnd","COLUMBIA:YAKIMA:V115:Junction:3753"
"COLUMBIA:YAKIMA:V230:TransformerWinding:WTR2_high_ftap","COLUMBIA:YAKIMA:V230:TransformerWinding:WTR2_high_wnd","COLUMBIA:YAKIMA:V230:Junction:3690"
"COLUMBIA:YAKIMA:V230:TransformerWinding:ETR2_high_ftap","COLUMBIA:YAKIMA:V230:TransformerWinding:ETR2_high_wnd","COLUMBIA:YAKIMA:V230:Junction:3691"
"COLUMBIA:YAKIMA:V230:TransformerWinding:TR3_high_ftap","COLUMBIA:YAKIMA:V230:TransformerWinding:TR3_high_wnd","COLUMBIA:YAKIMA:V230:Junction:7900"
"COLUMBIA:FINLEY:V230:TransformerWinding:TR 1_high_ftap","COLUMBIA:FINLEY:V230:TransformerWinding:TR 1_high_wnd","COLUMBIA:FINLEY:V230:Junction:2584"
"COLUMBIA:SUNNYSIDE:V115:TransformerWinding:TR 2_high_ftap","COLUMBIA:SUNNYSIDE:V115:TransformerWinding:TR 2_high_wnd","COLUMBIA:SUNNYSIDE:V115:Junction:3993"
"COLUMBIA:SUNNYSIDE:V115:TransformerWinding:TR 1_high_ftap","COLUMBIA:SUNNYSIDE:V115:TransformerWinding:TR 1_high_wnd","COLUMBIA:SUNNYSIDE:V115:Junction:3991"
"COLUMBIA:FINLEY:V230:TransformerWinding:TR 2_high_ftap","COLUMBIA:FINLEY:V230:TransformerWinding:TR 2_high_wnd","COLUMBIA:FINLEY:V230:Junction:2595"
"COLUMBIA:GRANDVIEW:V115:TransformerWinding:TR1_high_ftap","COLUMBIA:GRANDVIEW:V115:TransformerWinding:TR1_high_wnd","COLUMBIA:GRANDVIEW:V115:Junction:4321"
"COLUMBIA:PROSSER:V115:TransformerWinding:TR-RIVER_high_ftap","COLUMBIA:PROSSER:V115:TransformerWinding:TR-RIVER_high_wnd","COLUMBIA:PROSSER:V115:Junction:4394"
"COLUMBIA:BENTON:V115:TransformerWinding:TR-IAN_high_ftap","COLUMBIA:BENTON:V115:TransformerWinding:TR-IAN_high_wnd","COLUMBIA:BENTON:V115:Junction:4435"
"COLUMBIA:RICHLAND:V115:TransformerWinding:TR-ZIP_high_ftap","COLUMBIA:RICHLAND:V115:TransformerWinding:TR-ZIP_high_wnd","COLUMBIA:RICHLAND:V115:Junction:4469"
"COLUMBIA:KENNEWICK:V115:TransformerWinding:TR-SNOOP_high_ftap","COLUMBIA:KENNEWICK:V115:TransformerWinding:TR-SNOOP_high_wnd","COLUMBIA:KENNEWICK:V115:Junction:4508"
"COLUMBIA:PASCO:V115:TransformerWinding:TR-LEMON_high_ftap","COLUMBIA:PASCO:V115:TransformerWinding:TR-LEMON_high_wnd","COLUMBIA:PASCO:V115:Junction:4530"
"PALOUSE:QUINCY:V115:TransformerWinding:TR1_high_ftap","PALOUSE:QUINCY:V115:TransformerWinding:TR1_high_wnd","PALOUSE:QUINCY:V115:Junction:4589"
"PALOUSE:QUINCY:V115:TransformerWinding:TR2_high_ftap","PALOUSE:QUINCY:V115:TransformerWinding:TR2_high_wnd","PALOUSE:QUINCY:V115:Junction:4588"
"PALOUSE:ELLENSBURG:V230:TransformerWinding:T3_high_ftap","PALOUSE:ELLENSBURG:V230:TransformerWinding:T3_high_wnd","PALOUSE:ELLENSBURG:V230:Junction:2262"
"PALOUSE:EPHRATA:V115:TransformerWinding:TR2_high_ftap","PALOUSE:EPHRATA:V115:TransformerWinding:TR2_high_wnd","PALOUSE:EPHRATA:V115:Junction:4628"
"PALOUSE:EPHRATA:V115:TransformerWinding:TR3_high_ftap","PALOUSE:EPHRATA:V115:TransformerWinding:TR3_high_wnd","PALOUSE:EPHRATA:V115:Junction:4627"
"PALOUSE:CHENEY:V230:TransformerWinding:T3_high_ftap","PALOUSE:CHENEY:V230:TransformerWinding:T3_high_wnd","PALOUSE:CHENEY:V230:Junction:4718"
"PALOUSE:GLOYD:V115:TransformerWinding:TR1_high_ftap","PALOUSE:GLOYD:V115:TransformerWinding:TR1_high_wnd","PALOUSE:GLOYD:V115:Junction:4801"
"PALOUSE:GLOYD:V115:TransformerWinding:TR2_high_ftap","PALOUSE:GLOYD:V115:TransformerWinding:TR2_high_wnd","PALOUSE:GLOYD:V115:Junction:4799"
"PALOUSE:GLOYD:V115:TransformerWinding:TR3_high_ftap","PALOUSE:GLOYD:V115:TransformerWinding:TR3_high_wnd","PALOUSE:GLOYD:V115:Junction:4795"
"PUGET:SATSOP:V500:TransformerWinding:POD GEN W_high_ftap","PUGET:SATSOP:V500:TransformerWinding:POD GEN W_high_wnd","PUGET:SATSOP:V500:Junction:4931"
"PUGET:SATSOP:V500:TransformerWinding:POD GEN E_high_ftap","PUGET:SATSOP:V500:TransformerWinding:POD GEN E_high_wnd","PUGET:SATSOP:V500:Junction:4924"
"PUGET:SATSOP:V500:TransformerWinding:POD 500_230_high_ftap","PUGET:SATSOP:V500:TransformerWinding:POD 500_230_high_wnd","PUGET:SATSOP:V500:Junction:4930"
"PUGET:SATSOP:V230:TransformerWinding:POD 230_24_high_ftap","PUGET:SATSOP:V230:TransformerWinding:POD 230_24_high_wnd","PUGET:SATSOP:V230:Junction:5110"
"PUGET:SATSOP:V24:TransformerWinding:SS TR 1_high_ftap","PUGET:SATSOP:V24:TransformerWinding:SS TR 1_high_wnd","PUGET:SATSOP:V24:Junction:5216"
"PUGET:SATSOP:V24:TransformerWinding:SS TR 2_high_ftap","PUGET:SATSOP:V24:TransformerWinding:SS TR 2_high_wnd","PUGET:SATSOP:V24:Junction:5217"
"PALOUSE:SPOKANE:V115:TransformerWinding:TR3_high_ftap","PALOUSE:SPOKANE:V115:TransformerWinding:TR3_high_wnd","PALOUSE:SPOKANE:V115:Junction:5386"
"PALOUSE:SPOKANE:V115:TransformerWinding:TR2_high_ftap","PALOUSE:SPOKANE:V115:TransformerWinding:TR2_high_wnd","PALOUSE:SPOKANE:V115:Junction:5382"
"PALOUSE:SPOKANE:V115:TransformerWinding:TR1_high_ftap","PALOUSE:SPOKANE:V115:TransformerWinding:TR1_high_wnd","PALOUSE:SPOKANE:V115:Junction:5387"
"PALOUSE:WENATCHEE:V500:TransformerWinding:TGR 500-230 TR_high_ftap","PALOUSE:WENATCHEE:V500:TransformerWinding:TGR 500-230 TR_high_wnd","PALOUSE:WENATCHEE:V500:Junction:5479"
"COLUMBIA:WALLA WALLA:V500:TransformerWinding:MOO 500-230_high_ftap","COLUMBIA:WALLA WALLA:V500:TransformerWinding:MOO 500-230_high_wnd","COLUMBIA:WALLA WALLA:V500:Junction:5727"
"PALOUSE:VALLEY:V115:TransformerWinding:TR3_high_ftap","PALOUSE:VALLEY:V115:TransformerWinding:TR3_high_wnd","PALOUSE:VALLEY:V115:Junction:5821"
"PALOUSE:VALLEY:V115:TransformerWinding:TR2_high_ftap","PALOUSE:VALLEY:V115:TransformerWinding:TR2_high_wnd","PALOUSE:VALLEY:V115:Junction:5818"
"PALOUSE:VALLEY:V115:TransformerWinding:TR1_high_ftap","PALOUSE:VALLEY:V115:TransformerWinding:TR1_high_wnd","PALOUSE:VALLEY:V115:Junction:5819"
"PALOUSE:CHENEY:V230:TransformerWinding:T4_high_ftap","PALOUSE:CHENEY:V230:TransformerWinding:T4_high_wnd","PALOUSE:CHENEY:V230:Junction:2407"
"COLUMBIA:FINLEY:V500:TransformerWinding:T_5_high_ftap","COLUMBIA:FINLEY:V500:TransformerWinding:T_5_high_wnd","COLUMBIA:FINLEY:V500:Junction:6339"
"COLUMBIA:YAKIMA:V500:TransformerWinding:T_500_high_ftap","COLUMBIA:YAKIMA:V500:TransformerWinding:T_500_high_wnd","COLUMBIA:YAKIMA:V500:Junction:6815"
"PALOUSE:ROCKFORD:V500:TransformerWinding:TR1_high_ftap","PALOUSE:ROCKFORD:V500:TransformerWinding:TR1_high_wnd","PALOUSE:ROCKFORD:V500:Junction:6128"
"PALOUSE:ROCKFORD:V230:TransformerWinding:TR2_high_ftap","PALOUSE:ROCKFORD:V230:TransformerWinding:TR2_high_wnd","PALOUSE:ROCKFORD:V230:Junction:6704"
"PALOUSE:ROCKFORD:V230:TransformerWinding:TR3_high_ftap","PALOUSE:ROCKFORD:V230:TransformerWinding:TR3_high_wnd","PALOUSE:ROCKFORD:V230:Junction:6697"
"PALOUSE:WHEELER:V230:TransformerWinding:TR1_high_ftap","PALOUSE:WHEELER:V230:TransformerWinding:TR1_high_wnd","PALOUSE:WHEELER:V230:Junction:6207"
"PALOUSE:WHEELER:V230:TransformerWinding:TR2_high_ftap","PALOUSE:WHEELER:V230:TransformerWinding:TR2_high_wnd","PALOUSE:WHEELER:V230:Junction:6203"
"PALOUSE:VANTAGE:V230:TransformerWinding:TR1_high_ftap","PALOUSE:VANTAGE:V230:TransformerWinding:TR1_high_wnd","PALOUSE:VANTAGE:V230:Junction:8756"
"PUGET:EVERETT:V500:TransformerWinding:EVETR 500_high_ftap","PUGET:EVERETT:V500:TransformerWinding:EVETR 500_high_wnd","PUGET:EVERETT:V500:Junction:6420"
"PALOUSE:ROCKFORD:V500:TransformerWinding:50-23 TR2_high_ftap","PALOUSE:ROCKFORD:V500:TransformerWinding:50-23 TR2_high_wnd","PALOUSE:ROCKFORD:V500:Junction:6122"
"PALOUSE:ELMER:V230:TransformerWinding:TR12_high_ftap","PALOUSE:ELMER:V230:TransformerWinding:TR12_high_wnd","PALOUSE:ELMER:V230:Junction:6977"
"PALOUSE:ELMER:V230:TransformerWinding:TR34_high_ftap","PALOUSE:ELMER:V230:TransformerWinding:TR34_high_wnd","PALOUSE:ELMER:V230:Junction:6966"
"PALOUSE:ELMER:V230:TransformerWinding:TR56_high_ftap","PALOUSE:ELMER:V230:TransformerWinding:TR56_high_wnd","PALOUSE:ELMER:V230:Junction:6958"
"PALOUSE:ELMER:V230:TransformerWinding:TR78_high_ftap","PALOUSE:ELMER:V230:TransformerWinding:TR78_high_wnd","PALOUSE:ELMER:V230:Junction:6968"
"PALOUSE:ELMER:V230:TransformerWinding:TR90_high_ftap","PALOUSE:ELMER:V230:TransformerWinding:TR90_high_wnd","PALOUSE:ELMER:V230:Junction:6976"
"PALOUSE:ELMER:V500:TransformerWinding:TR90_high_ftap","PALOUSE:ELMER:V500:TransformerWinding:TR90_high_wnd","PALOUSE:ELMER:V500:Junction:6817"
"PALOUSE:ELMER:V500:TransformerWinding:500_230 TR2_high_ftap","PALOUSE:ELMER:V500:TransformerWinding:500_230 TR2_high_wnd","PALOUSE:ELMER:V500:Junction:6292"
"PUGET:BREMERTON:V230:TransformerWinding:TR1_high_ftap","PUGET:BREMERTON:V230:TransformerWinding:TR1_high_wnd","PUGET:BREMERTON:V230:Junction:7403"
"PUGET:RENTON:V230:TransformerWinding:W GEN TR_high_ftap","PUGET:RENTON:V230:TransformerWinding:W GEN TR_high_wnd","PUGET:RENTON:V230:Junction:7220"
"PUGET:RENTON:V230:TransformerWinding:E GEN TR_high_ftap","PUGET:RENTON:V230:TransformerWinding:E GEN TR_high_wnd","PUGET:RENTON:V230:Junction:7224"
"PALOUSE:WENATCHEE:V500:TransformerWinding:WEN 500-230 TR2_high_ftap","PALOUSE:WENATCHEE:V500:TransformerWinding:WEN 500-230 TR2_high_wnd","PALOUSE:WENATCHEE:V500:Junction:5496"
"PALOUSE:WENATCHEE:V230:TransformerWinding:TR1A_high_ftap","PALOUSE:WENATCHEE:V230:TransformerWinding:TR1A_high_wnd","PALOUSE:WENATCHEE:V230:Junction:7764"
"PALOUSE:WENATCHEE:V14:TransformerWinding:TR1B_high_ftap","PALOUSE:WENATCHEE:V14:TransformerWinding:TR1B_high_wnd","PALOUSE:WENATCHEE:V14:Junction:7619"
"PALOUSE:WENATCHEE:V14:TransformerWinding:TRC_high_ftap","PALOUSE:WENATCHEE:V14:TransformerWinding:TRC_high_wnd","PALOUSE:WENATCHEE:V14:Junction:7616"
"PALOUSE:WENATCHEE:V14:TransformerWinding:TR2A_high_ftap","PALOUSE:WENATCHEE:V14:TransformerWinding:TR2A_high_wnd","PALOUSE:WENATCHEE:V14:Junction:7617"
"PALOUSE:WENATCHEE:V14:TransformerWinding:TR2C_high_ftap","PALOUSE:WENATCHEE:V14:TransformerWinding:TR2C_high_wnd","PALOUSE:WENATCHEE:V14:Junction:7621"
"PALOUSE:WENATCHEE:V230:TransformerWinding:TR2A_high_ftap","PALOUSE:WENATCHEE:V230:TransformerWinding:TR2A_high_wnd","PALOUSE:WENATCHEE:V230:Junction:5613"
"PALOUSE:WENATCHEE:V230:TransformerWinding:TR3A_high_ftap","PALOUSE:WENATCHEE:V230:TransformerWinding:TR3A_high_wnd","PALOUSE:WENATCHEE:V230:Junction:7765"
"PALOUSE:WENATCHEE:V14:TransformerWinding:TR3B_high_ftap","PALOUSE:WENATCHEE:V14:TransformerWinding:TR3B_high_wnd","PALOUSE:WENATCHEE:V14:Junction:7613"
"PALOUSE:WENATCHEE:V14:TransformerWinding:TR3C_high_ftap","PALOUSE:WENATCHEE:V14:TransformerWinding:TR3C_high_wnd","PALOUSE:WENATCHEE:V14:Junction:7618"
"PALOUSE:WENATCHEE:V230:TransformerWinding:TR4A_high_ftap","PALOUSE:WENATCHEE:V230:TransformerWinding:TR4A_high_wnd","PALOUSE:WENATCHEE:V230:Junction:7761"
"PALOUSE:WENATCHEE:V14:TransformerWinding:TR4B_high_ftap","PALOUSE:WENATCHEE:V14:TransformerWinding:TR4B_high_wnd","PALOUSE:WENATCHEE:V14:Junction:7614"
"PALOUSE:WENATCHEE:V14:TransformerWinding:TR4C_high_ftap","PALOUSE:WENATCHEE:V14:TransformerWinding:TR4C_high_wnd","PALOUSE:WENATCHEE:V14:Junction:7612"
"PALOUSE:WENATCHEE:V230:TransformerWinding:T5A_high_ftap","PALOUSE:WENATCHEE:V230:TransformerWinding:T5A_high_wnd","PALOUSE:WENATCHEE:V230:Junction:7751"
"PALOUSE:WENATCHEE:V14:TransformerWinding:TR5B_high_ftap","PALOUSE:WENATCHEE:V14:TransformerWinding:TR5B_high_wnd","PALOUSE:WENATCHEE:V14:Junction:7620"
"PALOUSE:WENATCHEE:V14:TransformerWinding:TR5C_high_ftap","PALOUSE:WENATCHEE:V14:TransformerWinding:TR5C_high_wnd","PALOUSE:WENATCHEE:V14:Junction:7615"
"PALOUSE:WENATCHEE:V14:TransformerWinding:TR110_high_ftap","PALOUSE:WENATCHEE:V14:TransformerWinding:TR110_high_wnd","PALOUSE:WENATCHEE:V14:Junction:7809"
"PALOUSE:WENATCHEE:V14:TransformerWinding:TR120_high_ftap","PALOUSE:WENATCHEE:V14:TransformerWinding:TR120_high_wnd","PALOUSE:WENATCHEE:V14:Junction:7804"
"PALOUSE:WENATCHEE:V14:TransformerWinding:TR210_high_ftap","PALOUSE:WENATCHEE:V14:TransformerWinding:TR210_high_wnd","PALOUSE:WENATCHEE:V14:Junction:7808"
"PALOUSE:WENATCHEE:V14:TransformerWinding:TR2200_high_ftap","PALOUSE:WENATCHEE:V14:TransformerWinding:TR2200_high_wnd","PALOUSE:WENATCHEE:V14:Junction:7801"
"PALOUSE:WENATCHEE:V14:TransformerWinding:TR310_high_ftap","PALOUSE:WENATCHEE:V14:TransformerWinding:TR310_high_wnd","PALOUSE:WENATCHEE:V14:Junction:7803"
"PALOUSE:WENATCHEE:V14:TransformerWinding:TR320_high_ftap","PALOUSE:WENATCHEE:V14:TransformerWinding:TR320_high_wnd","PALOUSE:WENATCHEE:V14:Junction:7802"
"PALOUSE:WENATCHEE:V14:TransformerWinding:TR410_high_ftap","PALOUSE:WENATCHEE:V14:TransformerWinding:TR410_high_wnd","PALOUSE:WENATCHEE:V14:Junction:7812"
"PALOUSE:WENATCHEE:V14:TransformerWinding:TR420_high_ftap","PALOUSE:WENATCHEE:V14:TransformerWinding:TR420_high_wnd","PALOUSE:WENATCHEE:V14:Junction:7798"
"PUGET:AUBURN:V500:TransformerWinding:AUB 500-230 TR1_high_ftap","PUGET:AUBURN:V500:TransformerWinding:AUB 500-230 TR1_high_wnd","PUGET:AUBURN:V500:Junction:5639"
"PUGET:AUBURN:V500:TransformerWinding:AUB 500-230 TR2_high_ftap","PUGET:AUBURN:V500:TransformerWinding:AUB 500-230 TR2_high_wnd","PUGET:AUBURN:V500:Junction:6579"
"PUGET:TACOMA:V230:TransformerWinding:TAC TR2_high_ftap","PUGET:TACOMA:V230:TransformerWinding:TAC TR2_high_wnd","PUGET:TACOMA:V230:Junction:7911"
"PUGET:VANCOUVER:V230:TransformerWinding:VANC T1_high_ftap","PUGET:VANCOUVER:V230:TransformerWinding:VANC T1_high_wnd","PUGET:VANCOUVER:V230:Junction:8266"
"PALOUSE:LIBERTY:V24:TransformerWinding:DIESEL T1_high_ftap","PALOUSE:LIBERTY:V24:TransformerWinding:DIESEL T1_high_wnd","PALOUSE:LIBERTY:V24:Junction:3247"
"PALOUSE:LIBERTY:V230:TransformerWinding:LIB TR1_high_ftap","PALOUSE:LIBERTY:V230:TransformerWinding:LIB TR1_high_wnd","PALOUSE:LIBERTY:V230:Junction:3167"
"PALOUSE:LIBERTY:V230:TransformerWinding:LIB TR2_high_ftap","PALOUSE:LIBERTY:V230:TransformerWinding:LIB TR2_high_wnd","PALOUSE:LIBERTY:V230:Junction:3156"
"COLUMBIA:WALLA WALLA:V230:TransformerWinding:TR_1_high_ftap","COLUMBIA:WALLA WALLA:V230:TransformerWinding:TR_1_high_wnd","COLUMBIA:WALLA WALLA:V230:Junction:8409"
"COLUMBIA:WALLA WALLA:V230:TransformerWinding:TR_2_high_ftap","COLUMBIA:WALLA WALLA:V230:TransformerWinding:TR_2_high_wnd","COLUMBIA:WALLA WALLA:V230:Junction:8414"
"COLUMBIA:WALLA WALLA:V230:TransformerWinding:TR_3_high_ftap","COLUMBIA:WALLA WALLA:V230:TransformerWinding:TR_3_high_wnd","COLUMBIA:WALLA WALLA:V230:Junction:8416"
"COLUMBIA:PULLMAN:V500:TransformerWinding:TR_1_high_ftap","COLUMBIA:PULLMAN:V500:TransformerWinding:TR_1_high_wnd","COLUMBIA:PULLMAN:V500:Junction:5995"
"COLUMBIA:COYOTE RIDGE:V230:TransformerWinding:_high_ftap","COLUMBIA:COYOTE RIDGE:V230:TransformerWinding:_high_wnd","COLUMBIA:COYOTE RIDGE:V230:Junction:8634"
"COLUMBIA:COYOTE RIDGE:V230:TransformerWinding:TR2_high_ftap","COLUMBIA:COYOTE RIDGE:V230:TransformerWinding:TR2_high_wnd","COLUMBIA:COYOTE RIDGE:V230:Junction:8644"
"PALOUSE:ST JOHN:V230:TransformerWinding:TR1_high_ftap","PALOUSE:ST JOHN:V230:TransformerWinding:TR1_high_wnd","PALOUSE:ST JOHN:V230:Junction:8788"
"PALOUSE:VANTAGE:V230:TransformerWinding:TR2_high_ftap","PALOUSE:VANTAGE:V230:TransformerWinding:TR2_high_wnd","PALOUSE:VANTAGE:V230:Junction:6248"
"PALOUSE:VANTAGE:V230:TransformerWinding:TR3_high_ftap","PALOUSE:VANTAGE:V230:TransformerWinding:TR3_high_wnd","PALOUSE:VANTAGE:V230:Junction:8758"
"PUGET:EVERETT:V230:TransformerWinding:CRATR 30_ttap","PUGET:EVERETT:V230:TransformerWinding:CRATR 30_wnd","PUGET:EVERETT:V24:Junction:14"
"PUGET:EVERETT:V230:TransformerWinding:CRATR 35_ttap","PUGET:EVERETT:V230:TransformerWinding:CRATR 35_wnd","PUGET:EVERETT:V24:Junction:15"
"PUGET:TACOMA:V230:TransformerWinding:TAC TR 39_ttap","PUGET:TACOMA:V230:TransformerWinding:TAC TR 39_wnd","PUGET:TACOMA:V138:Junction:3050"
"PUGET:TACOMA:V138:TransformerWinding:TAC TR 41_ttap","PUGET:TACOMA:V138:TransformerWinding:TAC TR 41_wnd","PUGET:TACOMA:V24:Junction:14"
"PUGET:CHEHALIS:V230:TransformerWinding:FARTR 45_ttap","PUGET:CHEHALIS:V230:TransformerWinding:FARTR 45_wnd","PUGET:CHEHALIS:V138:Junction:16"
"PUGET:CHEHALIS:V230:TransformerWinding:FARTR 48_ttap","PUGET:CHEHALIS:V230:TransformerWinding:FARTR 48_wnd","PUGET:CHEHALIS:V24:Junction:17"
"PUGET:AIRPORT:V230:TransformerWinding:HOMTR 57_ttap","PUGET:AIRPORT:V230:TransformerWinding:HOMTR 57_wnd","PUGET:AIRPORT:V24:Junction:17"
"PUGET:LONGVIEW:V230:TransformerWinding:JENTR 59_ttap","PUGET:LONGVIEW:V230:TransformerWinding:JENTR 59_wnd","PUGET:LONGVIEW:V69:Junction:11"
"PUGET:PORT ANGELES:V230:TransformerWinding:KINTR 63_ttap","PUGET:PORT ANGELES:V230:TransformerWinding:KINTR 63_wnd","PUGET:PORT ANGELES:V138:Junction:2904"
"PUGET:REDMOND:V230:TransformerWinding:MOSTR 70_ttap","PUGET:REDMOND:V230:TransformerWinding:MOSTR 70_wnd","PUGET:REDMOND:V69:Junction:2063"
"PUGET:BELLEVUE:V230:TransformerWinding:OAKTR 74_ttap","PUGET:BELLEVUE:V230:TransformerWinding:OAKTR 74_wnd","PUGET:BELLEVUE:V69:Junction:13"
"PUGET:MT VERNON:V230:TransformerWinding:GRTR_high_ttap","PUGET:MT VERNON:V230:TransformerWinding:GRTR_high_wnd","PUGET:MT VERNON:V24:Junction:1841"
"PALOUSE:ELLENSBURG:V138:TransformerWinding:G1_high_ttap","PALOUSE:ELLENSBURG:V138:TransformerWinding:G1_high_wnd","PALOUSE:ELLENSBURG:V13.8:BusBarSection:G1"
"PALOUSE:ELLENSBURG:V138:TransformerWinding:G2_high_ttap","PALOUSE:ELLENSBURG:V138:TransformerWinding:G2_high_wnd","PALOUSE:ELLENSBURG:V13.8:BusBarSection:G2"
"PALOUSE:ELLENSBURG:V138:TransformerWinding:G3_high_ttap","PALOUSE:ELLENSBURG:V138:TransformerWinding:G3_high_wnd","PALOUSE:ELLENSBURG:V13.8:BusBarSection:G3"
"PALOUSE:ELLENSBURG:V138:TransformerWinding:G4_high_ttap","PALOUSE:ELLENSBURG:V138:TransformerWinding:G4_high_wnd","PALOUSE:ELLENSBURG:V4.18:BusBarSection:G4"
"PALOUSE:ELLENSBURG:V230:TransformerWinding:T1_high_ttap","PALOUSE:ELLENSBURG:V230:TransformerWinding:T1_high_wnd","PALOUSE:ELLENSBURG:V138:Junction:2275"
"PALOUSE:ELLENSBURG:V230:TransformerWinding:T2_high_ttap","PALOUSE:ELLENSBURG:V230:TransformerWinding:T2_high_wnd","PALOUSE:ELLENSBURG:V138:Junction:2274"
"PALOUSE:CHENEY:V115:TransformerWinding:G_1_2_high_ttap","PALOUSE:CHENEY:V115:TransformerWinding:G_1_2_high_wnd","PALOUSE:CHENEY:V13.8:BusBarSection:G_1_2"
"PALOUSE:CHENEY:V115:TransformerWinding:G_2_4_high_ttap","PALOUSE:CHENEY:V115:TransformerWinding:G_2_4_high_wnd","PALOUSE:CHENEY:V13.8:BusBarSection:G_3_4"
"PALOUSE:CHENEY:V115:TransformerWinding:SS1_high_ttap","PALOUSE:CHENEY:V115:TransformerWinding:SS1_high_wnd","PALOUSE:CHENEY:V.480:Junction:2354"
"PALOUSE:CHENEY:V115:TransformerWinding:SS2_high_ttap","PALOUSE:CHENEY:V115:TransformerWinding:SS2_high_wnd","PALOUSE:CHENEY:V.480:Junction:2358"
"PALOUSE:CHENEY:V230:TransformerWinding:T1_high_ttap","PALOUSE:CHENEY:V230:TransformerWinding:T1_high_wnd","PALOUSE:CHENEY:V115:Junction:2444"
"PALOUSE:CHENEY:V230:TransformerWinding:T2_high_ttap","PALOUSE:CHENEY:V230:TransformerWinding:T2_high_wnd","PALOUSE:CHENEY:V115:Junction:2443"
"COLUMBIA:FINLEY:V230:TransformerWinding:T_1_high_ttap","COLUMBIA:FINLEY:V230:TransformerWinding:T_1_high_wnd","COLUMBIA:FINLEY:V13.8:Junction:2478"
"COLUMBIA:FINLEY:V230:TransformerWinding:T_2_high_ttap","COLUMBIA:FINLEY:V230:TransformerWinding:T_2_high_wnd","COLUMBIA:FINLEY:V13.8:Junction:2481"
"COLUMBIA:FINLEY:V230:TransformerWinding:T_3_high_ttap","COLUMBIA:FINLEY:V230:TransformerWinding:T_3_high_wnd","COLUMBIA:FINLEY:V13.8:Junction:2480"
"COLUMBIA:FINLEY:V230:TransformerWinding:T_4_high_ttap","COLUMBIA:FINLEY:V230:TransformerWinding:T_4_high_wnd","COLUMBIA:FINLEY:V13.8:Junction:2479"
"COLUMBIA:YAKIMA:V115:TransformerWinding:ETR1_high_ttap","COLUMBIA:YAKIMA:V115:TransformerWinding:ETR1_high_wnd","COLUMBIA:YAKIMA:V13.8:Junction:3756"
"COLUMBIA:YAKIMA:V115:TransformerWinding:WTR1_high_ttap","COLUMBIA:YAKIMA:V115:TransformerWinding:WTR1_high_wnd","COLUMBIA:YAKIMA:V13.8:Junction:3754"
"COLUMBIA:YAKIMA:V230:TransformerWinding:WTR2_high_ttap","COLUMBIA:YAKIMA:V230:TransformerWinding:WTR2_high_wnd","COLUMBIA:YAKIMA:V115:Junction:3750"
"COLUMBIA:YAKIMA:V230:TransformerWinding:ETR2_high_ttap","COLUMBIA:YAKIMA:V230:TransformerWinding:ETR2_high_wnd","COLUMBIA:YAKIMA:V115:Junction:3751"
"COLUMBIA:YAKIMA:V230:TransformerWinding:TR3_high_ttap","COLUMBIA:YAKIMA:V230:TransformerWinding:TR3_high_wnd","COLUMBIA:YAKIMA:V115:Junction:4075"
"COLUMBIA:FINLEY:V230:TransformerWinding:TR 1_high_ttap","COLUMBIA:FINLEY:V230:TransformerWinding:TR 1_high_wnd","COLUMBIA:FINLEY:V115:Junction:4086"
"COLUMBIA:SUNNYSIDE:V115:TransformerWinding:TR 2_high_ttap","COLUMBIA:SUNNYSIDE:V115:TransformerWinding:TR 2_high_wnd","COLUMBIA:SUNNYSIDE:V12.5:Junction:4118"
"COLUMBIA:SUNNYSIDE:V115:TransformerWinding:TR 1_high_ttap","COLUMBIA:SUNNYSIDE:V115:TransformerWinding:TR 1_high_wnd","COLUMBIA:SUNNYSIDE:V12.5:Junction:4103"
"COLUMBIA:FINLEY:V230:TransformerWinding:TR 2_high_ttap","COLUMBIA:FINLEY:V230:TransformerWinding:TR 2_high_wnd","COLUMBIA:FINLEY:V115:Junction:4150"
"COLUMBIA:GRANDVIEW:V115:TransformerWinding:TR1_high_ttap","COLUMBIA:GRANDVIEW:V115:TransformerWinding:TR1_high_wnd","COLUMBIA:GRANDVIEW:V12.5:Junction:4327"
"COLUMBIA:PROSSER:V115:TransformerWinding:TR-RIVER_high_ttap","COLUMBIA:PROSSER:V115:TransformerWinding:TR-RIVER_high_wnd","COLUMBIA:PROSSER:V12.5:Junction:4384"
"COLUMBIA:BENTON:V115:TransformerWinding:TR-IAN_high_ttap","COLUMBIA:BENTON:V115:TransformerWinding:TR-IAN_high_wnd","COLUMBIA:BENTON:V12.5:Junction:4417"
"COLUMBIA:RICHLAND:V115:TransformerWinding:TR-ZIP_high_ttap","COLUMBIA:RICHLAND:V115:TransformerWinding:TR-ZIP_high_wnd","COLUMBIA:RICHLAND:V12.5:Junction:4451"
"COLUMBIA:KENNEWICK:V115:TransformerWinding:TR-SNOOP_high_ttap","COLUMBIA:KENNEWICK:V115:TransformerWinding:TR-SNOOP_high_wnd","COLUMBIA:KENNEWICK:V12.5:Junction:4491"
"COLUMBIA:PASCO:V115:TransformerWinding:TR-LEMON_high_ttap","COLUMBIA:PASCO:V115:TransformerWinding:TR-LEMON_high_wnd","COLUMBIA:PASCO:V12.5:Junction:4532"
"PALOUSE:QUINCY:V115:TransformerWinding:TR1_high_ttap","PALOUSE:QUINCY:V115:TransformerWinding:TR1_high_wnd","PALOUSE:QUINCY:V33:BusBarSection:EAST_BUS"
"PALOUSE:QUINCY:V115:TransformerWinding:TR2_high_ttap","PALOUSE:QUINCY:V115:TransformerWinding:TR2_high_wnd","PALOUSE:QUINCY:V33:BusBarSection:WEST_BUS"
"PALOUSE:ELLENSBURG:V230:TransformerWinding:T3_high_ttap","PALOUSE:ELLENSBURG:V230:TransformerWinding:T3_high_wnd","PALOUSE:ELLENSBURG:V115:Junction:4596"
"PALOUSE:EPHRATA:V115:TransformerWinding:TR2_high_ttap","PALOUSE:EPHRATA:V115:TransformerWinding:TR2_high_wnd","PALOUSE:EPHRATA:V12.5:Junction:4681"
"PALOUSE:EPHRATA:V115:TransformerWinding:TR3_high_ttap","PALOUSE:EPHRATA:V115:TransformerWinding:TR3_high_wnd","PALOUSE:EPHRATA:V12.5:Junction:4682"
"PALOUSE:CHENEY:V230:TransformerWinding:T3_high_ttap","PALOUSE:CHENEY:V230:TransformerWinding:T3_high_wnd","PALOUSE:CHENEY:V115:Junction:4726"
"PALOUSE:GLOYD:V115:TransformerWinding:TR1_high_ttap","PALOUSE:GLOYD:V115:TransformerWinding:TR1_high_wnd","PALOUSE:GLOYD:V12.5:BusBarSection:BUS 1"
"PALOUSE:GLOYD:V115:TransformerWinding:TR2_high_ttap","PALOUSE:GLOYD:V115:TransformerWinding:TR2_high_wnd","PALOUSE:GLOYD:V12.5:BusBarSection:BUS 2"
"PALOUSE:GLOYD:V115:TransformerWinding:TR3_high_ttap","PALOUSE:GLOYD:V115:TransformerWinding:TR3_high_wnd","PALOUSE:GLOYD:V12.5:BusBarSection:BUS 3"
"PUGET:SATSOP:V500:TransformerWinding:POD GEN W_high_ttap","PUGET:SATSOP:V500:TransformerWinding:POD GEN W_high_wnd","PUGET:SATSOP:V24:Junction:5156"
"PUGET:SATSOP:V500:TransformerWinding:POD GEN E_high_ttap","PUGET:SATSOP:V500:TransformerWinding:POD GEN E_high_wnd","PUGET:SATSOP:V24:Junction:5155"
"PUGET:SATSOP:V500:TransformerWinding:POD 500_230_high_ttap","PUGET:SATSOP:V500:TransformerWinding:POD 500_230_high_wnd","PUGET:SATSOP:V230:Junction:5104"
"PUGET:SATSOP:V230:TransformerWinding:POD 230_24_high_ttap","PUGET:SATSOP:V230:TransformerWinding:POD 230_24_high_wnd","PUGET:SATSOP:V24:Junction:5157"
"PUGET:SATSOP:V24:TransformerWinding:SS TR 1_high_ttap","PUGET:SATSOP:V24:TransformerWinding:SS TR 1_high_wnd","PUGET:SATSOP:V4.18:Junction:5199"
"PUGET:SATSOP:V24:TransformerWinding:SS TR 2_high_ttap","PUGET:SATSOP:V24:TransformerWinding:SS TR 2_high_wnd","PUGET:SATSOP:V4.18:Junction:5196"
"PALOUSE:SPOKANE:V115:TransformerWinding:TR3_high_ttap","PALOUSE:SPOKANE:V115:TransformerWinding:TR3_high_wnd","PALOUSE:SPOKANE:V12.5:Junction:5344"
"PALOUSE:SPOKANE:V115:TransformerWinding:TR2_high_ttap","PALOUSE:SPOKANE:V115:TransformerWinding:TR2_high_wnd","PALOUSE:SPOKANE:V12.5:Junction:5356"
"PALOUSE:SPOKANE:V115:TransformerWinding:TR1_high_ttap","PALOUSE:SPOKANE:V115:TransformerWinding:TR1_high_wnd","PALOUSE:SPOKANE:V12.5:Junction:5338"
"PALOUSE:WENATCHEE:V500:TransformerWinding:TGR 500-230 TR_high_ttap","PALOUSE:WENATCHEE:V500:TransformerWinding:TGR 500-230 TR_high_wnd","PALOUSE:WENATCHEE:V230:Junction:7754"
"COLUMBIA:WALLA WALLA:V500:TransformerWinding:MOO 500-230_high_ttap","COLUMBIA:WALLA WALLA:V500:TransformerWinding:MOO 500-230_high_wnd","COLUMBIA:WALLA WALLA:V230:Junction:5746"
"PALOUSE:VALLEY:V115:TransformerWinding:TR3_high_ttap","PALOUSE:VALLEY:V115:TransformerWinding:TR3_high_wnd","PALOUSE:VALLEY:V12.5:BusBarSection:BUS 3"
"PALOUSE:VALLEY:V115:TransformerWinding:TR2_high_ttap","PALOUSE:VALLEY:V115:TransformerWinding:TR2_high_wnd","PALOUSE:VALLEY:V12.5:BusBarSection:BUS 2"
"PALOUSE:VALLEY:V115:TransformerWinding:TR1_high_ttap","PALOUSE:VALLEY:V115:TransformerWinding:TR1_high_wnd","PALOUSE:VALLEY:V12.5:BusBarSection:BUS 1"
"PALOUSE:CHENEY:V230:TransformerWinding:T4_high_ttap","PALOUSE:CHENEY:V230:TransformerWinding:T4_high_wnd","PALOUSE:CHENEY:V115:Junction:5944"
"COLUMBIA:FINLEY:V500:TransformerWinding:T_5_high_ttap","COLUMBIA:FINLEY:V500:TransformerWinding:T_5_high_wnd","COLUMBIA:FINLEY:V230:Junction:5854"
"COLUMBIA:YAKIMA:V500:TransformerWinding:T_500_high_ttap","COLUMBIA:YAKIMA:V500:TransformerWinding:T_500_high_wnd","COLUMBIA:YAKIMA:V230:Junction:3692"
"PALOUSE:ROCKFORD:V500:TransformerWinding:TR1_high_ttap","PALOUSE:ROCKFORD:V500:TransformerWinding:TR1_high_wnd","PALOUSE:ROCKFORD:V230:Junction:6758"
"PALOUSE:ROCKFORD:V230:TransformerWinding:TR2_high_ttap","PALOUSE:ROCKFORD:V230:TransformerWinding:TR2_high_wnd","PALOUSE:ROCKFORD:V115:Junction:6180"
"PALOUSE:ROCKFORD:V230:TransformerWinding:TR3_high_ttap","PALOUSE:ROCKFORD:V230:TransformerWinding:TR3_high_wnd","PALOUSE:ROCKFORD:V115:Junction:6179"
"PALOUSE:WHEELER:V230:TransformerWinding:TR1_high_ttap","PALOUSE:WHEELER:V230:TransformerWinding:TR1_high_wnd","PALOUSE:WHEELER:V115:Junction:6229"
"PALOUSE:WHEELER:V230:TransformerWinding:TR2_high_ttap","PALOUSE:WHEELER:V230:TransformerWinding:TR2_high_wnd","PALOUSE:WHEELER:V115:Junction:6230"
"PALOUSE:VANTAGE:V230:TransformerWinding:TR1_high_ttap","PALOUSE:VANTAGE:V230:TransformerWinding:TR1_high_wnd","PALOUSE:VANTAGE:V115:Junction:6267"
"PUGET:EVERETT:V500:TransformerWinding:EVETR 500_high_ttap","PUGET:EVERETT:V500:TransformerWinding:EVETR 500_high_wnd","PUGET:EVERETT:V230:Junction:8241"
"PALOUSE:ROCKFORD:V500:TransformerWinding:50-23 TR2_high_ttap","PALOUSE:ROCKFORD:V500:TransformerWinding:50-23 TR2_high_wnd","PALOUSE:ROCKFORD:V230:Junction:6155"
"PALOUSE:ELMER:V230:TransformerWinding:TR12_high_ttap","PALOUSE:ELMER:V230:TransformerWinding:TR12_high_wnd","PALOUSE:ELMER:V14:BusBarSection:14KV GEN BUS 1"
"PALOUSE:ELMER:V230:TransformerWinding:TR34_high_ttap","PALOUSE:ELMER:V230:TransformerWinding:TR34_high_wnd","PALOUSE:ELMER:V14:BusBarSection:14KV GEN BUS 2"
"PALOUSE:ELMER:V230:TransformerWinding:TR56_high_ttap","PALOUSE:ELMER:V230:TransformerWinding:TR56_high_wnd","PALOUSE:ELMER:V14:BusBarSection:14KV GEN BUS 3"
"PALOUSE:ELMER:V230:TransformerWinding:TR78_high_ttap","PALOUSE:ELMER:V230:TransformerWinding:TR78_high_wnd","PALOUSE:ELMER:V14:BusBarSection:14KV GEN BUS 4"
"PALOUSE:ELMER:V230:TransformerWinding:TR90_high_ttap","PALOUSE:ELMER:V230:TransformerWinding:TR90_high_wnd","PALOUSE:ELMER:V14:BusBarSection:14KV GEN BUS 5"
"PALOUSE:ELMER:V500:TransformerWinding:TR90_high_ttap","PALOUSE:ELMER:V500:TransformerWinding:TR90_high_wnd","PALOUSE:ELMER:V230:Junction:8084"
"PALOUSE:ELMER:V500:TransformerWinding:500_230 TR2_high_ttap","PALOUSE:ELMER:V500:TransformerWinding:500_230 TR2_high_wnd","PALOUSE:ELMER:V230:Junction:6965"
"PUGET:BREMERTON:V230:TransformerWinding:TR1_high_ttap","PUGET:BREMERTON:V230:TransformerWinding:TR1_high_wnd","PUGET:BREMERTON:V13.8:Junction:7412"
"PUGET:RENTON:V230:TransformerWinding:W GEN TR_high_ttap","PUGET:RENTON:V230:TransformerWinding:W GEN TR_high_wnd","PUGET:RENTON:V13.8:Junction:7460"
"PUGET:RENTON:V230:TransformerWinding:E GEN TR_high_ttap","PUGET:RENTON:V230:TransformerWinding:E GEN TR_high_wnd","PUGET:RENTON:V13.8:Junction:7458"
"PALOUSE:WENATCHEE:V500:TransformerWinding:WEN 500-230 TR2_high_ttap","PALOUSE:WENATCHEE:V500:TransformerWinding:WEN 500-230 TR2_high_wnd","PALOUSE:WENATCHEE:V230:Junction:7772"
"PALOUSE:WENATCHEE:V230:TransformerWinding:TR1A_high_ttap","PALOUSE:WENATCHEE:V230:TransformerWinding:TR1A_high_wnd","PALOUSE:WENATCHEE:V1:Junction:7547"
"PALOUSE:WENATCHEE:V14:TransformerWinding:TR1B_high_ttap","PALOUSE:WENATCHEE:V14:TransformerWinding:TR1B_high_wnd","PALOUSE:WENATCHEE:V1:Junction:7547"
"PALOUSE:WENATCHEE:V14:TransformerWinding:TRC_high_ttap","PALOUSE:WENATCHEE:V14:TransformerWinding:TRC_high_wnd","PALOUSE:WENATCHEE:V1:Junction:7547"
"PALOUSE:WENATCHEE:V14:TransformerWinding:TR2A_high_ttap","PALOUSE:WENATCHEE:V14:TransformerWinding:TR2A_high_wnd","PALOUSE:WENATCHEE:V1:Junction:7565"
"PALOUSE:WENATCHEE:V14:TransformerWinding:TR2C_high_ttap","PALOUSE:WENATCHEE:V14:TransformerWinding:TR2C_high_wnd","PALOUSE:WENATCHEE:V1:Junction:7565"
"PALOUSE:WENATCHEE:V230:TransformerWinding:TR2A_high_ttap","PALOUSE:WENATCHEE:V230:TransformerWinding:TR2A_high_wnd","PALOUSE:WENATCHEE:V1:Junction:7565"
"PALOUSE:WENATCHEE:V230:TransformerWinding:TR3A_high_ttap","PALOUSE:WENATCHEE:V230:TransformerWinding:TR3A_high_wnd","PALOUSE:WENATCHEE:V1:Junction:7563"
"PALOUSE:WENATCHEE:V14:TransformerWinding:TR3B_high_ttap","PALOUSE:WENATCHEE:V14:TransformerWinding:TR3B_high_wnd","PALOUSE:WENATCHEE:V1:Junction:7563"
"PALOUSE:WENATCHEE:V14:TransformerWinding:TR3C_high_ttap","PALOUSE:WENATCHEE:V14:TransformerWinding:TR3C_high_wnd","PALOUSE:WENATCHEE:V1:Junction:7563"
"PALOUSE:WENATCHEE:V230:TransformerWinding:TR4A_high_ttap","PALOUSE:WENATCHEE:V230:TransformerWinding:TR4A_high_wnd","PALOUSE:WENATCHEE:V1:Junction:7564"
"PALOUSE:WENATCHEE:V14:TransformerWinding:TR4B_high_ttap","PALOUSE:WENATCHEE:V14:TransformerWinding:TR4B_high_wnd","PALOUSE:WENATCHEE:V1:Junction:7564"
"PALOUSE:WENATCHEE:V14:TransformerWinding:TR4C_high_ttap","PALOUSE:WENATCHEE:V14:TransformerWinding:TR4C_high_wnd","PALOUSE:WENATCHEE:V1:Junction:7564"
"PALOUSE:WENATCHEE:V230:TransformerWinding:T5A_high_ttap","PALOUSE:WENATCHEE:V230:TransformerWinding:T5A_high_wnd","PALOUSE:WENATCHEE:V1:Junction:7566"
"PALOUSE:WENATCHEE:V14:TransformerWinding:TR5B_high_ttap","PALOUSE:WENATCHEE:V14:TransformerWinding:TR5B_high_wnd","PALOUSE:WENATCHEE:V1:Junction:7566"
"PALOUSE:WENATCHEE:V14:TransformerWinding:TR5C_high_ttap","PALOUSE:WENATCHEE:V14:TransformerWinding:TR5C_high_wnd","PALOUSE:WENATCHEE:V1:Junction:7566"
"PALOUSE:WENATCHEE:V14:TransformerWinding:TR110_high_ttap","PALOUSE:WENATCHEE:V14:TransformerWinding:TR110_high_wnd","PALOUSE:WENATCHEE:V4.18:Junction:7862"
"PALOUSE:WENATCHEE:V14:TransformerWinding:TR120_high_ttap","PALOUSE:WENATCHEE:V14:TransformerWinding:TR120_high_wnd","PALOUSE:WENATCHEE:V4.18:Junction:7868"
"PALOUSE:WENATCHEE:V14:TransformerWinding:TR210_high_ttap","PALOUSE:WENATCHEE:V14:TransformerWinding:TR210_high_wnd","PALOUSE:WENATCHEE:V4.18:Junction:7865"
"PALOUSE:WENATCHEE:V14:TransformerWinding:TR2200_high_ttap","PALOUSE:WENATCHEE:V14:TransformerWinding:TR2200_high_wnd","PALOUSE:WENATCHEE:V4.18:Junction:7866"
"PALOUSE:WENATCHEE:V14:TransformerWinding:TR310_high_ttap","PALOUSE:WENATCHEE:V14:TransformerWinding:TR310_high_wnd","PALOUSE:WENATCHEE:V4.18:Junction:7861"
"PALOUSE:WENATCHEE:V14:TransformerWinding:TR320_high_ttap","PALOUSE:WENATCHEE:V14:TransformerWinding:TR320_high_wnd","PALOUSE:WENATCHEE:V4.18:Junction:7867"
"PALOUSE:WENATCHEE:V14:TransformerWinding:TR410_high_ttap","PALOUSE:WENATCHEE:V14:TransformerWinding:TR410_high_wnd","PALOUSE:WENATCHEE:V4.18:Junction:7863"
"PALOUSE:WENATCHEE:V14:TransformerWinding:TR420_high_ttap","PALOUSE:WENATCHEE:V14:TransformerWinding:TR420_high_wnd","PALOUSE:WENATCHEE:V4.18:Junction:7864"
"PUGET:AUBURN:V500:TransformerWinding:AUB 500-230 TR1_high_ttap","PUGET:AUBURN:V500:TransformerWinding:AUB 500-230 TR1_high_wnd","PUGET:AUBURN:V230:Junction:8219"
"PUGET:AUBURN:V500:TransformerWinding:AUB 500-230 TR2_high_ttap","PUGET:AUBURN:V500:TransformerWinding:AUB 500-230 TR2_high_wnd","PUGET:AUBURN:V230:Junction:10"
"PUGET:TACOMA:V230:TransformerWinding:TAC TR2_high_ttap","PUGET:TACOMA:V230:TransformerWinding:TAC TR2_high_wnd","PUGET:TACOMA:V24:Junction:3633"
"PUGET:VANCOUVER:V230:TransformerWinding:VANC T1_high_ttap","PUGET:VANCOUVER:V230:TransformerWinding:VANC T1_high_wnd","PUGET:VANCOUVER:V24:BusBarSection:GEN BUS"
"PALOUSE:LIBERTY:V24:TransformerWinding:DIESEL T1_high_ttap","PALOUSE:LIBERTY:V24:TransformerWinding:DIESEL T1_high_wnd","PALOUSE:LIBERTY:V13.8:Junction:3238"
"PALOUSE:LIBERTY:V230:TransformerWinding:LIB TR1_high_ttap","PALOUSE:LIBERTY:V230:TransformerWinding:LIB TR1_high_wnd","PALOUSE:LIBERTY:V24:Junction:3249"
"PALOUSE:LIBERTY:V230:TransformerWinding:LIB TR2_high_ttap","PALOUSE:LIBERTY:V230:TransformerWinding:LIB TR2_high_wnd","PALOUSE:LIBERTY:V24:Junction:3216"
"COLUMBIA:WALLA WALLA:V230:TransformerWinding:TR_1_high_ttap","COLUMBIA:WALLA WALLA:V230:TransformerWinding:TR_1_high_wnd","COLUMBIA:WALLA WALLA:V21.6:Junction:8929"
"COLUMBIA:WALLA WALLA:V230:TransformerWinding:TR_2_high_ttap","COLUMBIA:WALLA WALLA:V230:TransformerWinding:TR_2_high_wnd","COLUMBIA:WALLA WALLA:V21.6:Junction:8930"
"COLUMBIA:WALLA WALLA:V230:TransformerWinding:TR_3_high_ttap","COLUMBIA:WALLA WALLA:V230:TransformerWinding:TR_3_high_wnd","COLUMBIA:WALLA WALLA:V33:Junction:8928"
"COLUMBIA:PULLMAN:V500:TransformerWinding:TR_1_high_ttap","COLUMBIA:PULLMAN:V500:TransformerWinding:TR_1_high_wnd","COLUMBIA:PULLMAN:V230:Junction:8591"
"COLUMBIA:COYOTE RIDGE:V230:TransformerWinding:_high_ttap","COLUMBIA:COYOTE RIDGE:V230:TransformerWinding:_high_wnd","COLUMBIA:COYOTE RIDGE:V33:BusBarSection:33KV BUS"
"COLUMBIA:COYOTE RIDGE:V230:TransformerWinding:TR2_high_ttap","COLUMBIA:COYOTE RIDGE:V230:TransformerWinding:TR2_high_wnd","COLUMBIA:COYOTE RIDGE:V21.6:BusBarSection:21.6KV BUS"
"PALOUSE:ST JOHN:V230:TransformerWinding:TR1_high_ttap","PALOUSE:ST JOHN:V230:TransformerWinding:TR1_high_wnd","PALOUSE:ST JOHN:V24:Junction:8809"
"PALOUSE:VANTAGE:V230:TransformerWinding:TR2_high_ttap","PALOUSE:VANTAGE:V230:TransformerWinding:TR2_high_wnd","PALOUSE:VANTAGE:V24:Junction:8832"
"PALOUSE:VANTAGE:V230:TransformerWinding:TR3_high_ttap","PALOUSE:VANTAGE:V230:TransformerWinding:TR3_high_wnd","PALOUSE:VANTAGE:V33:Junction:8831"
