"ID","TransformerWinding","TapNode"
"PUGET:EVERETT:V230:TransformerWinding:CRATR 30_ftap","PUGET:EVERETT:V230:TransformerWinding:CRATR 30_fwnd","PUGET:EVERETT:V230:BusBarSection:CAP BUS"
"PUGET:EVERETT:V230:TransformerWinding:CRATR 35_ftap","PUGET:EVERETT:V230:TransformerWinding:CRATR 35_fwnd","PUGET:EVERETT:V230:BusBarSection:CAP BUS"
"PUGET:TACOMA:V230:TransformerWinding:TAC TR 39_ftap","PUGET:TACOMA:V230:TransformerWinding:TAC TR 39_fwnd","PUGET:TACOMA:V230:BusBarSection:BUS 2"
"PUGET:TACOMA:V138:TransformerWinding:TAC TR 41_ftap","PUGET:TACOMA:V138:TransformerWinding:TAC TR 41_fwnd","PUGET:TACOMA:V138:BusBarSection:BUS 3"
"PUGET:CHEHALIS:V230:TransformerWinding:FARTR 45_ftap","PUGET:CHEHALIS:V230:TransformerWinding:FARTR 45_fwnd","PUGET:CHEHALIS:V230:BusBarSection:BUS 2"
"PUGET:CHEHALIS:V230:TransformerWinding:FARTR 48_ftap","PUGET:CHEHALIS:V230:TransformerWinding:FARTR 48_fwnd","PUGET:CHEHALIS:V230:BusBarSection:BUS 2"
"PUGET:AIRPORT:V230:TransformerWinding:HOMTR 57_ftap","PUGET:AIRPORT:V230:TransformerWinding:HOMTR 57_fwnd","PUGET:AIRPORT:V230:BusBarSection:BUS 2"
"PUGET:LONGVIEW:V230:TransformerWinding:JENTR 59_ftap","PUGET:LONGVIEW:V230:TransformerWinding:JENTR 59_fwnd","PUGET:LONGVIEW:V230:BusBarSection:BUS 2"
"PUGET:PORT ANGELES:V230:TransformerWinding:KINTR 63_ftap","PUGET:PORT ANGELES:V230:TransformerWinding:KINTR 63_fwnd","PUGET:PORT ANGELES:V230:BusBarSection:BUS 1"
"PUGET:REDMOND:V230:TransformerWinding:MOSTR 70_ftap","PUGET:REDMOND:V230:TransformerWinding:MOSTR 70_fwnd","PUGET:REDMOND:V230:BusBarSection:CAP BUS"
"PUGET:BELLEVUE:V230:TransformerWinding:OAKTR 74_ftap","PUGET:BELLEVUE:V230:TransformerWinding:OAKTR 74_fwnd","PUGET:BELLEVUE:V230:BusBarSection:BUS 2"
"PUGET:MT VERNON:V230:TransformerWinding:GRTR_high_ftap","PUGET:MT VERNON:V230:TransformerWinding:GRTR_high_fwnd","PUGET:MT VERNON:V230:BusBarSection:LOOP BUS"
"PALOUSE:ELLENSBURG:V138:TransformerWinding:G1_high_ftap","PALOUSE:ELLENSBURG:V138:TransformerWinding:G1_high_fwnd","PALOUSE:ELLENSBURG:V138:BusBarSection:GEN BUS"
"PALOUSE:ELLENSBURG:V138:TransformerWinding:G2_high_ftap","PALOUSE:ELLENSBURG:V138:TransformerWinding:G2_high_fwnd","PALOUSE:ELLENSBURG:V138:BusBarSection:GEN BUS"
"PALOUSE:ELLENSBURG:V138:TransformerWinding:G3_high_ftap","PALOUSE:ELLENSBURG:V138:TransformerWinding:G3_high_fwnd","PALOUSE:ELLENSBURG:V138:BusBarSection:GEN BUS"
"PALOUSE:ELLENSBURG:V138:TransformerWinding:G4_high_ftap","PALOUSE:ELLENSBURG:V138:TransformerWinding:G4_high_fwnd","PALOUSE:ELLENSBURG:V138:BusBarSection:GEN BUS"
"PALOUSE:ELLENSBURG:V230:TransformerWinding:T1_high_ftap","PALOUSE:ELLENSBURG:V230:TransformerWinding:T1_high_fwnd","PALOUSE:ELLENSBURG:V230:BusBarSection:NORTH BUS"
"PALOUSE:ELLENSBURG:V230:TransformerWinding:T2_high_ftap","PALOUSE:ELLENSBURG:V230:TransformerWinding:T2_high_fwnd","PALOUSE:ELLENSBURG:V230:BusBarSection:NORTH BUS"
"PALOUSE:CHENEY:V115:TransformerWinding:G_1_2_high_ftap","PALOUSE:CHENEY:V115:TransformerWinding:G_1_2_high_fwnd","PALOUSE:CHENEY:V115:BusBarSection:GEN_BUS_W"
"PALOUSE:CHENEY:V115:TransformerWinding:G_2_4_high_ftap","PALOUSE:CHENEY:V115:TransformerWinding:G_2_4_high_fwnd","PALOUSE:CHENEY:V115:BusBarSection:GEN_BUS_W"
"PALOUSE:CHENEY:V115:TransformerWinding:SS1_high_ftap","PALOUSE:CHENEY:V115:TransformerWinding:SS1_high_fwnd","PALOUSE:CHENEY:V115:BusBarSection:GEN_BUS_W"
"PALOUSE:CHENEY:V115:TransformerWinding:SS2_high_ftap","PALOUSE:CHENEY:V115:TransformerWinding:SS2_high_fwnd","PALOUSE:CHENEY:V115:BusBarSection:GEN_BUS_W"
"PALOUSE:CHENEY:V230:TransformerWinding:T1_high_ftap","PALOUSE:CHENEY:V230:TransformerWinding:T1_high_fwnd","PALOUSE:CHENEY:V230:BusBarSection:MAIN_BUS"
"PALOUSE:CHENEY:V230:TransformerWinding:T2_high_ftap","PALOUSE:CHENEY:V230:TransformerWinding:T2_high_fwnd","PALOUSE:CHENEY:V230:BusBarSection:MAIN_BUS"
"COLUMBIA:FINLEY:V230:TransformerWinding:T_1_high_ftap","COLUMBIA:FINLEY:V230:TransformerWinding:T_1_high_fwnd","COLUMBIA:FINLEY:V230:BusBarSection:SOUTH BUS"
"COLUMBIA:FINLEY:V230:TransformerWinding:T_2_high_ftap","COLUMBIA:FINLEY:V230:TransformerWinding:T_2_high_fwnd","COLUMBIA:FINLEY:V230:BusBarSection:SOUTH BUS"
"COLUMBIA:FINLEY:V230:TransformerWinding:T_3_high_ftap","COLUMBIA:FINLEY:V230:TransformerWinding:T_3_high_fwnd","COLUMBIA:FINLEY:V230:BusBarSection:SOUTH BUS"
"COLUMBIA:FINLEY:V230:TransformerWinding:T_4_high_ftap","COLUMBIA:FINLEY:V230:TransformerWinding:T_4_high_fwnd","COLUMBIA:FINLEY:V230:BusBarSection:SOUTH BUS"
"COLUMBIA:YAKIMA:V115:TransformerWinding:ETR1_high_ftap","COLUMBIA:YAKIMA:V115:TransformerWinding:ETR1_high_fwnd","COLUMBIA:YAKIMA:V115:BusBarSection:EAST GEN BUS"
"COLUMBIA:YAKIMA:V115:TransformerWinding:WTR1_high_ftap","COLUMBIA:YAKIMA:V115:TransformerWinding:WTR1_high_fwnd","COLUMBIA:YAKIMA:V115:BusBarSection:WEST GEN BUS"
"COLUMBIA:YAKIMA:V230:TransformerWinding:WTR2_high_ftap","COLUMBIA:YAKIMA:V230:TransformerWinding:WTR2_high_fwnd","COLUMBIA:YAKIMA:V230:BusBarSection:MAIN BUS"
"COLUMBIA:YAKIMA:V230:TransformerWinding:ETR2_high_ftap","COLUMBIA:YAKIMA:V230:TransformerWinding:ETR2_high_fwnd","COLUMBIA:YAKIMA:V230:BusBarSection:MAIN BUS"
"COLUMBIA:YAKIMA:V230:TransformerWinding:TR3_high_ftap","COLUMBIA:YAKIMA:V230:TransformerWinding:TR3_high_fwnd","COLUMBIA:YAKIMA:V230:BusBarSection:MAIN BUS"
"COLUMBIA:FINLEY:V230:TransformerWinding:TR 1_high_ftap","COLUMBIA:FINLEY:V230:TransformerWinding:TR 1_high_fwnd","COLUMBIA:FINLEY:V230:BusBarSection:SOUTH BUS"
"COLUMBIA:SUNNYSIDE:V115:TransformerWinding:TR 2_high_ftap","COLUMBIA:SUNNYSIDE:V115:TransformerWinding:TR 2_high_fwnd","COLUMBIA:SUNNYSIDE:V115:Junction:3994"
"COLUMBIA:SUNNYSIDE:V115:TransformerWinding:TR 1_high_ftap","COLUMBIA:SUNNYSIDE:V115:TransformerWinding:TR 1_high_fwnd","COLUMBIA:SUNNYSIDE:V115:Junction:3994"
"COLUMBIA:FINLEY:V230:TransformerWinding:TR 2_high_ftap","COLUMBIA:FINLEY:V230:TransformerWinding:TR 2_high_fwnd","COLUMBIA:FINLEY:V230:BusBarSection:SOUTH BUS"
"COLUMBIA:GRANDVIEW:V115:TransformerWinding:TR1_high_ftap","COLUMBIA:GRANDVIEW:V115:TransformerWinding:TR1_high_fwnd","COLUMBIA:GRANDVIEW:V115:Junction:4321"
"COLUMBIA:PROSSER:V115:TransformerWinding:TR-RIVER_high_ftap","COLUMBIA:PROSSER:V115:TransformerWinding:TR-RIVER_high_fwnd","COLUMBIA:PROSSER:V115:Junction:4394"
"COLUMBIA:BENTON:V115:TransformerWinding:TR-IAN_high_ftap","COLUMBIA:BENTON:V115:TransformerWinding:TR-IAN_high_fwnd","COLUMBIA:BENTON:V115:Junction:4435"
"COLUMBIA:RICHLAND:V115:TransformerWinding:TR-ZIP_high_ftap","COLUMBIA:RICHLAND:V115:TransformerWinding:TR-ZIP_high_fwnd","COLUMBIA:RICHLAND:V115:Junction:4469"
"COLUMBIA:KENNEWICK:V115:TransformerWinding:TR-SNOOP_high_ftap","COLUMBIA:KENNEWICK:V115:TransformerWinding:TR-SNOOP_high_fwnd","COLUMBIA:KENNEWICK:V115:Junction:4508"
"COLUMBIA:PASCO:V115:TransformerWinding:TR-LEMON_high_ftap","COLUMBIA:PASCO:V115:TransformerWinding:TR-LEMON_high_fwnd","COLUMBIA:PASCO:V115:Junction:4530"
"PALOUSE:QUINCY:V115:TransformerWinding:TR1_high_ftap","PALOUSE:QUINCY:V115:TransformerWinding:TR1_high_fwnd","PALOUSE:QUINCY:V115:BusBarSection:2"
"PALOUSE:QUINCY:V115:TransformerWinding:TR2_high_ftap","PALOUSE:QUINCY:V115:TransformerWinding:TR2_high_fwnd","PALOUSE:QUINCY:V115:BusBarSection:1"
"PALOUSE:ELLENSBURG:V230:TransformerWinding:T3_high_ftap","PALOUSE:ELLENSBURG:V230:TransformerWinding:T3_high_fwnd","PALOUSE:ELLENSBURG:V230:BusBarSection:NORTH BUS"
"PALOUSE:EPHRATA:V115:TransformerWinding:TR2_high_ftap","PALOUSE:EPHRATA:V115:TransformerWinding:TR2_high_fwnd","PALOUSE:EPHRATA:V115:BusBarSection:1"
"PALOUSE:EPHRATA:V115:TransformerWinding:TR3_high_ftap","PALOUSE:EPHRATA:V115:TransformerWinding:TR3_high_fwnd","PALOUSE:EPHRATA:V115:BusBarSection:2"
"PALOUSE:CHENEY:V230:TransformerWinding:T3_high_ftap","PALOUSE:CHENEY:V230:TransformerWinding:T3_high_fwnd","PALOUSE:CHENEY:V230:BusBarSection:MAIN_BUS"
"PALOUSE:GLOYD:V115:TransformerWinding:TR1_high_ftap","PALOUSE:GLOYD:V115:TransformerWinding:TR1_high_fwnd","PALOUSE:GLOYD:V115:BusBarSection:3"
"PALOUSE:GLOYD:V115:TransformerWinding:TR2_high_ftap","PALOUSE:GLOYD:V115:TransformerWinding:TR2_high_fwnd","PALOUSE:GLOYD:V115:BusBarSection:3"
"PALOUSE:GLOYD:V115:TransformerWinding:TR3_high_ftap","PALOUSE:GLOYD:V115:TransformerWinding:TR3_high_fwnd","PALOUSE:GLOYD:V115:BusBarSection:2"
"PUGET:SATSOP:V500:TransformerWinding:POD GEN W_high_ftap","PUGET:SATSOP:V500:TransformerWinding:POD GEN W_high_fwnd","PUGET:SATSOP:V500:Junction:8130"
"PUGET:SATSOP:V500:TransformerWinding:POD GEN E_high_ftap","PUGET:SATSOP:V500:TransformerWinding:POD GEN E_high_fwnd","PUGET:SATSOP:V500:Junction:8130"
"PUGET:SATSOP:V500:TransformerWinding:POD 500_230_high_ftap","PUGET:SATSOP:V500:TransformerWinding:POD 500_230_high_fwnd","PUGET:SATSOP:V500:Junction:8130"
"PUGET:SATSOP:V230:TransformerWinding:POD 230_24_high_ftap","PUGET:SATSOP:V230:TransformerWinding:POD 230_24_high_fwnd","PUGET:SATSOP:V230:Junction:5130"
"PUGET:SATSOP:V24:TransformerWinding:SS TR 1_high_ftap","PUGET:SATSOP:V24:TransformerWinding:SS TR 1_high_fwnd","PUGET:SATSOP:V24:BusBarSection:GEN EAST BUS"
"PUGET:SATSOP:V24:TransformerWinding:SS TR 2_high_ftap","PUGET:SATSOP:V24:TransformerWinding:SS TR 2_high_fwnd","PUGET:SATSOP:V24:BusBarSection:GEN EAST BUS"
"PALOUSE:SPOKANE:V115:TransformerWinding:TR3_high_ftap","PALOUSE:SPOKANE:V115:TransformerWinding:TR3_high_fwnd","PALOUSE:SPOKANE:V115:BusBarSection:3"
"PALOUSE:SPOKANE:V115:TransformerWinding:TR2_high_ftap","PALOUSE:SPOKANE:V115:TransformerWinding:TR2_high_fwnd","PALOUSE:SPOKANE:V115:BusBarSection:2"
"PALOUSE:SPOKANE:V115:TransformerWinding:TR1_high_ftap","PALOUSE:SPOKANE:V115:TransformerWinding:TR1_high_fwnd","PALOUSE:SPOKANE:V115:BusBarSection:2"
"PALOUSE:WENATCHEE:V500:TransformerWinding:TGR 500-230 TR_high_ftap","PALOUSE:WENATCHEE:V500:TransformerWinding:TGR 500-230 TR_high_fwnd","PALOUSE:WENATCHEE:V500:BusBarSection:SOUTH BUS"
"COLUMBIA:WALLA WALLA:V500:TransformerWinding:MOO 500-230_high_ftap","COLUMBIA:WALLA WALLA:V500:TransformerWinding:MOO 500-230_high_fwnd","COLUMBIA:WALLA WALLA:V500:Junction:5910"
"PALOUSE:VALLEY:V115:TransformerWinding:TR3_high_ftap","PALOUSE:VALLEY:V115:TransformerWinding:TR3_high_fwnd","PALOUSE:VALLEY:V115:BusBarSection:230-2"
"PALOUSE:VALLEY:V115:TransformerWinding:TR2_high_ftap","PALOUSE:VALLEY:V115:TransformerWinding:TR2_high_fwnd","PALOUSE:VALLEY:V115:BusBarSection:230-2"
"PALOUSE:VALLEY:V115:TransformerWinding:TR1_high_ftap","PALOUSE:VALLEY:V115:TransformerWinding:TR1_high_fwnd","PALOUSE:VALLEY:V115:BusBarSection:230-3"
"PALOUSE:CHENEY:V230:TransformerWinding:T4_high_ftap","PALOUSE:CHENEY:V230:TransformerWinding:T4_high_fwnd","PALOUSE:CHENEY:V230:BusBarSection:MAIN_BUS"
"COLUMBIA:FINLEY:V500:TransformerWinding:T_5_high_ftap","COLUMBIA:FINLEY:V500:TransformerWinding:T_5_high_fwnd","COLUMBIA:FINLEY:V500:Junction:8133"
"COLUMBIA:YAKIMA:V500:TransformerWinding:T_500_high_ftap","COLUMBIA:YAKIMA:V500:TransformerWinding:T_500_high_fwnd","COLUMBIA:YAKIMA:V500:Junction:6816"
"PALOUSE:ROCKFORD:V500:TransformerWinding:TR1_high_ftap","PALOUSE:ROCKFORD:V500:TransformerWinding:TR1_high_fwnd","PALOUSE:ROCKFORD:V500:Junction:6769"
"PALOUSE:ROCKFORD:V230:TransformerWinding:TR2_high_ftap","PALOUSE:ROCKFORD:V230:TransformerWinding:TR2_high_fwnd","PALOUSE:ROCKFORD:V230:Junction:6764"
"PALOUSE:ROCKFORD:V230:TransformerWinding:TR3_high_ftap","PALOUSE:ROCKFORD:V230:TransformerWinding:TR3_high_fwnd","PALOUSE:ROCKFORD:V230:Junction:6764"
"PALOUSE:WHEELER:V230:TransformerWinding:TR1_high_ftap","PALOUSE:WHEELER:V230:TransformerWinding:TR1_high_fwnd","PALOUSE:WHEELER:V230:Junction:8324"
"PALOUSE:WHEELER:V230:TransformerWinding:TR2_high_ftap","PALOUSE:WHEELER:V230:TransformerWinding:TR2_high_fwnd","PALOUSE:WHEELER:V230:Junction:8324"
"PALOUSE:VANTAGE:V230:TransformerWinding:TR1_high_ftap","PALOUSE:VANTAGE:V230:TransformerWinding:TR1_high_fwnd","PALOUSE:VANTAGE:V230:Junction:8762"
"PUGET:EVERETT:V500:TransformerWinding:EVETR 500_high_ftap","PUGET:EVERETT:V500:TransformerWinding:EVETR 500_high_fwnd","PUGET:EVERETT:V500:BusBarSection:BUS 6"
"PALOUSE:ROCKFORD:V500:TransformerWinding:50-23 TR2_high_ftap","PALOUSE:ROCKFORD:V500:TransformerWinding:50-23 TR2_high_fwnd","PALOUSE:ROCKFORD:V500:Junction:6769"
"PALOUSE:ELMER:V230:TransformerWinding:TR12_high_ftap","PALOUSE:ELMER:V230:TransformerWinding:TR12_high_fwnd","PALOUSE:ELMER:V230:Junction:8084"
"PALOUSE:ELMER:V230:TransformerWinding:TR34_high_ftap","PALOUSE:ELMER:V230:TransformerWinding:TR34_high_fwnd","PALOUSE:ELMER:V230:Junction:8084"
"PALOUSE:ELMER:V230:TransformerWinding:TR56_high_ftap","PALOUSE:ELMER:V230:TransformerWinding:TR56_high_fwnd","PALOUSE:ELMER:V230:Junction:8084"
"PALOUSE:ELMER:V230:TransformerWinding:TR78_high_ftap","PALOUSE:ELMER:V230:TransformerWinding:TR78_high_fwnd","PALOUSE:ELMER:V230:Junction:8084"
"PALOUSE:ELMER:V230:TransformerWinding:TR90_high_ftap","PALOUSE:ELMER:V230:TransformerWinding:TR90_high_fwnd","PALOUSE:ELMER:V230:Junction:8084"
"PALOUSE:ELMER:V500:TransformerWinding:TR90_high_ftap","PALOUSE:ELMER:V500:TransformerWinding:TR90_high_fwnd","PALOUSE:ELMER:V500:Junction:8134"
"PALOUSE:ELMER:V500:TransformerWinding:500_230 TR2_high_ftap","PALOUSE:ELMER:V500:TransformerWinding:500_230 TR2_high_fwnd","PALOUSE:ELMER:V500:Junction:8134"
"PUGET:BREMERTON:V230:TransformerWinding:TR1_high_ftap","PUGET:BREMERTON:V230:TransformerWinding:TR1_high_fwnd","PUGET:BREMERTON:V230:BusBarSection:BUS 2"
"PUGET:RENTON:V230:TransformerWinding:W GEN TR_high_ftap","PUGET:RENTON:V230:TransformerWinding:W GEN TR_high_fwnd","PUGET:RENTON:V230:Junction:8546"
"PUGET:RENTON:V230:TransformerWinding:E GEN TR_high_ftap","PUGET:RENTON:V230:TransformerWinding:E GEN TR_high_fwnd","PUGET:RENTON:V230:Junction:8546"
"PALOUSE:WENATCHEE:V500:TransformerWinding:WEN 500-230 TR2_high_ftap","PALOUSE:WENATCHEE:V500:TransformerWinding:WEN 500-230 TR2_high_fwnd","PALOUSE:WENATCHEE:V500:BusBarSection:SOUTH BUS"
"PALOUSE:WENATCHEE:V230:TransformerWinding:TR1A_high_ftap","PALOUSE:WENATCHEE:V230:TransformerWinding:TR1A_high_fwnd","PALOUSE:WENATCHEE:V230:Junction:8068"
"PALOUSE:WENATCHEE:V14:TransformerWinding:TR1B_high_ftap","PALOUSE:WENATCHEE:V14:TransformerWinding:TR1B_high_fwnd","PALOUSE:WENATCHEE:V14:Junction:7681"
"PALOUSE:WENATCHEE:V14:TransformerWinding:TRC_high_ftap","PALOUSE:WENATCHEE:V14:TransformerWinding:TRC_high_fwnd","PALOUSE:WENATCHEE:V14:Junction:7677"
"PALOUSE:WENATCHEE:V14:TransformerWinding:TR2A_high_ftap","PALOUSE:WENATCHEE:V14:TransformerWinding:TR2A_high_fwnd","PALOUSE:WENATCHEE:V14:Junction:7670"
"PALOUSE:WENATCHEE:V14:TransformerWinding:TR2C_high_ftap","PALOUSE:WENATCHEE:V14:TransformerWinding:TR2C_high_fwnd","PALOUSE:WENATCHEE:V14:Junction:7675"
"PALOUSE:WENATCHEE:V230:TransformerWinding:TR2A_high_ftap","PALOUSE:WENATCHEE:V230:TransformerWinding:TR2A_high_fwnd","PALOUSE:WENATCHEE:V230:Junction:8068"
"PALOUSE:WENATCHEE:V230:TransformerWinding:TR3A_high_ftap","PALOUSE:WENATCHEE:V230:TransformerWinding:TR3A_high_fwnd","PALOUSE:WENATCHEE:V230:Junction:8068"
"PALOUSE:WENATCHEE:V14:TransformerWinding:TR3B_high_ftap","PALOUSE:WENATCHEE:V14:TransformerWinding:TR3B_high_fwnd","PALOUSE:WENATCHEE:V14:Junction:7679"
"PALOUSE:WENATCHEE:V14:TransformerWinding:TR3C_high_ftap","PALOUSE:WENATCHEE:V14:TransformerWinding:TR3C_high_fwnd","PALOUSE:WENATCHEE:V14:BusBarSection:SS BUS 1"
"PALOUSE:WENATCHEE:V230:TransformerWinding:TR4A_high_ftap","PALOUSE:WENATCHEE:V230:TransformerWinding:TR4A_high_fwnd","PALOUSE:WENATCHEE:V230:Junction:8068"
"PALOUSE:WENATCHEE:V14:TransformerWinding:TR4B_high_ftap","PALOUSE:WENATCHEE:V14:TransformerWinding:TR4B_high_fwnd","PALOUSE:WENATCHEE:V14:BusBarSection:SS BUS 2"
"PALOUSE:WENATCHEE:V14:TransformerWinding:TR4C_high_ftap","PALOUSE:WENATCHEE:V14:TransformerWinding:TR4C_high_fwnd","PALOUSE:WENATCHEE:V14:Junction:7668"
"PALOUSE:WENATCHEE:V230:TransformerWinding:T5A_high_ftap","PALOUSE:WENATCHEE:V230:TransformerWinding:T5A_high_fwnd","PALOUSE:WENATCHEE:V230:Junction:8068"
"PALOUSE:WENATCHEE:V14:TransformerWinding:TR5B_high_ftap","PALOUSE:WENATCHEE:V14:TransformerWinding:TR5B_high_fwnd","PALOUSE:WENATCHEE:V14:Junction:7678"
"PALOUSE:WENATCHEE:V14:TransformerWinding:TR5C_high_ftap","PALOUSE:WENATCHEE:V14:TransformerWinding:TR5C_high_fwnd","PALOUSE:WENATCHEE:V14:Junction:7676"
"PALOUSE:WENATCHEE:V14:TransformerWinding:TR110_high_ftap","PALOUSE:WENATCHEE:V14:TransformerWinding:TR110_high_fwnd","PALOUSE:WENATCHEE:V14:BusBarSection:SS BUS 1"
"PALOUSE:WENATCHEE:V14:TransformerWinding:TR120_high_ftap","PALOUSE:WENATCHEE:V14:TransformerWinding:TR120_high_fwnd","PALOUSE:WENATCHEE:V14:BusBarSection:SS BUS 2"
"PALOUSE:WENATCHEE:V14:TransformerWinding:TR210_high_ftap","PALOUSE:WENATCHEE:V14:TransformerWinding:TR210_high_fwnd","PALOUSE:WENATCHEE:V14:BusBarSection:SS BUS 1"
"PALOUSE:WENATCHEE:V14:TransformerWinding:TR2200_high_ftap","PALOUSE:WENATCHEE:V14:TransformerWinding:TR2200_high_fwnd","PALOUSE:WENATCHEE:V14:BusBarSection:SS BUS 2"
"PALOUSE:WENATCHEE:V14:TransformerWinding:TR310_high_ftap","PALOUSE:WENATCHEE:V14:TransformerWinding:TR310_high_fwnd","PALOUSE:WENATCHEE:V14:BusBarSection:SS BUS 1"
"PALOUSE:WENATCHEE:V14:TransformerWinding:TR320_high_ftap","PALOUSE:WENATCHEE:V14:TransformerWinding:TR320_high_fwnd","PALOUSE:WENATCHEE:V14:Junction:7807"
"PALOUSE:WENATCHEE:V14:TransformerWinding:TR410_high_ftap","PALOUSE:WENATCHEE:V14:TransformerWinding:TR410_high_fwnd","PALOUSE:WENATCHEE:V14:Junction:7812"
"PALOUSE:WENATCHEE:V14:TransformerWinding:TR420_high_ftap","PALOUSE:WENATCHEE:V14:TransformerWinding:TR420_high_fwnd","PALOUSE:WENATCHEE:V14:BusBarSection:SS BUS 2"
"PUGET:AUBURN:V500:TransformerWinding:AUB 500-230 TR1_high_ftap","PUGET:AUBURN:V500:TransformerWinding:AUB 500-230 TR1_high_fwnd","PUGET:AUBURN:V500:Junction:6590"
"PUGET:AUBURN:V500:TransformerWinding:AUB 500-230 TR2_high_ftap","PUGET:AUBURN:V500:TransformerWinding:AUB 500-230 TR2_high_fwnd","PUGET:AUBURN:V500:Junction:6590"
"PUGET:TACOMA:V230:TransformerWinding:TAC TR2_high_ftap","PUGET:TACOMA:V230:TransformerWinding:TAC TR2_high_fwnd","PUGET:TACOMA:V230:BusBarSection:BUS 2"
"PUGET:VANCOUVER:V230:TransformerWinding:VANC T1_high_ftap","PUGET:VANCOUVER:V230:TransformerWinding:VANC T1_high_fwnd","PUGET:VANCOUVER:V230:BusBarSection:AUX BUS"
"PALOUSE:LIBERTY:V24:TransformerWinding:DIESEL T1_high_ftap","PALOUSE:LIBERTY:V24:TransformerWinding:DIESEL T1_high_fwnd","PALOUSE:LIBERTY:V24:BusBarSection:SS BUS"
"PALOUSE:LIBERTY:V230:TransformerWinding:LIB TR1_high_ftap","PALOUSE:LIBERTY:V230:TransformerWinding:LIB TR1_high_fwnd","PALOUSE:LIBERTY:V230:BusBarSection:BUS 2"
"PALOUSE:LIBERTY:V230:TransformerWinding:LIB TR2_high_ftap","PALOUSE:LIBERTY:V230:TransformerWinding:LIB TR2_high_fwnd","PALOUSE:LIBERTY:V230:BusBarSection:BUS 2"
"COLUMBIA:WALLA WALLA:V230:TransformerWinding:TR_1_high_ftap","COLUMBIA:WALLA WALLA:V230:TransformerWinding:TR_1_high_fwnd","COLUMBIA:WALLA WALLA:V230:Junction:8553"
"COLUMBIA:WALLA WALLA:V230:TransformerWinding:TR_2_high_ftap","COLUMBIA:WALLA WALLA:V230:TransformerWinding:TR_2_high_fwnd","COLUMBIA:WALLA WALLA:V230:Junction:8553"
"COLUMBIA:WALLA WALLA:V230:TransformerWinding:TR_3_high_ftap","COLUMBIA:WALLA WALLA:V230:TransformerWinding:TR_3_high_fwnd","COLUMBIA:WALLA WALLA:V230:Junction:8553"
"COLUMBIA:PULLMAN:V500:TransformerWinding:TR_1_high_ftap","COLUMBIA:PULLMAN:V500:TransformerWinding:TR_1_high_fwnd","COLUMBIA:PULLMAN:V500:Junction:6006"
"COLUMBIA:COYOTE RIDGE:V230:TransformerWinding:_high_ftap","COLUMBIA:COYOTE RIDGE:V230:TransformerWinding:_high_fwnd","COLUMBIA:COYOTE RIDGE:V230:Junction:8645"
"COLUMBIA:COYOTE RIDGE:V230:TransformerWinding:TR2_high_ftap","COLUMBIA:COYOTE RIDGE:V230:TransformerWinding:TR2_high_fwnd","COLUMBIA:COYOTE RIDGE:V230:Junction:8645"
"PALOUSE:ST JOHN:V230:TransformerWinding:TR1_high_ftap","PALOUSE:ST JOHN:V230:TransformerWinding:TR1_high_fwnd","PALOUSE:ST JOHN:V230:Junction:8792"
"PALOUSE:VANTAGE:V230:TransformerWinding:TR2_high_ftap","PALOUSE:VANTAGE:V230:TransformerWinding:TR2_high_fwnd","PALOUSE:VANTAGE:V230:Junction:8762"
"PALOUSE:VANTAGE:V230:TransformerWinding:TR3_high_ftap","PALOUSE:VANTAGE:V230:TransformerWinding:TR3_high_fwnd","PALOUSE:VANTAGE:V230:Junction:8762"
"PUGET:EVERETT:V230:TransformerWinding:CRATR 30_ttap","PUGET:EVERETT:V230:TransformerWinding:CRATR 30_twnd","PUGET:EVERETT:V24:BusBarSection:BUS 3"
"PUGET:EVERETT:V230:TransformerWinding:CRATR 35_ttap","PUGET:EVERETT:V230:TransformerWinding:CRATR 35_twnd","PUGET:EVERETT:V24:BusBarSection:BUS 4"
"PUGET:TACOMA:V230:TransformerWinding:TAC TR 39_ttap","PUGET:TACOMA:V230:TransformerWinding:TAC TR 39_twnd","PUGET:TACOMA:V138:BusBarSection:BUS 3"
"PUGET:TACOMA:V138:TransformerWinding:TAC TR 41_ttap","PUGET:TACOMA:V138:TransformerWinding:TAC TR 41_twnd","PUGET:TACOMA:V24:BusBarSection:GEN NORTH"
"PUGET:CHEHALIS:V230:TransformerWinding:FARTR 45_ttap","PUGET:CHEHALIS:V230:TransformerWinding:FARTR 45_twnd","PUGET:CHEHALIS:V138:BusBarSection:BUS 4"
"PUGET:CHEHALIS:V230:TransformerWinding:FARTR 48_ttap","PUGET:CHEHALIS:V230:TransformerWinding:FARTR 48_twnd","PUGET:CHEHALIS:V24:BusBarSection:BUS 5"
"PUGET:AIRPORT:V230:TransformerWinding:HOMTR 57_ttap","PUGET:AIRPORT:V230:TransformerWinding:HOMTR 57_twnd","PUGET:AIRPORT:V24:BusBarSection:BUS 3"
"PUGET:LONGVIEW:V230:TransformerWinding:JENTR 59_ttap","PUGET:LONGVIEW:V230:TransformerWinding:JENTR 59_twnd","PUGET:LONGVIEW:V69:BusBarSection:BUS 3"
"PUGET:PORT ANGELES:V230:TransformerWinding:KINTR 63_ttap","PUGET:PORT ANGELES:V230:TransformerWinding:KINTR 63_twnd","PUGET:PORT ANGELES:V138:BusBarSection:CAP BUS"
"PUGET:REDMOND:V230:TransformerWinding:MOSTR 70_ttap","PUGET:REDMOND:V230:TransformerWinding:MOSTR 70_twnd","PUGET:REDMOND:V69:BusBarSection:BUS 3"
"PUGET:BELLEVUE:V230:TransformerWinding:OAKTR 74_ttap","PUGET:BELLEVUE:V230:TransformerWinding:OAKTR 74_twnd","PUGET:BELLEVUE:V69:BusBarSection:BUS 3"
"PUGET:MT VERNON:V230:TransformerWinding:GRTR_high_ttap","PUGET:MT VERNON:V230:TransformerWinding:GRTR_high_twnd","PUGET:MT VERNON:V24:BusBarSection:BUS 3-2"
"PALOUSE:ELLENSBURG:V138:TransformerWinding:G1_high_ttap","PALOUSE:ELLENSBURG:V138:TransformerWinding:G1_high_twnd","PALOUSE:ELLENSBURG:V13.8:BusBarSection:G1"
"PALOUSE:ELLENSBURG:V138:TransformerWinding:G2_high_ttap","PALOUSE:ELLENSBURG:V138:TransformerWinding:G2_high_twnd","PALOUSE:ELLENSBURG:V13.8:BusBarSection:G2"
"PALOUSE:ELLENSBURG:V138:TransformerWinding:G3_high_ttap","PALOUSE:ELLENSBURG:V138:TransformerWinding:G3_high_twnd","PALOUSE:ELLENSBURG:V13.8:BusBarSection:G3"
"PALOUSE:ELLENSBURG:V138:TransformerWinding:G4_high_ttap","PALOUSE:ELLENSBURG:V138:TransformerWinding:G4_high_twnd","PALOUSE:ELLENSBURG:V4.18:BusBarSection:G4"
"PALOUSE:ELLENSBURG:V230:TransformerWinding:T1_high_ttap","PALOUSE:ELLENSBURG:V230:TransformerWinding:T1_high_twnd","PALOUSE:ELLENSBURG:V138:BusBarSection:GEN BUS"
"PALOUSE:ELLENSBURG:V230:TransformerWinding:T2_high_ttap","PALOUSE:ELLENSBURG:V230:TransformerWinding:T2_high_twnd","PALOUSE:ELLENSBURG:V138:BusBarSection:GEN BUS"
"PALOUSE:CHENEY:V115:TransformerWinding:G_1_2_high_ttap","PALOUSE:CHENEY:V115:TransformerWinding:G_1_2_high_twnd","PALOUSE:CHENEY:V13.8:BusBarSection:G_1_2"
"PALOUSE:CHENEY:V115:TransformerWinding:G_2_4_high_ttap","PALOUSE:CHENEY:V115:TransformerWinding:G_2_4_high_twnd","PALOUSE:CHENEY:V13.8:BusBarSection:G_3_4"
"PALOUSE:CHENEY:V115:TransformerWinding:SS1_high_ttap","PALOUSE:CHENEY:V115:TransformerWinding:SS1_high_twnd","PALOUSE:CHENEY:V.480:Junction:2357"
"PALOUSE:CHENEY:V115:TransformerWinding:SS2_high_ttap","PALOUSE:CHENEY:V115:TransformerWinding:SS2_high_twnd","PALOUSE:CHENEY:V.480:Junction:2358"
"PALOUSE:CHENEY:V230:TransformerWinding:T1_high_ttap","PALOUSE:CHENEY:V230:TransformerWinding:T1_high_twnd","PALOUSE:CHENEY:V115:BusBarSection:GEN_BUS_W"
"PALOUSE:CHENEY:V230:TransformerWinding:T2_high_ttap","PALOUSE:CHENEY:V230:TransformerWinding:T2_high_twnd","PALOUSE:CHENEY:V115:BusBarSection:GEN_BUS_W"
"COLUMBIA:FINLEY:V230:TransformerWinding:T_1_high_ttap","COLUMBIA:FINLEY:V230:TransformerWinding:T_1_high_twnd","COLUMBIA:FINLEY:V13.8:BusBarSection:G_1"
"COLUMBIA:FINLEY:V230:TransformerWinding:T_2_high_ttap","COLUMBIA:FINLEY:V230:TransformerWinding:T_2_high_twnd","COLUMBIA:FINLEY:V13.8:BusBarSection:G_2"
"COLUMBIA:FINLEY:V230:TransformerWinding:T_3_high_ttap","COLUMBIA:FINLEY:V230:TransformerWinding:T_3_high_twnd","COLUMBIA:FINLEY:V13.8:BusBarSection:G_3"
"COLUMBIA:FINLEY:V230:TransformerWinding:T_4_high_ttap","COLUMBIA:FINLEY:V230:TransformerWinding:T_4_high_twnd","COLUMBIA:FINLEY:V13.8:Junction:2479"
"COLUMBIA:YAKIMA:V115:TransformerWinding:ETR1_high_ttap","COLUMBIA:YAKIMA:V115:TransformerWinding:ETR1_high_twnd","COLUMBIA:YAKIMA:V13.8:Junction:3756"
"COLUMBIA:YAKIMA:V115:TransformerWinding:WTR1_high_ttap","COLUMBIA:YAKIMA:V115:TransformerWinding:WTR1_high_twnd","COLUMBIA:YAKIMA:V13.8:Junction:3757"
"COLUMBIA:YAKIMA:V230:TransformerWinding:WTR2_high_ttap","COLUMBIA:YAKIMA:V230:TransformerWinding:WTR2_high_twnd","COLUMBIA:YAKIMA:V115:BusBarSection:WEST GEN BUS"
"COLUMBIA:YAKIMA:V230:TransformerWinding:ETR2_high_ttap","COLUMBIA:YAKIMA:V230:TransformerWinding:ETR2_high_twnd","COLUMBIA:YAKIMA:V115:BusBarSection:EAST GEN BUS"
"COLUMBIA:YAKIMA:V230:TransformerWinding:TR3_high_ttap","COLUMBIA:YAKIMA:V230:TransformerWinding:TR3_high_twnd","COLUMBIA:YAKIMA:V115:Junction:7423"
"COLUMBIA:FINLEY:V230:TransformerWinding:TR 1_high_ttap","COLUMBIA:FINLEY:V230:TransformerWinding:TR 1_high_twnd","COLUMBIA:FINLEY:V115:Junction:5859"
"COLUMBIA:SUNNYSIDE:V115:TransformerWinding:TR 2_high_ttap","COLUMBIA:SUNNYSIDE:V115:TransformerWinding:TR 2_high_twnd","COLUMBIA:SUNNYSIDE:V12.5:Junction:4127"
"COLUMBIA:SUNNYSIDE:V115:TransformerWinding:TR 1_high_ttap","COLUMBIA:SUNNYSIDE:V115:TransformerWinding:TR 1_high_twnd","COLUMBIA:SUNNYSIDE:V12.5:Junction:4126"
"COLUMBIA:FINLEY:V230:TransformerWinding:TR 2_high_ttap","COLUMBIA:FINLEY:V230:TransformerWinding:TR 2_high_twnd","COLUMBIA:FINLEY:V115:Junction:5859"
"COLUMBIA:GRANDVIEW:V115:TransformerWinding:TR1_high_ttap","COLUMBIA:GRANDVIEW:V115:TransformerWinding:TR1_high_twnd","COLUMBIA:GRANDVIEW:V12.5:BusBarSection:GRANDVIEW BUS"
"COLUMBIA:PROSSER:V115:TransformerWinding:TR-RIVER_high_ttap","COLUMBIA:PROSSER:V115:TransformerWinding:TR-RIVER_high_twnd","COLUMBIA:PROSSER:V12.5:BusBarSection:MAIN BUS"
"COLUMBIA:BENTON:V115:TransformerWinding:TR-IAN_high_ttap","COLUMBIA:BENTON:V115:TransformerWinding:TR-IAN_high_twnd","COLUMBIA:BENTON:V12.5:BusBarSection:MAIN"
"COLUMBIA:RICHLAND:V115:TransformerWinding:TR-ZIP_high_ttap","COLUMBIA:RICHLAND:V115:TransformerWinding:TR-ZIP_high_twnd","COLUMBIA:RICHLAND:V12.5:BusBarSection:TRANSFER BUS"
"COLUMBIA:KENNEWICK:V115:TransformerWinding:TR-SNOOP_high_ttap","COLUMBIA:KENNEWICK:V115:TransformerWinding:TR-SNOOP_high_twnd","COLUMBIA:KENNEWICK:V12.5:BusBarSection:MAIN BUS"
"COLUMBIA:PASCO:V115:TransformerWinding:TR-LEMON_high_ttap","COLUMBIA:PASCO:V115:TransformerWinding:TR-LEMON_high_twnd","COLUMBIA:PASCO:V12.5:BusBarSection:PASCO BUS"
"PALOUSE:QUINCY:V115:TransformerWinding:TR1_high_ttap","PALOUSE:QUINCY:V115:TransformerWinding:TR1_high_twnd","PALOUSE:QUINCY:V33:BusBarSection:EAST_BUS"
"PALOUSE:QUINCY:V115:TransformerWinding:TR2_high_ttap","PALOUSE:QUINCY:V115:TransformerWinding:TR2_high_twnd","PALOUSE:QUINCY:V33:BusBarSection:WEST_BUS"
"PALOUSE:ELLENSBURG:V230:TransformerWinding:T3_high_ttap","PALOUSE:ELLENSBURG:V230:TransformerWinding:T3_high_twnd","PALOUSE:ELLENSBURG:V115:BusBarSection:1"
"PALOUSE:EPHRATA:V115:TransformerWinding:TR2_high_ttap","PALOUSE:EPHRATA:V115:TransformerWinding:TR2_high_twnd","PALOUSE:EPHRATA:V12.5:BusBarSection:OPS_BUS"
"PALOUSE:EPHRATA:V115:TransformerWinding:TR3_high_ttap","PALOUSE:EPHRATA:V115:TransformerWinding:TR3_high_twnd","PALOUSE:EPHRATA:V12.5:BusBarSection:OPS_BUS_3"
"PALOUSE:CHENEY:V230:TransformerWinding:T3_high_ttap","PALOUSE:CHENEY:V230:TransformerWinding:T3_high_twnd","PALOUSE:CHENEY:V115:BusBarSection:1-A"
"PALOUSE:GLOYD:V115:TransformerWinding:TR1_high_ttap","PALOUSE:GLOYD:V115:TransformerWinding:TR1_high_twnd","PALOUSE:GLOYD:V12.5:BusBarSection:BUS 1"
"PALOUSE:GLOYD:V115:TransformerWinding:TR2_high_ttap","PALOUSE:GLOYD:V115:TransformerWinding:TR2_high_twnd","PALOUSE:GLOYD:V12.5:BusBarSection:BUS 2"
"PALOUSE:GLOYD:V115:TransformerWinding:TR3_high_ttap","PALOUSE:GLOYD:V115:TransformerWinding:TR3_high_twnd","PALOUSE:GLOYD:V12.5:BusBarSection:BUS 3"
"PUGET:SATSOP:V500:TransformerWinding:POD GEN W_high_ttap","PUGET:SATSOP:V500:TransformerWinding:POD GEN W_high_twnd","PUGET:SATSOP:V24:BusBarSection:GEN EAST BUS"
"PUGET:SATSOP:V500:TransformerWinding:POD GEN E_high_ttap","PUGET:SATSOP:V500:TransformerWinding:POD GEN E_high_twnd","PUGET:SATSOP:V24:BusBarSection:GEN EAST BUS"
"PUGET:SATSOP:V500:TransformerWinding:POD 500_230_high_ttap","PUGET:SATSOP:V500:TransformerWinding:POD 500_230_high_twnd","PUGET:SATSOP:V230:Junction:5130"
"PUGET:SATSOP:V230:TransformerWinding:POD 230_24_high_ttap","PUGET:SATSOP:V230:TransformerWinding:POD 230_24_high_twnd","PUGET:SATSOP:V24:BusBarSection:GEN EAST BUS"
"PUGET:SATSOP:V24:TransformerWinding:SS TR 1_high_ttap","PUGET:SATSOP:V24:TransformerWinding:SS TR 1_high_twnd","PUGET:SATSOP:V4.18:BusBarSection:SOUTH E GEN BUS 4.18 KV"
"PUGET:SATSOP:V24:TransformerWinding:SS TR 2_high_ttap","PUGET:SATSOP:V24:TransformerWinding:SS TR 2_high_twnd","PUGET:SATSOP:V4.18:BusBarSection:SOUTH E GEN BUS 4.18 KV"
"PALOUSE:SPOKANE:V115:TransformerWinding:TR3_high_ttap","PALOUSE:SPOKANE:V115:TransformerWinding:TR3_high_twnd","PALOUSE:SPOKANE:V12.5:BusBarSection:OPS_BUS"
"PALOUSE:SPOKANE:V115:TransformerWinding:TR2_high_ttap","PALOUSE:SPOKANE:V115:TransformerWinding:TR2_high_twnd","PALOUSE:SPOKANE:V12.5:BusBarSection:OPS_BUS1"
"PALOUSE:SPOKANE:V115:TransformerWinding:TR1_high_ttap","PALOUSE:SPOKANE:V115:TransformerWinding:TR1_high_twnd","PALOUSE:SPOKANE:V12.5:BusBarSection:OPS_BUS2"
"PALOUSE:WENATCHEE:V500:TransformerWinding:TGR 500-230 TR_high_ttap","PALOUSE:WENATCHEE:V500:TransformerWinding:TGR 500-230 TR_high_twnd","PALOUSE:WENATCHEE:V230:Junction:8068"
"COLUMBIA:WALLA WALLA:V500:TransformerWinding:MOO 500-230_high_ttap","COLUMBIA:WALLA WALLA:V500:TransformerWinding:MOO 500-230_high_twnd","COLUMBIA:WALLA WALLA:V230:Junction:8553"
"PALOUSE:VALLEY:V115:TransformerWinding:TR3_high_ttap","PALOUSE:VALLEY:V115:TransformerWinding:TR3_high_twnd","PALOUSE:VALLEY:V12.5:BusBarSection:BUS 3"
"PALOUSE:VALLEY:V115:TransformerWinding:TR2_high_ttap","PALOUSE:VALLEY:V115:TransformerWinding:TR2_high_twnd","PALOUSE:VALLEY:V12.5:BusBarSection:BUS 2"
"PALOUSE:VALLEY:V115:TransformerWinding:TR1_high_ttap","PALOUSE:VALLEY:V115:TransformerWinding:TR1_high_twnd","PALOUSE:VALLEY:V12.5:BusBarSection:BUS 1"
"PALOUSE:CHENEY:V230:TransformerWinding:T4_high_ttap","PALOUSE:CHENEY:V230:TransformerWinding:T4_high_twnd","PALOUSE:CHENEY:V115:BusBarSection:2-A"
"COLUMBIA:FINLEY:V500:TransformerWinding:T_5_high_ttap","COLUMBIA:FINLEY:V500:TransformerWinding:T_5_high_twnd","COLUMBIA:FINLEY:V230:BusBarSection:SOUTH BUS"
"COLUMBIA:YAKIMA:V500:TransformerWinding:T_500_high_ttap","COLUMBIA:YAKIMA:V500:TransformerWinding:T_500_high_twnd","COLUMBIA:YAKIMA:V230:BusBarSection:MAIN BUS"
"PALOUSE:ROCKFORD:V500:TransformerWinding:TR1_high_ttap","PALOUSE:ROCKFORD:V500:TransformerWinding:TR1_high_twnd","PALOUSE:ROCKFORD:V230:Junction:6764"
"PALOUSE:ROCKFORD:V230:TransformerWinding:TR2_high_ttap","PALOUSE:ROCKFORD:V230:TransformerWinding:TR2_high_twnd","PALOUSE:ROCKFORD:V115:BusBarSection:1-C"
"PALOUSE:ROCKFORD:V230:TransformerWinding:TR3_high_ttap","PALOUSE:ROCKFORD:V230:TransformerWinding:TR3_high_twnd","PALOUSE:ROCKFORD:V115:BusBarSection:2-C"
"PALOUSE:WHEELER:V230:TransformerWinding:TR1_high_ttap","PALOUSE:WHEELER:V230:TransformerWinding:TR1_high_twnd","PALOUSE:WHEELER:V115:BusBarSection:2"
"PALOUSE:WHEELER:V230:TransformerWinding:TR2_high_ttap","PALOUSE:WHEELER:V230:TransformerWinding:TR2_high_twnd","PALOUSE:WHEELER:V115:BusBarSection:1"
"PALOUSE:VANTAGE:V230:TransformerWinding:TR1_high_ttap","PALOUSE:VANTAGE:V230:TransformerWinding:TR1_high_twnd","PALOUSE:VANTAGE:V115:BusBarSection:1"
"PUGET:EVERETT:V500:TransformerWinding:EVETR 500_high_ttap","PUGET:EVERETT:V500:TransformerWinding:EVETR 500_high_twnd","PUGET:EVERETT:V230:BusBarSection:CAP BUS"
"PALOUSE:ROCKFORD:V500:TransformerWinding:50-23 TR2_high_ttap","PALOUSE:ROCKFORD:V500:TransformerWinding:50-23 TR2_high_twnd","PALOUSE:ROCKFORD:V230:Junction:6764"
"PALOUSE:ELMER:V230:TransformerWinding:TR12_high_ttap","PALOUSE:ELMER:V230:TransformerWinding:TR12_high_twnd","PALOUSE:ELMER:V14:Junction:6884"
"PALOUSE:ELMER:V230:TransformerWinding:TR34_high_ttap","PALOUSE:ELMER:V230:TransformerWinding:TR34_high_twnd","PALOUSE:ELMER:V14:Junction:6875"
"PALOUSE:ELMER:V230:TransformerWinding:TR56_high_ttap","PALOUSE:ELMER:V230:TransformerWinding:TR56_high_twnd","PALOUSE:ELMER:V14:Junction:6885"
"PALOUSE:ELMER:V230:TransformerWinding:TR78_high_ttap","PALOUSE:ELMER:V230:TransformerWinding:TR78_high_twnd","PALOUSE:ELMER:V14:Junction:6881"
"PALOUSE:ELMER:V230:TransformerWinding:TR90_high_ttap","PALOUSE:ELMER:V230:TransformerWinding:TR90_high_twnd","PALOUSE:ELMER:V14:Junction:6878"
"PALOUSE:ELMER:V500:TransformerWinding:TR90_high_ttap","PALOUSE:ELMER:V500:TransformerWinding:TR90_high_twnd","PALOUSE:ELMER:V230:Junction:8084"
"PALOUSE:ELMER:V500:TransformerWinding:500_230 TR2_high_ttap","PALOUSE:ELMER:V500:TransformerWinding:500_230 TR2_high_twnd","PALOUSE:ELMER:V230:Junction:8084"
"PUGET:BREMERTON:V230:TransformerWinding:TR1_high_ttap","PUGET:BREMERTON:V230:TransformerWinding:TR1_high_twnd","PUGET:BREMERTON:V13.8:BusBarSection:GEN BUS"
"PUGET:RENTON:V230:TransformerWinding:W GEN TR_high_ttap","PUGET:RENTON:V230:TransformerWinding:W GEN TR_high_twnd","PUGET:RENTON:V13.8:BusBarSection:WEST GEN BUS"
"PUGET:RENTON:V230:TransformerWinding:E GEN TR_high_ttap","PUGET:RENTON:V230:TransformerWinding:E GEN TR_high_twnd","PUGET:RENTON:V13.8:BusBarSection:EAST GEN BUS"
"PALOUSE:WENATCHEE:V500:TransformerWinding:WEN 500-230 TR2_high_ttap","PALOUSE:WENATCHEE:V500:TransformerWinding:WEN 500-230 TR2_high_twnd","PALOUSE:WENATCHEE:V230:Junction:8068"
"PALOUSE:WENATCHEE:V230:TransformerWinding:TR1A_high_ttap","PALOUSE:WENATCHEE:V230:TransformerWinding:TR1A_high_twnd","PALOUSE:WENATCHEE:V1:Junction:7547"
"PALOUSE:WENATCHEE:V14:TransformerWinding:TR1B_high_ttap","PALOUSE:WENATCHEE:V14:TransformerWinding:TR1B_high_twnd","PALOUSE:WENATCHEE:V1:Junction:7547"
"PALOUSE:WENATCHEE:V14:TransformerWinding:TRC_high_ttap","PALOUSE:WENATCHEE:V14:TransformerWinding:TRC_high_twnd","PALOUSE:WENATCHEE:V1:Junction:7547"
"PALOUSE:WENATCHEE:V14:TransformerWinding:TR2A_high_ttap","PALOUSE:WENATCHEE:V14:TransformerWinding:TR2A_high_twnd","PALOUSE:WENATCHEE:V1:Junction:7565"
"PALOUSE:WENATCHEE:V14:TransformerWinding:TR2C_high_ttap","PALOUSE:WENATCHEE:V14:TransformerWinding:TR2C_high_twnd","PALOUSE:WENATCHEE:V1:Junction:7565"
"PALOUSE:WENATCHEE:V230:TransformerWinding:TR2A_high_ttap","PALOUSE:WENATCHEE:V230:TransformerWinding:TR2A_high_twnd","PALOUSE:WENATCHEE:V1:Junction:7565"
"PALOUSE:WENATCHEE:V230:TransformerWinding:TR3A_high_ttap","PALOUSE:WENATCHEE:V230:TransformerWinding:TR3A_high_twnd","PALOUSE:WENATCHEE:V1:Junction:7563"
"PALOUSE:WENATCHEE:V14:TransformerWinding:TR3B_high_ttap","PALOUSE:WENATCHEE:V14:TransformerWinding:TR3B_high_twnd","PALOUSE:WENATCHEE:V1:Junction:7563"
"PALOUSE:WENATCHEE:V14:TransformerWinding:TR3C_high_ttap","PALOUSE:WENATCHEE:V14:TransformerWinding:TR3C_high_twnd","PALOUSE:WENATCHEE:V1:Junction:7563"
"PALOUSE:WENATCHEE:V230:TransformerWinding:TR4A_high_ttap","PALOUSE:WENATCHEE:V230:TransformerWinding:TR4A_high_twnd","PALOUSE:WENATCHEE:V1:Junction:7564"
"PALOUSE:WENATCHEE:V14:TransformerWinding:TR4B_high_ttap","PALOUSE:WENATCHEE:V14:TransformerWinding:TR4B_high_twnd","PALOUSE:WENATCHEE:V1:Junction:7564"
"PALOUSE:WENATCHEE:V14:TransformerWinding:TR4C_high_ttap","PALOUSE:WENATCHEE:V14:TransformerWinding:TR4C_high_twnd","PALOUSE:WENATCHEE:V1:Junction:7564"
"PALOUSE:WENATCHEE:V230:TransformerWinding:T5A_high_ttap","PALOUSE:WENATCHEE:V230:TransformerWinding:T5A_high_twnd","PALOUSE:WENATCHEE:V1:Junction:7566"
"PALOUSE:WENATCHEE:V14:TransformerWinding:TR5B_high_ttap","PALOUSE:WENATCHEE:V14:TransformerWinding:TR5B_high_twnd","PALOUSE:WENATCHEE:V1:Junction:7566"
"PALOUSE:WENATCHEE:V14:TransformerWinding:TR5C_high_ttap","PALOUSE:WENATCHEE:V14:TransformerWinding:TR5C_high_twnd","PALOUSE:WENATCHEE:V1:Junction:7566"
"PALOUSE:WENATCHEE:V14:TransformerWinding:TR110_high_ttap","PALOUSE:WENATCHEE:V14:TransformerWinding:TR110_high_twnd","PALOUSE:WENATCHEE:V4.18:BusBarSection:DIESEL BUS"
"PALOUSE:WENATCHEE:V14:TransformerWinding:TR120_high_ttap","PALOUSE:WENATCHEE:V14:TransformerWinding:TR120_high_twnd","PALOUSE:WENATCHEE:V4.18:BusBarSection:DIESEL BUS"
"PALOUSE:WENATCHEE:V14:TransformerWinding:TR210_high_ttap","PALOUSE:WENATCHEE:V14:TransformerWinding:TR210_high_twnd","PALOUSE:WENATCHEE:V4.18:BusBarSection:4-BUS2"
"PALOUSE:WENATCHEE:V14:TransformerWinding:TR2200_high_ttap","PALOUSE:WENATCHEE:V14:TransformerWinding:TR2200_high_twnd","PALOUSE:WENATCHEE:V4.18:BusBarSection:4-BUS2"
"PALOUSE:WENATCHEE:V14:TransformerWinding:TR310_high_ttap","PALOUSE:WENATCHEE:V14:TransformerWinding:TR310_high_twnd","PALOUSE:WENATCHEE:V4.18:Junction:7880"
"PALOUSE:WENATCHEE:V14:TransformerWinding:TR320_high_ttap","PALOUSE:WENATCHEE:V14:TransformerWinding:TR320_high_twnd","PALOUSE:WENATCHEE:V4.18:Junction:7867"
"PALOUSE:WENATCHEE:V14:TransformerWinding:TR410_high_ttap","PALOUSE:WENATCHEE:V14:TransformerWinding:TR410_high_twnd","PALOUSE:WENATCHEE:V4.18:Junction:7863"
"PALOUSE:WENATCHEE:V14:TransformerWinding:TR420_high_ttap","PALOUSE:WENATCHEE:V14:TransformerWinding:TR420_high_twnd","PALOUSE:WENATCHEE:V4.18:Junction:7881"
"PUGET:AUBURN:V500:TransformerWinding:AUB 500-230 TR1_high_ttap","PUGET:AUBURN:V500:TransformerWinding:AUB 500-230 TR1_high_twnd","PUGET:AUBURN:V230:BusBarSection:BUS 2"
"PUGET:AUBURN:V500:TransformerWinding:AUB 500-230 TR2_high_ttap","PUGET:AUBURN:V500:TransformerWinding:AUB 500-230 TR2_high_twnd","PUGET:AUBURN:V230:BusBarSection:BUS 2"
"PUGET:TACOMA:V230:TransformerWinding:TAC TR2_high_ttap","PUGET:TACOMA:V230:TransformerWinding:TAC TR2_high_twnd","PUGET:TACOMA:V24:BusBarSection:GEN NORTH"
"PUGET:VANCOUVER:V230:TransformerWinding:VANC T1_high_ttap","PUGET:VANCOUVER:V230:TransformerWinding:VANC T1_high_twnd","PUGET:VANCOUVER:V24:BusBarSection:GEN BUS"
"PALOUSE:LIBERTY:V24:TransformerWinding:DIESEL T1_high_ttap","PALOUSE:LIBERTY:V24:TransformerWinding:DIESEL T1_high_twnd","PALOUSE:LIBERTY:V13.8:BusBarSection:DIESEL"
"PALOUSE:LIBERTY:V230:TransformerWinding:LIB TR1_high_ttap","PALOUSE:LIBERTY:V230:TransformerWinding:LIB TR1_high_twnd","PALOUSE:LIBERTY:V24:BusBarSection:SS BUS"
"PALOUSE:LIBERTY:V230:TransformerWinding:LIB TR2_high_ttap","PALOUSE:LIBERTY:V230:TransformerWinding:LIB TR2_high_twnd","PALOUSE:LIBERTY:V24:BusBarSection:SS BUS"
"COLUMBIA:WALLA WALLA:V230:TransformerWinding:TR_1_high_ttap","COLUMBIA:WALLA WALLA:V230:TransformerWinding:TR_1_high_twnd","COLUMBIA:WALLA WALLA:V21.6:Junction:8929"
"COLUMBIA:WALLA WALLA:V230:TransformerWinding:TR_2_high_ttap","COLUMBIA:WALLA WALLA:V230:TransformerWinding:TR_2_high_twnd","COLUMBIA:WALLA WALLA:V21.6:Junction:8930"
"COLUMBIA:WALLA WALLA:V230:TransformerWinding:TR_3_high_ttap","COLUMBIA:WALLA WALLA:V230:TransformerWinding:TR_3_high_twnd","COLUMBIA:WALLA WALLA:V33:Junction:8928"
"COLUMBIA:PULLMAN:V500:TransformerWinding:TR_1_high_ttap","COLUMBIA:PULLMAN:V500:TransformerWinding:TR_1_high_twnd","COLUMBIA:PULLMAN:V230:Junction:8605"
"COLUMBIA:COYOTE RIDGE:V230:TransformerWinding:_high_ttap","COLUMBIA:COYOTE RIDGE:V230:TransformerWinding:_high_twnd","COLUMBIA:COYOTE RIDGE:V33:Junction:8733"
"COLUMBIA:COYOTE RIDGE:V230:TransformerWinding:TR2_high_ttap","COLUMBIA:COYOTE RIDGE:V230:TransformerWinding:TR2_high_twnd","COLUMBIA:COYOTE RIDGE:V21.6:Junction:8728"
"PALOUSE:ST JOHN:V230:TransformerWinding:TR1_high_ttap","PALOUSE:ST JOHN:V230:TransformerWinding:TR1_high_twnd","PALOUSE:ST JOHN:V24:Junction:8809"
"PALOUSE:VANTAGE:V230:TransformerWinding:TR2_high_ttap","PALOUSE:VANTAGE:V230:TransformerWinding:TR2_high_twnd","PALOUSE:VANTAGE:V24:Junction:8859"
"PALOUSE:VANTAGE:V230:TransformerWinding:TR3_high_ttap","PALOUSE:VANTAGE:V230:TransformerWinding:TR3_high_twnd","PALOUSE:VANTAGE:V33:Junction:8872"
