"ID","SynchronousMachine","MW","MinMVAr","MaxMVAr"
"PUGET:VANCOUVER:V24:SynchronousMachine:VANCOUVER_crv2","Gen VANCOUVER PUGET:VANCOUVER:V24:SynchronousMachine:VANCOUVER",73.0,-55.333374,67.0
"PUGET:EVERETT:V24:SynchronousMachine:EVERETT 1_crv2","Gen EVERETT 1 PUGET:EVERETT:V24:SynchronousMachine:EVERETT 1",400.0,-124.72779,162.68842
"PUGET:EVERETT:V24:SynchronousMachine:EVERETT 2_crv2","Gen EVERETT 2 PUGET:EVERETT:V24:SynchronousMachine:EVERETT 2",400.0,-122.62904,159.95093
"PUGET:CHEHALIS:V24:SynchronousMachine:CHEHALIS_crv2","Gen CHEHALIS PUGET:CHEHALIS:V24:SynchronousMachine:CHEHALIS",1200.0,-250.0,400.0
"PUGET:AIRPORT:V24:SynchronousMachine:AIRPORT_crv2","Gen AIRPORT PUGET:AIRPORT:V24:SynchronousMachine:AIRPORT",600.0,-162.17725,243.26587
"PALOUSE:LIBERTY:V24:SynchronousMachine:LIBERTY_crv2","Gen LIBERTY PALOUSE:LIBERTY:V24:SynchronousMachine:LIBERTY",1200.0,-280.51703,448.8272
"PUGET:MT VERNON:V24:SynchronousMachine:MT VERNON_crv2","Gen MT VERNON PUGET:MT VERNON:V24:SynchronousMachine:MT VERNON",400.0,-115.0,150.0
"PALOUSE:ELLENSBURG:V13.8:SynchronousMachine:ELLENS_G1_CC_CT_crv2","Gen ELLENS_G1_CC_CT PALOUSE:ELLENSBURG:V13.8:SynchronousMachine:ELLENS_G1_CC_CT",75.0,-54.864708,78.14064
"PALOUSE:ELLENSBURG:V13.8:SynchronousMachine:ELLENS_G2_CC_CT_crv2","Gen ELLENS_G2_CC_CT PALOUSE:ELLENSBURG:V13.8:SynchronousMachine:ELLENS_G2_CC_CT",75.0,-54.864708,78.14064
"PALOUSE:ELLENSBURG:V13.8:SynchronousMachine:ELLENS_G3_CC_S_crv2","Gen ELLENS_G3_CC_S PALOUSE:ELLENSBURG:V13.8:SynchronousMachine:ELLENS_G3_CC_S",50.0,0.0,0.0
"PALOUSE:ELLENSBURG:V4.18:SynchronousMachine:ELLENS_G4_DIESEL_crv2","Gen ELLENS_G4_DIESEL PALOUSE:ELLENSBURG:V4.18:SynchronousMachine:ELLENS_G4_DIESEL",3.0,0.0,0.0
"PALOUSE:CHENEY:V13.8:SynchronousMachine:CHEN_G_1_crv2","Gen CHEN_G_1 PALOUSE:CHENEY:V13.8:SynchronousMachine:CHEN_G_1",50.0,-25.996567,25.996567
"PALOUSE:CHENEY:V13.8:SynchronousMachine:CHEN_G_2_crv2","Gen CHEN_G_2 PALOUSE:CHENEY:V13.8:SynchronousMachine:CHEN_G_2",50.0,-25.996567,25.996567
"PALOUSE:CHENEY:V13.8:SynchronousMachine:CHEN_G_3_crv2","Gen CHEN_G_3 PALOUSE:CHENEY:V13.8:SynchronousMachine:CHEN_G_3",50.0,0.0,0.0
"PALOUSE:CHENEY:V13.8:SynchronousMachine:CHEN_G_4_crv2","Gen CHEN_G_4 PALOUSE:CHENEY:V13.8:SynchronousMachine:CHEN_G_4",50.0,-25.996567,25.996567
"COLUMBIA:FINLEY:V13.8:SynchronousMachine:FIN_G_1_crv2","Gen FIN_G_1 COLUMBIA:FINLEY:V13.8:SynchronousMachine:FIN_G_1",102.0,-67.79927,67.79927
"COLUMBIA:FINLEY:V13.8:SynchronousMachine:FIN_G_2_crv2","Gen FIN_G_2 COLUMBIA:FINLEY:V13.8:SynchronousMachine:FIN_G_2",95.0,-60.84445,60.84445
"COLUMBIA:FINLEY:V13.8:SynchronousMachine:FIN_G_3_crv2","Gen FIN_G_3 COLUMBIA:FINLEY:V13.8:SynchronousMachine:FIN_G_3",40.0,-22.737661,22.737661
"COLUMBIA:FINLEY:V13.8:SynchronousMachine:FIN_G_4_crv2","Gen FIN_G_4 COLUMBIA:FINLEY:V13.8:SynchronousMachine:FIN_G_4",18.0,0.0,0.0
"PALOUSE:LIBERTY:V13.8:SynchronousMachine:DIESEL 1_crv2","Gen DIESEL 1 PALOUSE:LIBERTY:V13.8:SynchronousMachine:DIESEL 1",3.0,0.0,0.0
"PALOUSE:LIBERTY:V13.8:SynchronousMachine:DIESEL 2_crv2","Gen DIESEL 2 PALOUSE:LIBERTY:V13.8:SynchronousMachine:DIESEL 2",3.0,0.0,0.0
"PALOUSE:LIBERTY:V13.8:SynchronousMachine:DIESEL 3_crv2","Gen DIESEL 3 PALOUSE:LIBERTY:V13.8:SynchronousMachine:DIESEL 3",3.0,0.0,0.0
"PUGET:TACOMA:V24:SynchronousMachine:TACOMA 1_crv2","Gen TACOMA 1 PUGET:TACOMA:V24:SynchronousMachine:TACOMA 1",200.0,-87.15149,130.72723
"PUGET:TACOMA:V24:SynchronousMachine:TACOMA 2_crv2","Gen TACOMA 2 PUGET:TACOMA:V24:SynchronousMachine:TACOMA 2",200.0,-87.15149,130.72723
"PUGET:TACOMA:V24:SynchronousMachine:TACOMA 3_crv2","Gen TACOMA 3 PUGET:TACOMA:V24:SynchronousMachine:TACOMA 3",200.0,-87.15149,130.72723
"COLUMBIA:YAKIMA:V13.8:SynchronousMachine:YAK_GEN_WEST_crv2","Gen YAK_GEN_WEST COLUMBIA:YAKIMA:V13.8:SynchronousMachine:YAK_GEN_WEST",250.0,-75.73165,107.712776
"COLUMBIA:YAKIMA:V13.8:SynchronousMachine:YAK_GEN_EAST_crv2","Gen YAK_GEN_EAST COLUMBIA:YAKIMA:V13.8:SynchronousMachine:YAK_GEN_EAST",250.0,-75.73165,107.712776
"PUGET:SATSOP:V24:SynchronousMachine:SATSOP GEN 1_crv2","Gen SATSOP GEN 1 PUGET:SATSOP:V24:SynchronousMachine:SATSOP GEN 1",1200.0,-250.0,400.0
"PUGET:SATSOP:V24:SynchronousMachine:SATSOP GEN 2_crv2","Gen SATSOP GEN 2 PUGET:SATSOP:V24:SynchronousMachine:SATSOP GEN 2",1200.0,0.0,0.0
"PUGET:SATSOP:V4.18:SynchronousMachine:E GEN A_crv2","Gen E GEN A PUGET:SATSOP:V4.18:SynchronousMachine:E GEN A",10.0,0.0,0.0
"PUGET:SATSOP:V4.18:SynchronousMachine:E GEN B_crv2","Gen E GEN B PUGET:SATSOP:V4.18:SynchronousMachine:E GEN B",10.0,0.0,0.0
"PUGET:SATSOP:V4.18:SynchronousMachine:E GEN C_crv2","Gen E GEN C PUGET:SATSOP:V4.18:SynchronousMachine:E GEN C",10.0,0.0,0.0
"PUGET:SATSOP:V4.18:SynchronousMachine:E GEN D_crv2","Gen E GEN D PUGET:SATSOP:V4.18:SynchronousMachine:E GEN D",10.0,0.0,0.0
"PALOUSE:ELMER:V14:SynchronousMachine:ELM_GEN 1_crv2","Gen ELM_GEN 1 PALOUSE:ELMER:V14:SynchronousMachine:ELM_GEN 1",100.0,-30.952217,52.85665
"PALOUSE:ELMER:V14:SynchronousMachine:ELM_GEN 2_crv2","Gen ELM_GEN 2 PALOUSE:ELMER:V14:SynchronousMachine:ELM_GEN 2",100.0,-30.952217,52.85665
"PALOUSE:ELMER:V14:SynchronousMachine:ELM_GEN 3_crv2","Gen ELM_GEN 3 PALOUSE:ELMER:V14:SynchronousMachine:ELM_GEN 3",100.0,-30.952217,52.85665
"PALOUSE:ELMER:V14:SynchronousMachine:ELM_GEN 4_crv2","Gen ELM_GEN 4 PALOUSE:ELMER:V14:SynchronousMachine:ELM_GEN 4",100.0,-30.952217,52.85665
"PALOUSE:ELMER:V14:SynchronousMachine:ELM_GEN 5_crv2","Gen ELM_GEN 5 PALOUSE:ELMER:V14:SynchronousMachine:ELM_GEN 5",100.0,-30.952217,52.85665
"PALOUSE:ELMER:V14:SynchronousMachine:ELM_GEN 6_crv2","Gen ELM_GEN 6 PALOUSE:ELMER:V14:SynchronousMachine:ELM_GEN 6",100.0,-30.952217,52.85665
"PALOUSE:ELMER:V14:SynchronousMachine:ELM_GEN 7_crv2","Gen ELM_GEN 7 PALOUSE:ELMER:V14:SynchronousMachine:ELM_GEN 7",100.0,-30.952217,52.85665
"PALOUSE:ELMER:V14:SynchronousMachine:ELM_GEN 8_crv2","Gen ELM_GEN 8 PALOUSE:ELMER:V14:SynchronousMachine:ELM_GEN 8",100.0,-30.952217,52.85665
"PALOUSE:ELMER:V14:SynchronousMachine:ELM_GEN 9_crv2","Gen ELM_GEN 9 PALOUSE:ELMER:V14:SynchronousMachine:ELM_GEN 9",100.0,0.0,0.0
"PALOUSE:ELMER:V14:SynchronousMachine:ELM_GEN 10_crv2","Gen ELM_GEN 10 PALOUSE:ELMER:V14:SynchronousMachine:ELM_GEN 10",100.0,0.0,0.0
"PUGET:BREMERTON:V13.8:SynchronousMachine:BREM GEN_crv2","Gen BREM GEN PUGET:BREMERTON:V13.8:SynchronousMachine:BREM GEN",80.0,0.0,0.0
"PUGET:RENTON:V13.8:SynchronousMachine:RENT_G1_CC_CT_crv2","Gen RENT_G1_CC_CT PUGET:RENTON:V13.8:SynchronousMachine:RENT_G1_CC_CT",75.0,0.0,0.0
"PUGET:RENTON:V13.8:SynchronousMachine:RENT_G2_CC_CT_crv2","Gen RENT_G2_CC_CT PUGET:RENTON:V13.8:SynchronousMachine:RENT_G2_CC_CT",75.0,0.0,0.0
"PUGET:RENTON:V13.8:SynchronousMachine:RENT_G3_CC_S_crv2","Gen RENT_G3_CC_S PUGET:RENTON:V13.8:SynchronousMachine:RENT_G3_CC_S",50.0,0.0,0.0
"PUGET:RENTON:V13.8:SynchronousMachine:RENT_G4_CC_CT_crv2","Gen RENT_G4_CC_CT PUGET:RENTON:V13.8:SynchronousMachine:RENT_G4_CC_CT",75.0,0.0,0.0
"PUGET:RENTON:V13.8:SynchronousMachine:RENT_G5_CC_CT_crv2","Gen RENT_G5_CC_CT PUGET:RENTON:V13.8:SynchronousMachine:RENT_G5_CC_CT",75.0,0.0,0.0
"PUGET:RENTON:V13.8:SynchronousMachine:RENT_G6_CC_S_crv2","Gen RENT_G6_CC_S PUGET:RENTON:V13.8:SynchronousMachine:RENT_G6_CC_S",50.0,0.0,0.0
"PALOUSE:WENATCHEE:V14:SynchronousMachine:WEN_GEN 1_crv2","Gen WEN_GEN 1 PALOUSE:WENATCHEE:V14:SynchronousMachine:WEN_GEN 1",100.0,-30.952217,52.85665
"PALOUSE:WENATCHEE:V14:SynchronousMachine:WEN_GEN 2_crv2","Gen WEN_GEN 2 PALOUSE:WENATCHEE:V14:SynchronousMachine:WEN_GEN 2",100.0,-30.952217,52.85665
"PALOUSE:WENATCHEE:V14:SynchronousMachine:WEN_GEN 3_crv2","Gen WEN_GEN 3 PALOUSE:WENATCHEE:V14:SynchronousMachine:WEN_GEN 3",100.0,-30.952217,52.85665
"PALOUSE:WENATCHEE:V14:SynchronousMachine:WEN_GEN 4_crv2","Gen WEN_GEN 4 PALOUSE:WENATCHEE:V14:SynchronousMachine:WEN_GEN 4",100.0,-30.952217,52.85665
"PALOUSE:WENATCHEE:V14:SynchronousMachine:WEN_GEN 5_crv2","Gen WEN_GEN 5 PALOUSE:WENATCHEE:V14:SynchronousMachine:WEN_GEN 5",100.0,-30.952217,52.85665
"PALOUSE:WENATCHEE:V14:SynchronousMachine:WEN_GEN 6_crv2","Gen WEN_GEN 6 PALOUSE:WENATCHEE:V14:SynchronousMachine:WEN_GEN 6",100.0,-30.952217,52.85665
"PALOUSE:WENATCHEE:V14:SynchronousMachine:WEN_GEN 7_crv2","Gen WEN_GEN 7 PALOUSE:WENATCHEE:V14:SynchronousMachine:WEN_GEN 7",100.0,-30.952217,52.85665
"PALOUSE:WENATCHEE:V14:SynchronousMachine:WEN_GEN 8_crv2","Gen WEN_GEN 8 PALOUSE:WENATCHEE:V14:SynchronousMachine:WEN_GEN 8",100.0,-30.952217,52.85665
"PALOUSE:WENATCHEE:V14:SynchronousMachine:WEN_GEN 9_crv2","Gen WEN_GEN 9 PALOUSE:WENATCHEE:V14:SynchronousMachine:WEN_GEN 9",100.0,-32.452217,57.356647
"PALOUSE:WENATCHEE:V14:SynchronousMachine:WEN_GEN 10_crv2","Gen WEN_GEN 10 PALOUSE:WENATCHEE:V14:SynchronousMachine:WEN_GEN 10",100.0,0.0,0.0
"PALOUSE:WENATCHEE:V4.18:SynchronousMachine:POWH DIESEL_crv2","Gen POWH DIESEL PALOUSE:WENATCHEE:V4.18:SynchronousMachine:POWH DIESEL",3.0,0.0,0.0
"PALOUSE:ST JOHN:V24:SynchronousMachine:FEEDER 1_crv2","Gen FEEDER 1 PALOUSE:ST JOHN:V24:SynchronousMachine:FEEDER 1",22.0,0.0,0.0
"PALOUSE:ST JOHN:V24:SynchronousMachine:FEEDER 2_crv2","Gen FEEDER 2 PALOUSE:ST JOHN:V24:SynchronousMachine:FEEDER 2",15.0,0.0,0.0
"PALOUSE:ST JOHN:V24:SynchronousMachine:FEEDER 3_crv2","Gen FEEDER 3 PALOUSE:ST JOHN:V24:SynchronousMachine:FEEDER 3",31.0,0.0,0.0
"PALOUSE:ST JOHN:V24:SynchronousMachine:FEEDER 4_crv2","Gen FEEDER 4 PALOUSE:ST JOHN:V24:SynchronousMachine:FEEDER 4",28.0,0.0,0.0
"PALOUSE:ST JOHN:V24:SynchronousMachine:FEEDER 5_crv2","Gen FEEDER 5 PALOUSE:ST JOHN:V24:SynchronousMachine:FEEDER 5",17.0,0.0,0.0
"PALOUSE:ST JOHN:V24:SynchronousMachine:FEEDER 6_crv2","Gen FEEDER 6 PALOUSE:ST JOHN:V24:SynchronousMachine:FEEDER 6",23.0,0.0,0.0
"PALOUSE:ST JOHN:V24:SynchronousMachine:FEEDER 7_crv2","Gen FEEDER 7 PALOUSE:ST JOHN:V24:SynchronousMachine:FEEDER 7",14.0,0.0,0.0
"PALOUSE:VANTAGE:V24:SynchronousMachine:GEN 2-1_crv2","Gen GEN 2-1 PALOUSE:VANTAGE:V24:SynchronousMachine:GEN 2-1",25.0,0.0,0.0
"PALOUSE:VANTAGE:V24:SynchronousMachine:GEN 2-2_crv2","Gen GEN 2-2 PALOUSE:VANTAGE:V24:SynchronousMachine:GEN 2-2",30.0,0.0,0.0
"PALOUSE:VANTAGE:V24:SynchronousMachine:GEN 2-3_crv2","Gen GEN 2-3 PALOUSE:VANTAGE:V24:SynchronousMachine:GEN 2-3",17.0,0.0,0.0
"PALOUSE:VANTAGE:V24:SynchronousMachine:GEN 2-4_crv2","Gen GEN 2-4 PALOUSE:VANTAGE:V24:SynchronousMachine:GEN 2-4",33.0,0.0,0.0
"PALOUSE:VANTAGE:V33:SynchronousMachine:GEN 3-1_crv2","Gen GEN 3-1 PALOUSE:VANTAGE:V33:SynchronousMachine:GEN 3-1",25.0,0.0,0.0
"PALOUSE:VANTAGE:V33:SynchronousMachine:GEN 3-2_crv2","Gen GEN 3-2 PALOUSE:VANTAGE:V33:SynchronousMachine:GEN 3-2",30.0,0.0,0.0
"PALOUSE:VANTAGE:V33:SynchronousMachine:GEN 3-3_crv2","Gen GEN 3-3 PALOUSE:VANTAGE:V33:SynchronousMachine:GEN 3-3",17.0,0.0,0.0
"PALOUSE:VANTAGE:V33:SynchronousMachine:GEN 3-4_crv2","Gen GEN 3-4 PALOUSE:VANTAGE:V33:SynchronousMachine:GEN 3-4",33.0,0.0,0.0
"COLUMBIA:COYOTE RIDGE:V33:SynchronousMachine:FDR 310_crv2","Gen FDR 310 COLUMBIA:COYOTE RIDGE:V33:SynchronousMachine:FDR 310",17.0,0.0,0.0
"COLUMBIA:COYOTE RIDGE:V33:SynchronousMachine:FDR 320_crv2","Gen FDR 320 COLUMBIA:COYOTE RIDGE:V33:SynchronousMachine:FDR 320",31.0,0.0,0.0
"COLUMBIA:COYOTE RIDGE:V33:SynchronousMachine:FDR 330_crv2","Gen FDR 330 COLUMBIA:COYOTE RIDGE:V33:SynchronousMachine:FDR 330",14.0,0.0,0.0
"COLUMBIA:COYOTE RIDGE:V33:SynchronousMachine:FDR 340_crv2","Gen FDR 340 COLUMBIA:COYOTE RIDGE:V33:SynchronousMachine:FDR 340",23.0,0.0,0.0
"COLUMBIA:COYOTE RIDGE:V33:SynchronousMachine:FDR 350_crv2","Gen FDR 350 COLUMBIA:COYOTE RIDGE:V33:SynchronousMachine:FDR 350",15.0,0.0,0.0
"COLUMBIA:COYOTE RIDGE:V21.6:SynchronousMachine:FDR 210_crv2","Gen FDR 210 COLUMBIA:COYOTE RIDGE:V21.6:SynchronousMachine:FDR 210",21.0,0.0,0.0
"COLUMBIA:COYOTE RIDGE:V21.6:SynchronousMachine:FDR 220_crv2","Gen FDR 220 COLUMBIA:COYOTE RIDGE:V21.6:SynchronousMachine:FDR 220",11.0,0.0,0.0
"COLUMBIA:COYOTE RIDGE:V21.6:SynchronousMachine:FDR 230_crv2","Gen FDR 230 COLUMBIA:COYOTE RIDGE:V21.6:SynchronousMachine:FDR 230",34.0,0.0,0.0
"COLUMBIA:COYOTE RIDGE:V21.6:SynchronousMachine:FDR 240_crv2","Gen FDR 240 COLUMBIA:COYOTE RIDGE:V21.6:SynchronousMachine:FDR 240",23.0,0.0,0.0
"COLUMBIA:COYOTE RIDGE:V21.6:SynchronousMachine:FDR 250_crv2","Gen FDR 250 COLUMBIA:COYOTE RIDGE:V21.6:SynchronousMachine:FDR 250",19.0,0.0,0.0
"COLUMBIA:COYOTE RIDGE:V21.6:SynchronousMachine:FDR 260_crv2","Gen FDR 260 COLUMBIA:COYOTE RIDGE:V21.6:SynchronousMachine:FDR 260",22.0,0.0,0.0
"COLUMBIA:WALLA WALLA:V21.6:SynchronousMachine:FDR 120_crv2","Gen FDR 120 COLUMBIA:WALLA WALLA:V21.6:SynchronousMachine:FDR 120",20.0,0.0,0.0
"COLUMBIA:WALLA WALLA:V21.6:SynchronousMachine:FDR 160_crv2","Gen FDR 160 COLUMBIA:WALLA WALLA:V21.6:SynchronousMachine:FDR 160",15.0,0.0,0.0
"COLUMBIA:WALLA WALLA:V21.6:SynchronousMachine:FDR 170_crv2","Gen FDR 170 COLUMBIA:WALLA WALLA:V21.6:SynchronousMachine:FDR 170",30.0,0.0,0.0
"COLUMBIA:WALLA WALLA:V21.6:SynchronousMachine:FDR 180_crv2","Gen FDR 180 COLUMBIA:WALLA WALLA:V21.6:SynchronousMachine:FDR 180",27.0,0.0,0.0
"COLUMBIA:WALLA WALLA:V21.6:SynchronousMachine:FDR 250_crv2","Gen FDR 250 COLUMBIA:WALLA WALLA:V21.6:SynchronousMachine:FDR 250",16.0,0.0,0.0
"COLUMBIA:WALLA WALLA:V21.6:SynchronousMachine:FDR 260_crv2","Gen FDR 260 COLUMBIA:WALLA WALLA:V21.6:SynchronousMachine:FDR 260",22.0,0.0,0.0
"COLUMBIA:WALLA WALLA:V21.6:SynchronousMachine:FDR 270_crv2","Gen FDR 270 COLUMBIA:WALLA WALLA:V21.6:SynchronousMachine:FDR 270",13.0,0.0,0.0
"COLUMBIA:WALLA WALLA:V21.6:SynchronousMachine:FDR 280_crv2","Gen FDR 280 COLUMBIA:WALLA WALLA:V21.6:SynchronousMachine:FDR 280",10.0,0.0,0.0
"COLUMBIA:WALLA WALLA:V33:SynchronousMachine:FDR 330_crv2","Gen FDR 330 COLUMBIA:WALLA WALLA:V33:SynchronousMachine:FDR 330",27.0,0.0,0.0
"COLUMBIA:WALLA WALLA:V33:SynchronousMachine:FDR 340_crv2","Gen FDR 340 COLUMBIA:WALLA WALLA:V33:SynchronousMachine:FDR 340",24.0,0.0,0.0
"COLUMBIA:WALLA WALLA:V33:SynchronousMachine:FDR 350_crv2","Gen FDR 350 COLUMBIA:WALLA WALLA:V33:SynchronousMachine:FDR 350",18.0,0.0,0.0
"COLUMBIA:WALLA WALLA:V33:SynchronousMachine:FDR 360_crv2","Gen FDR 360 COLUMBIA:WALLA WALLA:V33:SynchronousMachine:FDR 360",21.0,0.0,0.0
"COLUMBIA:WALLA WALLA:V33:SynchronousMachine:FDR 370_crv2","Gen FDR 370 COLUMBIA:WALLA WALLA:V33:SynchronousMachine:FDR 370",37.0,0.0,0.0
