"ID","Name","Node","MVAr"
"PUGET:SEATTLE:V230:CapacitorBank:SEA_CAP 1","SEA_CAP 1","PUGET:SEATTLE:V230:BusBarSection:CAP BUS",160.0
"PUGET:SEATTLE:V230:CapacitorBank:SEA_CAP 2","SEA_CAP 2","PUGET:SEATTLE:V230:BusBarSection:CAP BUS",160.0
"PUGET:SEATTLE:V230:CapacitorBank:SEA_CAP 3","SEA_CAP 3","PUGET:SEATTLE:V230:BusBarSection:CAP BUS",160.0
"PUGET:SEATTLE:V230:CapacitorBank:SEA_CAP 4","SEA_CAP 4","PUGET:SEATTLE:V230:BusBarSection:CAP BUS",160.0
"PUGET:FEDERAL WAY:V230:CapacitorBank:FED_CAP 1","FED_CAP 1","PUGET:FEDERAL WAY:V230:BusBarSection:TRANSFER BUS 4",80.0
"PUGET:FEDERAL WAY:V230:CapacitorBank:FED_CAP 2","FED_CAP 2","PUGET:FEDERAL WAY:V230:BusBarSection:TRANSFER BUS 4",80.0
"PUGET:FEDERAL WAY:V230:CapacitorBank:FED_CAP 3","FED_CAP 3","PUGET:FEDERAL WAY:V230:BusBarSection:TRANSFER BUS 4",80.0
"PUGET:FEDERAL WAY:V230:CapacitorBank:FED_CAP 4","FED_CAP 4","PUGET:FEDERAL WAY:V230:BusBarSection:TRANSFER BUS 4",80.0
"PUGET:AUBURN:V230:CapacitorBank:AUB_CAP 1","AUB_CAP 1","PUGET:AUBURN:V230:BusBarSection:BUS 2",160.0
"PUGET:MARYSVILLE:V230:CapacitorBank:MARYS_CAP 1","MARYS_CAP 1","PUGET:MARYSVILLE:V230:BusBarSection:AUX BUS",80.0
"PUGET:EVERETT:V230:CapacitorBank:EVE_CAP 1","EVE_CAP 1","PUGET:EVERETT:V230:BusBarSection:CAP BUS",80.0
"PUGET:EVERETT:V230:CapacitorBank:EVE_CAP 2","EVE_CAP 2","PUGET:EVERETT:V230:BusBarSection:CAP BUS",80.0
"PUGET:VANCOUVER:V230:CapacitorBank:VANC_CAP 2","VANC_CAP 2","PUGET:VANCOUVER:V230:BusBarSection:AUX BUS",80.0
"PUGET:VANCOUVER:V230:CapacitorBank:VANC_CAP1","VANC_CAP1","PUGET:VANCOUVER:V230:BusBarSection:AUX BUS",80.0
"PUGET:LONGVIEW:V230:CapacitorBank:LONG_CAP 1","LONG_CAP 1","PUGET:LONGVIEW:V230:Junction:8278",80.0
"PUGET:LONGVIEW:V230:CapacitorBank:LONG_CAP 2","LONG_CAP 2","PUGET:LONGVIEW:V230:Junction:8280",80.0
"PUGET:REDMOND:V230:CapacitorBank:RED_CAP 2","RED_CAP 2","PUGET:REDMOND:V230:BusBarSection:CAP BUS",80.0
"PUGET:REDMOND:V230:CapacitorBank:RED_CAP 1","RED_CAP 1","PUGET:REDMOND:V230:BusBarSection:CAP BUS",80.0
"PUGET:BELLEVUE:V230:CapacitorBank:BELLE_CAP 1","BELLE_CAP 1","PUGET:BELLEVUE:V230:BusBarSection:BUS 2",80.0
"PUGET:BELLEVUE:V230:CapacitorBank:BELLE_CAP 2","BELLE_CAP 2","PUGET:BELLEVUE:V230:BusBarSection:BUS 2",80.0
"PUGET:LYNNWOOD:V230:CapacitorBank:LYNN_CAP 2","LYNN_CAP 2","PUGET:LYNNWOOD:V230:BusBarSection:BUS 4",80.0
"PUGET:LYNNWOOD:V230:CapacitorBank:LYNN_CAP 1","LYNN_CAP 1","PUGET:LYNNWOOD:V230:BusBarSection:BUS 4",80.0
"PALOUSE:WHEELER:V230:CapacitorBank:WHEELER_CAP 1","WHEELER_CAP 1","PALOUSE:WHEELER:V230:Junction:8324",80.0
"PUGET:PORT ANGELES:V138:CapacitorBank:PT A_CAP 1","PT A_CAP 1","PUGET:PORT ANGELES:V138:BusBarSection:CAP BUS",20.0
"PUGET:PORT ANGELES:V138:CapacitorBank:PT A_CAP 2","PT A_CAP 2","PUGET:PORT ANGELES:V138:BusBarSection:CAP BUS",20.0
"PALOUSE:SPOKANE:V12.5:CapacitorBank:SPOK_CAP 1","SPOK_CAP 1","PALOUSE:SPOKANE:V12.5:BusBarSection:OPS_BUS2",6.0
"PALOUSE:SPOKANE:V12.5:CapacitorBank:SPOK_CAP 2","SPOK_CAP 2","PALOUSE:SPOKANE:V12.5:BusBarSection:OPS_BUS1",6.0
"PALOUSE:SPOKANE:V12.5:CapacitorBank:SPOK_CAP 3","SPOK_CAP 3","PALOUSE:SPOKANE:V12.5:BusBarSection:OPS_BUS",6.0
