"ID","Name","Node","MVAr"
"PUGET:SATSOP:V500:ReactorBank:SAT_REAC 1","SAT_REAC 1","PUGET:SATSOP:V500:Junction:5883",-125.0
"PALOUSE:WENATCHEE:V500:ReactorBank:WEN_REAC 1","WEN_REAC 1","PALOUSE:WENATCHEE:V500:Junction:5887",-175.0
"PALOUSE:WENATCHEE:V500:ReactorBank:WEN_REAC 2","WEN_REAC 2","PALOUSE:WENATCHEE:V500:Junction:5893",-175.0
"PUGET:AUBURN:V500:ReactorBank:AUB_REAC 1","AUB_REAC 1","PUGET:AUBURN:V500:Junction:5901",-175.0
"COLUMBIA:WALLA WALLA:V500:ReactorBank:WALLA_ REAC 1","WALLA_ REAC 1","COLUMBIA:WALLA WALLA:V500:Junction:5911",-250.0
"PUGET:SATSOP:V500:ReactorBank:SAT_REAC 2","SAT_REAC 2","PUGET:SATSOP:V500:Junction:8129",-125.0
"PALOUSE:ELMER:V500:ReactorBank:ELM_REAC 1","ELM_REAC 1","PALOUSE:ELMER:V500:Junction:8134",-150.0
"COLUMBIA:FINLEY:V500:ReactorBank:FIN_REAC 1","FIN_REAC 1","COLUMBIA:FINLEY:V500:Junction:8133",-150.0
