"ID","Name"
"AUBURN","AUBURN"
"MARYSVILLE","MARYSVILLE"
"SEATTLE","SEATTLE"
"EVERETT","EVERETT"
"VANCOUVER","VANCOUVER"
"TACOMA","TACOMA"
"BELLINGHAM","BELLINGHAM"
"CHEHALIS","CHEHALIS"
"MT VERNON","MT VERNON"
"AIRPORT","AIRPORT"
"LONGVIEW","LONGVIEW"
"PORT ANGELES","PORT ANGELES"
"LIBERTY","LIBERTY"
"REDMOND","REDMOND"
"OLYMPIA","OLYMPIA"
"BELLEVUE","BELLEVUE"
"YAKIMA","YAKIMA"
"ELLENSBURG","ELLENSBURG"
"CHENEY","CHENEY"
"FINLEY","FINLEY"
"SUNNYSIDE","SUNNYSIDE"
"GRANDVIEW","GRANDVIEW"
"PROSSER","PROSSER"
"RICHLAND","RICHLAND"
"KENNEWICK","KENNEWICK"
"BENTON","BENTON"
"BENTON TAP","BENTON TAP"
"KENNEWICK TAP","KENNEWICK TAP"
"RICHLAND TAP","RICHLAND TAP"
"GRANDVIEW TAP","GRANDVIEW TAP"
"PROSSER TAP","PROSSER TAP"
"PASCO","PASCO"
"PASCO TAP","PASCO TAP"
"QUINCY","QUINCY"
"EPHRATA","EPHRATA"
"GLOYD","GLOYD"
"SATSOP","SATSOP"
"SPOKANE","SPOKANE"
"WALLA WALLA","WALLA WALLA"
"ROCKFORD","ROCKFORD"
"WENATCHEE","WENATCHEE"
"VALLEY","VALLEY"
"WHEELER","WHEELER"
"PULLMAN","PULLMAN"
"ELMER","ELMER"
"VANTAGE","VANTAGE"
"LYNNWOOD","LYNNWOOD"
"FEDERAL WAY","FEDERAL WAY"
"BREMERTON","BREMERTON"
"RENTON","RENTON"
"COYOTE RIDGE","COYOTE RIDGE"
"ST JOHN","ST JOHN"
