"ID","Name","Node","GeneratingUnit","RegulatedNode"
"PUGET:VANCOUVER:V24:SynchronousMachine:VANCOUVER","VANCOUVER","PUGET:VANCOUVER:V24:Junction:8156","PUGET:VANCOUVER:V24:SynchronousMachine:VANCOUVER","PUGET:VANCOUVER:V24:Junction:8156"
"PUGET:EVERETT:V24:SynchronousMachine:EVERETT 1","EVERETT 1","PUGET:EVERETT:V24:Junction:16","PUGET:EVERETT:V24:SynchronousMachine:EVERETT 1","PUGET:EVERETT:V24:BusBarSection:BUS 3"
"PUGET:EVERETT:V24:SynchronousMachine:EVERETT 2","EVERETT 2","PUGET:EVERETT:V24:Junction:18","PUGET:EVERETT:V24:SynchronousMachine:EVERETT 2","PUGET:EVERETT:V24:BusBarSection:BUS 4"
"PUGET:CHEHALIS:V24:SynchronousMachine:CHEHALIS","CHEHALIS","PUGET:CHEHALIS:V24:Junction:19","PUGET:CHEHALIS:V24:SynchronousMachine:CHEHALIS","PUGET:CHEHALIS:V24:BusBarSection:BUS 5"
"PUGET:AIRPORT:V24:SynchronousMachine:AIRPORT","AIRPORT","PUGET:AIRPORT:V24:Junction:19","PUGET:AIRPORT:V24:SynchronousMachine:AIRPORT","PUGET:AIRPORT:V24:BusBarSection:BUS 3"
"PALOUSE:LIBERTY:V24:SynchronousMachine:LIBERTY","LIBERTY","PALOUSE:LIBERTY:V24:Junction:15","PALOUSE:LIBERTY:V24:SynchronousMachine:LIBERTY","PALOUSE:LIBERTY:V24:BusBarSection:BUS 3"
"PUGET:MT VERNON:V24:SynchronousMachine:MT VERNON","MT VERNON","PUGET:MT VERNON:V24:BusBarSection:BUS 3-2","PUGET:MT VERNON:V24:SynchronousMachine:MT VERNON","PUGET:MT VERNON:V24:BusBarSection:BUS 3-2"
"PALOUSE:ELLENSBURG:V13.8:SynchronousMachine:ELLENS_G1_CC_CT","ELLENS_G1_CC_CT","PALOUSE:ELLENSBURG:V13.8:Junction:2179","PALOUSE:ELLENSBURG:V13.8:SynchronousMachine:ELLENS_G1_CC_CT","PALOUSE:ELLENSBURG:V13.8:BusBarSection:G1"
"PALOUSE:ELLENSBURG:V13.8:SynchronousMachine:ELLENS_G2_CC_CT","ELLENS_G2_CC_CT","PALOUSE:ELLENSBURG:V13.8:Junction:2180","PALOUSE:ELLENSBURG:V13.8:SynchronousMachine:ELLENS_G2_CC_CT","PALOUSE:ELLENSBURG:V13.8:BusBarSection:G2"
"PALOUSE:ELLENSBURG:V13.8:SynchronousMachine:ELLENS_G3_CC_S","ELLENS_G3_CC_S","PALOUSE:ELLENSBURG:V13.8:Junction:2181","PALOUSE:ELLENSBURG:V13.8:SynchronousMachine:ELLENS_G3_CC_S","PALOUSE:ELLENSBURG:V13.8:BusBarSection:G3"
"PALOUSE:ELLENSBURG:V4.18:SynchronousMachine:ELLENS_G4_DIESEL","ELLENS_G4_DIESEL","PALOUSE:ELLENSBURG:V4.18:Junction:2197","PALOUSE:ELLENSBURG:V4.18:SynchronousMachine:ELLENS_G4_DIESEL","PALOUSE:ELLENSBURG:V4.18:BusBarSection:G4"
"PALOUSE:CHENEY:V13.8:SynchronousMachine:CHEN_G_1","CHEN_G_1","PALOUSE:CHENEY:V13.8:Junction:2373","PALOUSE:CHENEY:V13.8:SynchronousMachine:CHEN_G_1","PALOUSE:CHENEY:V13.8:BusBarSection:G_1_2"
"PALOUSE:CHENEY:V13.8:SynchronousMachine:CHEN_G_2","CHEN_G_2","PALOUSE:CHENEY:V13.8:Junction:2370","PALOUSE:CHENEY:V13.8:SynchronousMachine:CHEN_G_2","PALOUSE:CHENEY:V13.8:BusBarSection:G_1_2"
"PALOUSE:CHENEY:V13.8:SynchronousMachine:CHEN_G_3","CHEN_G_3","PALOUSE:CHENEY:V13.8:Junction:2374","PALOUSE:CHENEY:V13.8:SynchronousMachine:CHEN_G_3","PALOUSE:CHENEY:V13.8:BusBarSection:G_3_4"
"PALOUSE:CHENEY:V13.8:SynchronousMachine:CHEN_G_4","CHEN_G_4","PALOUSE:CHENEY:V13.8:Junction:2375","PALOUSE:CHENEY:V13.8:SynchronousMachine:CHEN_G_4","PALOUSE:CHENEY:V13.8:BusBarSection:G_3_4"
"COLUMBIA:FINLEY:V13.8:SynchronousMachine:FIN_G_1","FIN_G_1","COLUMBIA:FINLEY:V13.8:BusBarSection:G_1","COLUMBIA:FINLEY:V13.8:SynchronousMachine:FIN_G_1","COLUMBIA:FINLEY:V13.8:BusBarSection:G_1"
"COLUMBIA:FINLEY:V13.8:SynchronousMachine:FIN_G_2","FIN_G_2","COLUMBIA:FINLEY:V13.8:BusBarSection:G_2","COLUMBIA:FINLEY:V13.8:SynchronousMachine:FIN_G_2","COLUMBIA:FINLEY:V13.8:BusBarSection:G_2"
"COLUMBIA:FINLEY:V13.8:SynchronousMachine:FIN_G_3","FIN_G_3","COLUMBIA:FINLEY:V13.8:BusBarSection:G_3","COLUMBIA:FINLEY:V13.8:SynchronousMachine:FIN_G_3","COLUMBIA:FINLEY:V13.8:BusBarSection:G_3"
"COLUMBIA:FINLEY:V13.8:SynchronousMachine:FIN_G_4","FIN_G_4","COLUMBIA:FINLEY:V13.8:BusBarSection:G_4","COLUMBIA:FINLEY:V13.8:SynchronousMachine:FIN_G_4","COLUMBIA:FINLEY:V13.8:BusBarSection:G_4"
"PALOUSE:LIBERTY:V13.8:SynchronousMachine:DIESEL 1","DIESEL 1","PALOUSE:LIBERTY:V13.8:Junction:3198","PALOUSE:LIBERTY:V13.8:SynchronousMachine:DIESEL 1","PALOUSE:LIBERTY:V13.8:BusBarSection:DIESEL"
"PALOUSE:LIBERTY:V13.8:SynchronousMachine:DIESEL 2","DIESEL 2","PALOUSE:LIBERTY:V13.8:Junction:3199","PALOUSE:LIBERTY:V13.8:SynchronousMachine:DIESEL 2","PALOUSE:LIBERTY:V13.8:BusBarSection:DIESEL"
"PALOUSE:LIBERTY:V13.8:SynchronousMachine:DIESEL 3","DIESEL 3","PALOUSE:LIBERTY:V13.8:Junction:3200","PALOUSE:LIBERTY:V13.8:SynchronousMachine:DIESEL 3","PALOUSE:LIBERTY:V13.8:BusBarSection:DIESEL"
"PUGET:TACOMA:V24:SynchronousMachine:TACOMA 1","TACOMA 1","PUGET:TACOMA:V24:Junction:16","PUGET:TACOMA:V24:SynchronousMachine:TACOMA 1","PUGET:TACOMA:V24:BusBarSection:GEN SOUTH"
"PUGET:TACOMA:V24:SynchronousMachine:TACOMA 2","TACOMA 2","PUGET:TACOMA:V24:Junction:3632","PUGET:TACOMA:V24:SynchronousMachine:TACOMA 2","PUGET:TACOMA:V24:BusBarSection:GEN NORTH"
"PUGET:TACOMA:V24:SynchronousMachine:TACOMA 3","TACOMA 3","PUGET:TACOMA:V24:Junction:3636","PUGET:TACOMA:V24:SynchronousMachine:TACOMA 3","PUGET:TACOMA:V24:BusBarSection:GEN NORTH"
"COLUMBIA:YAKIMA:V13.8:SynchronousMachine:YAK_GEN_WEST","YAK_GEN_WEST","COLUMBIA:YAKIMA:V13.8:Junction:3757","COLUMBIA:YAKIMA:V13.8:SynchronousMachine:YAK_GEN_WEST","COLUMBIA:YAKIMA:V13.8:Junction:3754"
"COLUMBIA:YAKIMA:V13.8:SynchronousMachine:YAK_GEN_EAST","YAK_GEN_EAST","COLUMBIA:YAKIMA:V13.8:Junction:3755","COLUMBIA:YAKIMA:V13.8:SynchronousMachine:YAK_GEN_EAST","COLUMBIA:YAKIMA:V13.8:Junction:3756"
"PUGET:SATSOP:V24:SynchronousMachine:SATSOP GEN 1","SATSOP GEN 1","PUGET:SATSOP:V24:Junction:5158","PUGET:SATSOP:V24:SynchronousMachine:SATSOP GEN 1","PUGET:SATSOP:V24:BusBarSection:GEN WEST BUS"
"PUGET:SATSOP:V24:SynchronousMachine:SATSOP GEN 2","SATSOP GEN 2","PUGET:SATSOP:V24:Junction:5159","PUGET:SATSOP:V24:SynchronousMachine:SATSOP GEN 2","PUGET:SATSOP:V24:BusBarSection:GEN EAST BUS"
"PUGET:SATSOP:V4.18:SynchronousMachine:E GEN A","E GEN A","PUGET:SATSOP:V4.18:Junction:5193","PUGET:SATSOP:V4.18:SynchronousMachine:E GEN A","PUGET:SATSOP:V4.18:BusBarSection:NORTH E GEN BUS 4.18KV"
"PUGET:SATSOP:V4.18:SynchronousMachine:E GEN B","E GEN B","PUGET:SATSOP:V4.18:Junction:5195","PUGET:SATSOP:V4.18:SynchronousMachine:E GEN B","PUGET:SATSOP:V4.18:BusBarSection:NORTH E GEN BUS 4.18KV"
"PUGET:SATSOP:V4.18:SynchronousMachine:E GEN C","E GEN C","PUGET:SATSOP:V4.18:Junction:5876","PUGET:SATSOP:V4.18:SynchronousMachine:E GEN C","PUGET:SATSOP:V4.18:BusBarSection:SOUTH E GEN BUS 4.18 KV"
"PUGET:SATSOP:V4.18:SynchronousMachine:E GEN D","E GEN D","PUGET:SATSOP:V4.18:Junction:5879","PUGET:SATSOP:V4.18:SynchronousMachine:E GEN D","PUGET:SATSOP:V4.18:BusBarSection:SOUTH E GEN BUS 4.18 KV"
"PALOUSE:ELMER:V14:SynchronousMachine:ELM_GEN 1","ELM_GEN 1","PALOUSE:ELMER:V14:Junction:6880","PALOUSE:ELMER:V14:SynchronousMachine:ELM_GEN 1","PALOUSE:ELMER:V14:BusBarSection:14KV GEN BUS 1"
"PALOUSE:ELMER:V14:SynchronousMachine:ELM_GEN 2","ELM_GEN 2","PALOUSE:ELMER:V14:Junction:6871","PALOUSE:ELMER:V14:SynchronousMachine:ELM_GEN 2","PALOUSE:ELMER:V14:BusBarSection:14KV GEN BUS 1"
"PALOUSE:ELMER:V14:SynchronousMachine:ELM_GEN 3","ELM_GEN 3","PALOUSE:ELMER:V14:Junction:6865","PALOUSE:ELMER:V14:SynchronousMachine:ELM_GEN 3","PALOUSE:ELMER:V14:BusBarSection:14KV GEN BUS 2"
"PALOUSE:ELMER:V14:SynchronousMachine:ELM_GEN 4","ELM_GEN 4","PALOUSE:ELMER:V14:Junction:6857","PALOUSE:ELMER:V14:SynchronousMachine:ELM_GEN 4","PALOUSE:ELMER:V14:BusBarSection:14KV GEN BUS 2"
"PALOUSE:ELMER:V14:SynchronousMachine:ELM_GEN 5","ELM_GEN 5","PALOUSE:ELMER:V14:Junction:6873","PALOUSE:ELMER:V14:SynchronousMachine:ELM_GEN 5","PALOUSE:ELMER:V14:BusBarSection:14KV GEN BUS 3"
"PALOUSE:ELMER:V14:SynchronousMachine:ELM_GEN 6","ELM_GEN 6","PALOUSE:ELMER:V14:Junction:6874","PALOUSE:ELMER:V14:SynchronousMachine:ELM_GEN 6","PALOUSE:ELMER:V14:BusBarSection:14KV GEN BUS 3"
"PALOUSE:ELMER:V14:SynchronousMachine:ELM_GEN 7","ELM_GEN 7","PALOUSE:ELMER:V14:Junction:6864","PALOUSE:ELMER:V14:SynchronousMachine:ELM_GEN 7","PALOUSE:ELMER:V14:BusBarSection:14KV GEN BUS 4"
"PALOUSE:ELMER:V14:SynchronousMachine:ELM_GEN 8","ELM_GEN 8","PALOUSE:ELMER:V14:Junction:6876","PALOUSE:ELMER:V14:SynchronousMachine:ELM_GEN 8","PALOUSE:ELMER:V14:BusBarSection:14KV GEN BUS 4"
"PALOUSE:ELMER:V14:SynchronousMachine:ELM_GEN 9","ELM_GEN 9","PALOUSE:ELMER:V14:Junction:6860","PALOUSE:ELMER:V14:SynchronousMachine:ELM_GEN 9","PALOUSE:ELMER:V14:BusBarSection:14KV GEN BUS 5"
"PALOUSE:ELMER:V14:SynchronousMachine:ELM_GEN 10","ELM_GEN 10","PALOUSE:ELMER:V14:Junction:6878","PALOUSE:ELMER:V14:SynchronousMachine:ELM_GEN 10","PALOUSE:ELMER:V14:BusBarSection:14KV GEN BUS 5"
"PUGET:BREMERTON:V13.8:SynchronousMachine:BREM GEN","BREM GEN","PUGET:BREMERTON:V13.8:Junction:7428","PUGET:BREMERTON:V13.8:SynchronousMachine:BREM GEN","PUGET:BREMERTON:V13.8:BusBarSection:GEN BUS"
"PUGET:RENTON:V13.8:SynchronousMachine:RENT_G1_CC_CT","RENT_G1_CC_CT","PUGET:RENTON:V13.8:Junction:7475","PUGET:RENTON:V13.8:SynchronousMachine:RENT_G1_CC_CT","PUGET:RENTON:V13.8:BusBarSection:WEST GEN BUS"
"PUGET:RENTON:V13.8:SynchronousMachine:RENT_G2_CC_CT","RENT_G2_CC_CT","PUGET:RENTON:V13.8:Junction:7477","PUGET:RENTON:V13.8:SynchronousMachine:RENT_G2_CC_CT","PUGET:RENTON:V13.8:BusBarSection:WEST GEN BUS"
"PUGET:RENTON:V13.8:SynchronousMachine:RENT_G3_CC_S","RENT_G3_CC_S","PUGET:RENTON:V13.8:Junction:7473","PUGET:RENTON:V13.8:SynchronousMachine:RENT_G3_CC_S","PUGET:RENTON:V13.8:BusBarSection:WEST GEN BUS"
"PUGET:RENTON:V13.8:SynchronousMachine:RENT_G4_CC_CT","RENT_G4_CC_CT","PUGET:RENTON:V13.8:Junction:7474","PUGET:RENTON:V13.8:SynchronousMachine:RENT_G4_CC_CT","PUGET:RENTON:V13.8:BusBarSection:EAST GEN BUS"
"PUGET:RENTON:V13.8:SynchronousMachine:RENT_G5_CC_CT","RENT_G5_CC_CT","PUGET:RENTON:V13.8:Junction:7472","PUGET:RENTON:V13.8:SynchronousMachine:RENT_G5_CC_CT","PUGET:RENTON:V13.8:BusBarSection:EAST GEN BUS"
"PUGET:RENTON:V13.8:SynchronousMachine:RENT_G6_CC_S","RENT_G6_CC_S","PUGET:RENTON:V13.8:Junction:7478","PUGET:RENTON:V13.8:SynchronousMachine:RENT_G6_CC_S","PUGET:RENTON:V13.8:BusBarSection:EAST GEN BUS"
"PALOUSE:WENATCHEE:V14:SynchronousMachine:WEN_GEN 1","WEN_GEN 1","PALOUSE:WENATCHEE:V14:Junction:7663","PALOUSE:WENATCHEE:V14:SynchronousMachine:WEN_GEN 1","PALOUSE:WENATCHEE:V14:Junction:7619"
"PALOUSE:WENATCHEE:V14:SynchronousMachine:WEN_GEN 2","WEN_GEN 2","PALOUSE:WENATCHEE:V14:Junction:7671","PALOUSE:WENATCHEE:V14:SynchronousMachine:WEN_GEN 2","PALOUSE:WENATCHEE:V14:Junction:7616"
"PALOUSE:WENATCHEE:V14:SynchronousMachine:WEN_GEN 3","WEN_GEN 3","PALOUSE:WENATCHEE:V14:Junction:7669","PALOUSE:WENATCHEE:V14:SynchronousMachine:WEN_GEN 3","PALOUSE:WENATCHEE:V14:Junction:7617"
"PALOUSE:WENATCHEE:V14:SynchronousMachine:WEN_GEN 4","WEN_GEN 4","PALOUSE:WENATCHEE:V14:Junction:7675","PALOUSE:WENATCHEE:V14:SynchronousMachine:WEN_GEN 4","PALOUSE:WENATCHEE:V14:Junction:7621"
"PALOUSE:WENATCHEE:V14:SynchronousMachine:WEN_GEN 5","WEN_GEN 5","PALOUSE:WENATCHEE:V14:Junction:7658","PALOUSE:WENATCHEE:V14:SynchronousMachine:WEN_GEN 5","PALOUSE:WENATCHEE:V14:Junction:7613"
"PALOUSE:WENATCHEE:V14:SynchronousMachine:WEN_GEN 6","WEN_GEN 6","PALOUSE:WENATCHEE:V14:Junction:7664","PALOUSE:WENATCHEE:V14:SynchronousMachine:WEN_GEN 6","PALOUSE:WENATCHEE:V14:Junction:7618"
"PALOUSE:WENATCHEE:V14:SynchronousMachine:WEN_GEN 7","WEN_GEN 7","PALOUSE:WENATCHEE:V14:Junction:7662","PALOUSE:WENATCHEE:V14:SynchronousMachine:WEN_GEN 7","PALOUSE:WENATCHEE:V14:Junction:7614"
"PALOUSE:WENATCHEE:V14:SynchronousMachine:WEN_GEN 8","WEN_GEN 8","PALOUSE:WENATCHEE:V14:Junction:7654","PALOUSE:WENATCHEE:V14:SynchronousMachine:WEN_GEN 8","PALOUSE:WENATCHEE:V14:Junction:7612"
"PALOUSE:WENATCHEE:V14:SynchronousMachine:WEN_GEN 9","WEN_GEN 9","PALOUSE:WENATCHEE:V14:Junction:7665","PALOUSE:WENATCHEE:V14:SynchronousMachine:WEN_GEN 9","PALOUSE:WENATCHEE:V14:Junction:7620"
"PALOUSE:WENATCHEE:V14:SynchronousMachine:WEN_GEN 10","WEN_GEN 10","PALOUSE:WENATCHEE:V14:Junction:7653","PALOUSE:WENATCHEE:V14:SynchronousMachine:WEN_GEN 10","PALOUSE:WENATCHEE:V14:Junction:7656"
"PALOUSE:WENATCHEE:V4.18:SynchronousMachine:POWH DIESEL","POWH DIESEL","PALOUSE:WENATCHEE:V4.18:Junction:7879","PALOUSE:WENATCHEE:V4.18:SynchronousMachine:POWH DIESEL","PALOUSE:WENATCHEE:V4.18:Junction:7879"
"PALOUSE:ST JOHN:V24:SynchronousMachine:FEEDER 1","FEEDER 1","PALOUSE:ST JOHN:V24:Junction:8810","PALOUSE:ST JOHN:V24:SynchronousMachine:FEEDER 1","PALOUSE:ST JOHN:V24:BusBarSection:24KV FDR BUS"
"PALOUSE:ST JOHN:V24:SynchronousMachine:FEEDER 2","FEEDER 2","PALOUSE:ST JOHN:V24:Junction:8812","PALOUSE:ST JOHN:V24:SynchronousMachine:FEEDER 2","PALOUSE:ST JOHN:V24:BusBarSection:24KV FDR BUS"
"PALOUSE:ST JOHN:V24:SynchronousMachine:FEEDER 3","FEEDER 3","PALOUSE:ST JOHN:V24:Junction:8800","PALOUSE:ST JOHN:V24:SynchronousMachine:FEEDER 3","PALOUSE:ST JOHN:V24:BusBarSection:24KV FDR BUS"
"PALOUSE:ST JOHN:V24:SynchronousMachine:FEEDER 4","FEEDER 4","PALOUSE:ST JOHN:V24:Junction:8813","PALOUSE:ST JOHN:V24:SynchronousMachine:FEEDER 4","PALOUSE:ST JOHN:V24:BusBarSection:24KV FDR BUS"
"PALOUSE:ST JOHN:V24:SynchronousMachine:FEEDER 5","FEEDER 5","PALOUSE:ST JOHN:V24:Junction:8808","PALOUSE:ST JOHN:V24:SynchronousMachine:FEEDER 5","PALOUSE:ST JOHN:V24:BusBarSection:24KV FDR BUS"
"PALOUSE:ST JOHN:V24:SynchronousMachine:FEEDER 6","FEEDER 6","PALOUSE:ST JOHN:V24:Junction:8814","PALOUSE:ST JOHN:V24:SynchronousMachine:FEEDER 6","PALOUSE:ST JOHN:V24:BusBarSection:24KV FDR BUS"
"PALOUSE:ST JOHN:V24:SynchronousMachine:FEEDER 7","FEEDER 7","PALOUSE:ST JOHN:V24:Junction:8811","PALOUSE:ST JOHN:V24:SynchronousMachine:FEEDER 7","PALOUSE:ST JOHN:V24:BusBarSection:24KV FDR BUS"
"PALOUSE:VANTAGE:V24:SynchronousMachine:GEN 2-1","GEN 2-1","PALOUSE:VANTAGE:V24:Junction:8860","PALOUSE:VANTAGE:V24:SynchronousMachine:GEN 2-1","PALOUSE:VANTAGE:V24:BusBarSection:24KV BUS"
"PALOUSE:VANTAGE:V24:SynchronousMachine:GEN 2-2","GEN 2-2","PALOUSE:VANTAGE:V24:Junction:8855","PALOUSE:VANTAGE:V24:SynchronousMachine:GEN 2-2","PALOUSE:VANTAGE:V24:BusBarSection:24KV BUS"
"PALOUSE:VANTAGE:V24:SynchronousMachine:GEN 2-3","GEN 2-3","PALOUSE:VANTAGE:V24:Junction:8862","PALOUSE:VANTAGE:V24:SynchronousMachine:GEN 2-3","PALOUSE:VANTAGE:V24:BusBarSection:24KV BUS"
"PALOUSE:VANTAGE:V24:SynchronousMachine:GEN 2-4","GEN 2-4","PALOUSE:VANTAGE:V24:Junction:8861","PALOUSE:VANTAGE:V24:SynchronousMachine:GEN 2-4","PALOUSE:VANTAGE:V24:BusBarSection:24KV BUS"
"PALOUSE:VANTAGE:V33:SynchronousMachine:GEN 3-1","GEN 3-1","PALOUSE:VANTAGE:V33:Junction:8868","PALOUSE:VANTAGE:V33:SynchronousMachine:GEN 3-1","PALOUSE:VANTAGE:V33:BusBarSection:33KV BUS"
"PALOUSE:VANTAGE:V33:SynchronousMachine:GEN 3-2","GEN 3-2","PALOUSE:VANTAGE:V33:Junction:8863","PALOUSE:VANTAGE:V33:SynchronousMachine:GEN 3-2","PALOUSE:VANTAGE:V33:BusBarSection:33KV BUS"
"PALOUSE:VANTAGE:V33:SynchronousMachine:GEN 3-3","GEN 3-3","PALOUSE:VANTAGE:V33:Junction:8867","PALOUSE:VANTAGE:V33:SynchronousMachine:GEN 3-3","PALOUSE:VANTAGE:V33:BusBarSection:33KV BUS"
"PALOUSE:VANTAGE:V33:SynchronousMachine:GEN 3-4","GEN 3-4","PALOUSE:VANTAGE:V33:Junction:8866","PALOUSE:VANTAGE:V33:SynchronousMachine:GEN 3-4","PALOUSE:VANTAGE:V33:BusBarSection:33KV BUS"
"COLUMBIA:COYOTE RIDGE:V33:SynchronousMachine:FDR 310","FDR 310","COLUMBIA:COYOTE RIDGE:V33:Junction:8677","COLUMBIA:COYOTE RIDGE:V33:SynchronousMachine:FDR 310","COLUMBIA:COYOTE RIDGE:V33:BusBarSection:33KV BUS"
"COLUMBIA:COYOTE RIDGE:V33:SynchronousMachine:FDR 320","FDR 320","COLUMBIA:COYOTE RIDGE:V33:Junction:8670","COLUMBIA:COYOTE RIDGE:V33:SynchronousMachine:FDR 320","COLUMBIA:COYOTE RIDGE:V33:BusBarSection:33KV BUS"
"COLUMBIA:COYOTE RIDGE:V33:SynchronousMachine:FDR 330","FDR 330","COLUMBIA:COYOTE RIDGE:V33:Junction:8678","COLUMBIA:COYOTE RIDGE:V33:SynchronousMachine:FDR 330","COLUMBIA:COYOTE RIDGE:V33:BusBarSection:33KV BUS"
"COLUMBIA:COYOTE RIDGE:V33:SynchronousMachine:FDR 340","FDR 340","COLUMBIA:COYOTE RIDGE:V33:Junction:8680","COLUMBIA:COYOTE RIDGE:V33:SynchronousMachine:FDR 340","COLUMBIA:COYOTE RIDGE:V33:BusBarSection:33KV BUS"
"COLUMBIA:COYOTE RIDGE:V33:SynchronousMachine:FDR 350","FDR 350","COLUMBIA:COYOTE RIDGE:V33:Junction:8676","COLUMBIA:COYOTE RIDGE:V33:SynchronousMachine:FDR 350","COLUMBIA:COYOTE RIDGE:V33:BusBarSection:33KV BUS"
"COLUMBIA:COYOTE RIDGE:V21.6:SynchronousMachine:FDR 210","FDR 210","COLUMBIA:COYOTE RIDGE:V21.6:Junction:8715","COLUMBIA:COYOTE RIDGE:V21.6:SynchronousMachine:FDR 210","COLUMBIA:COYOTE RIDGE:V21.6:BusBarSection:21.6KV BUS"
"COLUMBIA:COYOTE RIDGE:V21.6:SynchronousMachine:FDR 220","FDR 220","COLUMBIA:COYOTE RIDGE:V21.6:Junction:8717","COLUMBIA:COYOTE RIDGE:V21.6:SynchronousMachine:FDR 220","COLUMBIA:COYOTE RIDGE:V21.6:BusBarSection:21.6KV BUS"
"COLUMBIA:COYOTE RIDGE:V21.6:SynchronousMachine:FDR 230","FDR 230","COLUMBIA:COYOTE RIDGE:V21.6:Junction:8710","COLUMBIA:COYOTE RIDGE:V21.6:SynchronousMachine:FDR 230","COLUMBIA:COYOTE RIDGE:V21.6:BusBarSection:21.6KV BUS"
"COLUMBIA:COYOTE RIDGE:V21.6:SynchronousMachine:FDR 240","FDR 240","COLUMBIA:COYOTE RIDGE:V21.6:Junction:8705","COLUMBIA:COYOTE RIDGE:V21.6:SynchronousMachine:FDR 240","COLUMBIA:COYOTE RIDGE:V21.6:BusBarSection:21.6KV BUS"
"COLUMBIA:COYOTE RIDGE:V21.6:SynchronousMachine:FDR 250","FDR 250","COLUMBIA:COYOTE RIDGE:V21.6:Junction:8707","COLUMBIA:COYOTE RIDGE:V21.6:SynchronousMachine:FDR 250","COLUMBIA:COYOTE RIDGE:V21.6:BusBarSection:21.6KV BUS"
"COLUMBIA:COYOTE RIDGE:V21.6:SynchronousMachine:FDR 260","FDR 260","COLUMBIA:COYOTE RIDGE:V21.6:Junction:8709","COLUMBIA:COYOTE RIDGE:V21.6:SynchronousMachine:FDR 260","COLUMBIA:COYOTE RIDGE:V21.6:BusBarSection:21.6KV BUS"
"COLUMBIA:WALLA WALLA:V21.6:SynchronousMachine:FDR 120","FDR 120","COLUMBIA:WALLA WALLA:V21.6:Junction:8478","COLUMBIA:WALLA WALLA:V21.6:SynchronousMachine:FDR 120","COLUMBIA:WALLA WALLA:V21.6:BusBarSection:21.6KV BUS 1"
"COLUMBIA:WALLA WALLA:V21.6:SynchronousMachine:FDR 160","FDR 160","COLUMBIA:WALLA WALLA:V21.6:Junction:8477","COLUMBIA:WALLA WALLA:V21.6:SynchronousMachine:FDR 160","COLUMBIA:WALLA WALLA:V21.6:BusBarSection:21.6KV BUS 1"
"COLUMBIA:WALLA WALLA:V21.6:SynchronousMachine:FDR 170","FDR 170","COLUMBIA:WALLA WALLA:V21.6:Junction:8491","COLUMBIA:WALLA WALLA:V21.6:SynchronousMachine:FDR 170","COLUMBIA:WALLA WALLA:V21.6:BusBarSection:21.6KV BUS 1"
"COLUMBIA:WALLA WALLA:V21.6:SynchronousMachine:FDR 180","FDR 180","COLUMBIA:WALLA WALLA:V21.6:Junction:8488","COLUMBIA:WALLA WALLA:V21.6:SynchronousMachine:FDR 180","COLUMBIA:WALLA WALLA:V21.6:BusBarSection:21.6KV BUS 1"
"COLUMBIA:WALLA WALLA:V21.6:SynchronousMachine:FDR 250","FDR 250","COLUMBIA:WALLA WALLA:V21.6:Junction:8469","COLUMBIA:WALLA WALLA:V21.6:SynchronousMachine:FDR 250","COLUMBIA:WALLA WALLA:V21.6:BusBarSection:21.6KV BUS 2"
"COLUMBIA:WALLA WALLA:V21.6:SynchronousMachine:FDR 260","FDR 260","COLUMBIA:WALLA WALLA:V21.6:Junction:8487","COLUMBIA:WALLA WALLA:V21.6:SynchronousMachine:FDR 260","COLUMBIA:WALLA WALLA:V21.6:BusBarSection:21.6KV BUS 2"
"COLUMBIA:WALLA WALLA:V21.6:SynchronousMachine:FDR 270","FDR 270","COLUMBIA:WALLA WALLA:V21.6:Junction:8498","COLUMBIA:WALLA WALLA:V21.6:SynchronousMachine:FDR 270","COLUMBIA:WALLA WALLA:V21.6:BusBarSection:21.6KV BUS 2"
"COLUMBIA:WALLA WALLA:V21.6:SynchronousMachine:FDR 280","FDR 280","COLUMBIA:WALLA WALLA:V21.6:Junction:8470","COLUMBIA:WALLA WALLA:V21.6:SynchronousMachine:FDR 280","COLUMBIA:WALLA WALLA:V21.6:BusBarSection:21.6KV BUS 2"
"COLUMBIA:WALLA WALLA:V33:SynchronousMachine:FDR 330","FDR 330","COLUMBIA:WALLA WALLA:V33:Junction:8524","COLUMBIA:WALLA WALLA:V33:SynchronousMachine:FDR 330","COLUMBIA:WALLA WALLA:V33:BusBarSection:33KV BUS"
"COLUMBIA:WALLA WALLA:V33:SynchronousMachine:FDR 340","FDR 340","COLUMBIA:WALLA WALLA:V33:Junction:8535","COLUMBIA:WALLA WALLA:V33:SynchronousMachine:FDR 340","COLUMBIA:WALLA WALLA:V33:BusBarSection:33KV BUS"
"COLUMBIA:WALLA WALLA:V33:SynchronousMachine:FDR 350","FDR 350","COLUMBIA:WALLA WALLA:V33:Junction:8527","COLUMBIA:WALLA WALLA:V33:SynchronousMachine:FDR 350","COLUMBIA:WALLA WALLA:V33:BusBarSection:33KV BUS"
"COLUMBIA:WALLA WALLA:V33:SynchronousMachine:FDR 360","FDR 360","COLUMBIA:WALLA WALLA:V33:Junction:8526","COLUMBIA:WALLA WALLA:V33:SynchronousMachine:FDR 360","COLUMBIA:WALLA WALLA:V33:BusBarSection:33KV BUS"
"COLUMBIA:WALLA WALLA:V33:SynchronousMachine:FDR 370","FDR 370","COLUMBIA:WALLA WALLA:V33:Junction:8525","COLUMBIA:WALLA WALLA:V33:SynchronousMachine:FDR 370","COLUMBIA:WALLA WALLA:V33:BusBarSection:33KV BUS"
