"ID","Name","Transformer","Node1","Node2","R","X","Bmag","NormalOperatingLimit"
"PUGET:EVERETT:V230:TransformerWinding:CRATR 30_wnd","CRATR 30","PUGET:EVERETT:V230:TransformerWinding:CRATR 30","PUGET:EVERETT:V230:Junction:5","PUGET:EVERETT:V24:Junction:14",0.0,0.03,0.0,400.0
"PUGET:EVERETT:V230:TransformerWinding:CRATR 35_wnd","CRATR 35","PUGET:EVERETT:V230:TransformerWinding:CRATR 35","PUGET:EVERETT:V230:Junction:13","PUGET:EVERETT:V24:Junction:15",0.0,0.03,0.0,400.0
"PUGET:TACOMA:V230:TransformerWinding:TAC TR 39_wnd","TAC TR 39","PUGET:TACOMA:V230:TransformerWinding:TAC TR 39","PUGET:TACOMA:V230:Junction:6","PUGET:TACOMA:V138:Junction:3050",0.0,0.02,0.0,500.0
"PUGET:TACOMA:V138:TransformerWinding:TAC TR 41_wnd","TAC TR 41","PUGET:TACOMA:V138:TransformerWinding:TAC TR 41","PUGET:TACOMA:V138:Junction:3047","PUGET:TACOMA:V24:Junction:14",0.0,0.024,0.0,400.0
"PUGET:CHEHALIS:V230:TransformerWinding:FARTR 45_wnd","FARTR 45","PUGET:CHEHALIS:V230:TransformerWinding:FARTR 45","PUGET:CHEHALIS:V230:Junction:11","PUGET:CHEHALIS:V138:Junction:16",0.0,0.01,0.0,350.0
"PUGET:CHEHALIS:V230:TransformerWinding:FARTR 48_wnd","FARTR 48","PUGET:CHEHALIS:V230:TransformerWinding:FARTR 48","PUGET:CHEHALIS:V230:Junction:8","PUGET:CHEHALIS:V24:Junction:17",0.0,0.01,0.0,1626.0
"PUGET:AIRPORT:V230:TransformerWinding:HOMTR 57_wnd","HOMTR 57","PUGET:AIRPORT:V230:TransformerWinding:HOMTR 57","PUGET:AIRPORT:V230:Junction:3384","PUGET:AIRPORT:V24:Junction:17",0.0,0.01,0.0,400.0
"PUGET:LONGVIEW:V230:TransformerWinding:JENTR 59_wnd","JENTR 59","PUGET:LONGVIEW:V230:TransformerWinding:JENTR 59","PUGET:LONGVIEW:V230:Junction:3305","PUGET:LONGVIEW:V69:Junction:11",0.0,0.01,0.0,320.0
"PUGET:PORT ANGELES:V230:TransformerWinding:KINTR 63_wnd","KINTR 63","PUGET:PORT ANGELES:V230:TransformerWinding:KINTR 63","PUGET:PORT ANGELES:V230:Junction:2879","PUGET:PORT ANGELES:V138:Junction:2904",0.0,0.01,0.0,250.0
"PUGET:REDMOND:V230:TransformerWinding:MOSTR 70_wnd","MOSTR 70","PUGET:REDMOND:V230:TransformerWinding:MOSTR 70","PUGET:REDMOND:V230:Junction:8","PUGET:REDMOND:V69:Junction:2063",0.0,0.191,0.0,320.0
"PUGET:BELLEVUE:V230:TransformerWinding:OAKTR 74_wnd","OAKTR 74","PUGET:BELLEVUE:V230:TransformerWinding:OAKTR 74","PUGET:BELLEVUE:V230:Junction:3569","PUGET:BELLEVUE:V69:Junction:13",0.0,0.01,0.0,320.0
"PUGET:MT VERNON:V230:TransformerWinding:GRTR_high_wnd","GRTR_high","PUGET:MT VERNON:V230:TransformerWinding:GRTR_high","PUGET:MT VERNON:V230:Junction:2693","PUGET:MT VERNON:V24:Junction:1841",0.0,0.0088,0.0,552.0
"PALOUSE:ELLENSBURG:V138:TransformerWinding:G1_high_wnd","G1_high","PALOUSE:ELLENSBURG:V138:TransformerWinding:G1_high","PALOUSE:ELLENSBURG:V138:Junction:2196","PALOUSE:ELLENSBURG:V13.8:BusBarSection:G1",0.0,0.01,0.0,80.0
"PALOUSE:ELLENSBURG:V138:TransformerWinding:G2_high_wnd","G2_high","PALOUSE:ELLENSBURG:V138:TransformerWinding:G2_high","PALOUSE:ELLENSBURG:V138:Junction:2192","PALOUSE:ELLENSBURG:V13.8:BusBarSection:G2",0.0,0.01,0.0,80.0
"PALOUSE:ELLENSBURG:V138:TransformerWinding:G3_high_wnd","G3_high","PALOUSE:ELLENSBURG:V138:TransformerWinding:G3_high","PALOUSE:ELLENSBURG:V138:Junction:2186","PALOUSE:ELLENSBURG:V13.8:BusBarSection:G3",0.0,0.01,0.0,80.0
"PALOUSE:ELLENSBURG:V138:TransformerWinding:G4_high_wnd","G4_high","PALOUSE:ELLENSBURG:V138:TransformerWinding:G4_high","PALOUSE:ELLENSBURG:V138:Junction:2189","PALOUSE:ELLENSBURG:V4.18:BusBarSection:G4",0.0,0.01,0.0,3.8
"PALOUSE:ELLENSBURG:V230:TransformerWinding:T1_high_wnd","T1_high","PALOUSE:ELLENSBURG:V230:TransformerWinding:T1_high","PALOUSE:ELLENSBURG:V230:Junction:2263","PALOUSE:ELLENSBURG:V138:Junction:2275",0.00197,0.06324,-0.06324,223.0
"PALOUSE:ELLENSBURG:V230:TransformerWinding:T2_high_wnd","T2_high","PALOUSE:ELLENSBURG:V230:TransformerWinding:T2_high","PALOUSE:ELLENSBURG:V230:Junction:2260","PALOUSE:ELLENSBURG:V138:Junction:2274",0.00197,0.06324,-0.06324,223.0
"PALOUSE:CHENEY:V115:TransformerWinding:G_1_2_high_wnd","G_1_2_high","PALOUSE:CHENEY:V115:TransformerWinding:G_1_2_high","PALOUSE:CHENEY:V115:Junction:2309","PALOUSE:CHENEY:V13.8:BusBarSection:G_1_2",0.0,0.01,0.0,125.0
"PALOUSE:CHENEY:V115:TransformerWinding:G_2_4_high_wnd","G_2_4_high","PALOUSE:CHENEY:V115:TransformerWinding:G_2_4_high","PALOUSE:CHENEY:V115:Junction:2311","PALOUSE:CHENEY:V13.8:BusBarSection:G_3_4",0.0,0.01,0.0,125.0
"PALOUSE:CHENEY:V115:TransformerWinding:SS1_high_wnd","SS1_high","PALOUSE:CHENEY:V115:TransformerWinding:SS1_high","PALOUSE:CHENEY:V115:Junction:2326","PALOUSE:CHENEY:V.480:Junction:2354",0.0,0.5,0.0,5.0
"PALOUSE:CHENEY:V115:TransformerWinding:SS2_high_wnd","SS2_high","PALOUSE:CHENEY:V115:TransformerWinding:SS2_high","PALOUSE:CHENEY:V115:Junction:2332","PALOUSE:CHENEY:V.480:Junction:2358",0.0,0.5,0.0,5.0
"PALOUSE:CHENEY:V230:TransformerWinding:T1_high_wnd","T1_high","PALOUSE:CHENEY:V230:TransformerWinding:T1_high","PALOUSE:CHENEY:V230:Junction:2402","PALOUSE:CHENEY:V115:Junction:2444",0.0,0.01,0.0,200.0
"PALOUSE:CHENEY:V230:TransformerWinding:T2_high_wnd","T2_high","PALOUSE:CHENEY:V230:TransformerWinding:T2_high","PALOUSE:CHENEY:V230:Junction:2399","PALOUSE:CHENEY:V115:Junction:2443",0.0,0.01,0.0,200.0
"COLUMBIA:FINLEY:V230:TransformerWinding:T_1_high_wnd","T_1_high","COLUMBIA:FINLEY:V230:TransformerWinding:T_1_high","COLUMBIA:FINLEY:V230:Junction:2507","COLUMBIA:FINLEY:V13.8:Junction:2478",0.01,0.15,0.0,105.0
"COLUMBIA:FINLEY:V230:TransformerWinding:T_2_high_wnd","T_2_high","COLUMBIA:FINLEY:V230:TransformerWinding:T_2_high","COLUMBIA:FINLEY:V230:Junction:2513","COLUMBIA:FINLEY:V13.8:Junction:2481",0.01,0.15,0.0,100.0
"COLUMBIA:FINLEY:V230:TransformerWinding:T_3_high_wnd","T_3_high","COLUMBIA:FINLEY:V230:TransformerWinding:T_3_high","COLUMBIA:FINLEY:V230:Junction:2515","COLUMBIA:FINLEY:V13.8:Junction:2480",0.01,0.15,0.0,45.0
"COLUMBIA:FINLEY:V230:TransformerWinding:T_4_high_wnd","T_4_high","COLUMBIA:FINLEY:V230:TransformerWinding:T_4_high","COLUMBIA:FINLEY:V230:Junction:2514","COLUMBIA:FINLEY:V13.8:Junction:2479",0.04,0.66,0.0,20.0
"COLUMBIA:YAKIMA:V115:TransformerWinding:ETR1_high_wnd","ETR1_high","COLUMBIA:YAKIMA:V115:TransformerWinding:ETR1_high","COLUMBIA:YAKIMA:V115:Junction:3752","COLUMBIA:YAKIMA:V13.8:Junction:3756",0.0,0.07,0.0,300.0
"COLUMBIA:YAKIMA:V115:TransformerWinding:WTR1_high_wnd","WTR1_high","COLUMBIA:YAKIMA:V115:TransformerWinding:WTR1_high","COLUMBIA:YAKIMA:V115:Junction:3753","COLUMBIA:YAKIMA:V13.8:Junction:3754",0.0,0.07,0.0,300.0
"COLUMBIA:YAKIMA:V230:TransformerWinding:WTR2_high_wnd","WTR2_high","COLUMBIA:YAKIMA:V230:TransformerWinding:WTR2_high","COLUMBIA:YAKIMA:V230:Junction:3690","COLUMBIA:YAKIMA:V115:Junction:3750",0.0,0.01,0.0,820.0
"COLUMBIA:YAKIMA:V230:TransformerWinding:ETR2_high_wnd","ETR2_high","COLUMBIA:YAKIMA:V230:TransformerWinding:ETR2_high","COLUMBIA:YAKIMA:V230:Junction:3691","COLUMBIA:YAKIMA:V115:Junction:3751",0.0,0.01,0.0,820.0
"COLUMBIA:YAKIMA:V230:TransformerWinding:TR3_high_wnd","TR3_high","COLUMBIA:YAKIMA:V230:TransformerWinding:TR3_high","COLUMBIA:YAKIMA:V230:Junction:7900","COLUMBIA:YAKIMA:V115:Junction:4075",7.4E-4,0.0276,0.0,285.5
"COLUMBIA:FINLEY:V230:TransformerWinding:TR 1_high_wnd","TR 1_high","COLUMBIA:FINLEY:V230:TransformerWinding:TR 1_high","COLUMBIA:FINLEY:V230:Junction:2584","COLUMBIA:FINLEY:V115:Junction:4086",7.4E-4,0.0276,0.0,285.5
"COLUMBIA:SUNNYSIDE:V115:TransformerWinding:TR 2_high_wnd","TR 2_high","COLUMBIA:SUNNYSIDE:V115:TransformerWinding:TR 2_high","COLUMBIA:SUNNYSIDE:V115:Junction:3993","COLUMBIA:SUNNYSIDE:V12.5:Junction:4118",0.01,0.17,0.0,74.8
"COLUMBIA:SUNNYSIDE:V115:TransformerWinding:TR 1_high_wnd","TR 1_high","COLUMBIA:SUNNYSIDE:V115:TransformerWinding:TR 1_high","COLUMBIA:SUNNYSIDE:V115:Junction:3991","COLUMBIA:SUNNYSIDE:V12.5:Junction:4103",0.01,0.17,0.0,74.8
"COLUMBIA:FINLEY:V230:TransformerWinding:TR 2_high_wnd","TR 2_high","COLUMBIA:FINLEY:V230:TransformerWinding:TR 2_high","COLUMBIA:FINLEY:V230:Junction:2595","COLUMBIA:FINLEY:V115:Junction:4150",7.4E-4,0.0276,0.0,285.5
"COLUMBIA:GRANDVIEW:V115:TransformerWinding:TR1_high_wnd","TR1_high","COLUMBIA:GRANDVIEW:V115:TransformerWinding:TR1_high","COLUMBIA:GRANDVIEW:V115:Junction:4321","COLUMBIA:GRANDVIEW:V12.5:Junction:4327",0.03,0.52,0.0,30.0
"COLUMBIA:PROSSER:V115:TransformerWinding:TR-RIVER_high_wnd","TR-RIVER_high","COLUMBIA:PROSSER:V115:TransformerWinding:TR-RIVER_high","COLUMBIA:PROSSER:V115:Junction:4394","COLUMBIA:PROSSER:V12.5:Junction:4384",0.03,0.52,0.0,30.0
"COLUMBIA:BENTON:V115:TransformerWinding:TR-IAN_high_wnd","TR-IAN_high","COLUMBIA:BENTON:V115:TransformerWinding:TR-IAN_high","COLUMBIA:BENTON:V115:Junction:4435","COLUMBIA:BENTON:V12.5:Junction:4417",0.0,0.01,0.0,30.0
"COLUMBIA:RICHLAND:V115:TransformerWinding:TR-ZIP_high_wnd","TR-ZIP_high","COLUMBIA:RICHLAND:V115:TransformerWinding:TR-ZIP_high","COLUMBIA:RICHLAND:V115:Junction:4469","COLUMBIA:RICHLAND:V12.5:Junction:4451",0.03,0.52,0.0,30.0
"COLUMBIA:KENNEWICK:V115:TransformerWinding:TR-SNOOP_high_wnd","TR-SNOOP_high","COLUMBIA:KENNEWICK:V115:TransformerWinding:TR-SNOOP_high","COLUMBIA:KENNEWICK:V115:Junction:4508","COLUMBIA:KENNEWICK:V12.5:Junction:4491",0.03,0.52,0.0,30.0
"COLUMBIA:PASCO:V115:TransformerWinding:TR-LEMON_high_wnd","TR-LEMON_high","COLUMBIA:PASCO:V115:TransformerWinding:TR-LEMON_high","COLUMBIA:PASCO:V115:Junction:4530","COLUMBIA:PASCO:V12.5:Junction:4532",0.03,0.52,0.0,30.0
"PALOUSE:QUINCY:V115:TransformerWinding:TR1_high_wnd","TR1_high","PALOUSE:QUINCY:V115:TransformerWinding:TR1_high","PALOUSE:QUINCY:V115:Junction:4589","PALOUSE:QUINCY:V33:BusBarSection:EAST_BUS",0.05,0.54,0.0,28.0
"PALOUSE:QUINCY:V115:TransformerWinding:TR2_high_wnd","TR2_high","PALOUSE:QUINCY:V115:TransformerWinding:TR2_high","PALOUSE:QUINCY:V115:Junction:4588","PALOUSE:QUINCY:V33:BusBarSection:WEST_BUS",0.05,0.54,0.0,28.0
"PALOUSE:ELLENSBURG:V230:TransformerWinding:T3_high_wnd","T3_high","PALOUSE:ELLENSBURG:V230:TransformerWinding:T3_high","PALOUSE:ELLENSBURG:V230:Junction:2262","PALOUSE:ELLENSBURG:V115:Junction:4596",7.4E-4,0.0276,0.0,285.0
"PALOUSE:EPHRATA:V115:TransformerWinding:TR2_high_wnd","TR2_high","PALOUSE:EPHRATA:V115:TransformerWinding:TR2_high","PALOUSE:EPHRATA:V115:Junction:4628","PALOUSE:EPHRATA:V12.5:Junction:4681",0.0,0.01,0.0,45.0
"PALOUSE:EPHRATA:V115:TransformerWinding:TR3_high_wnd","TR3_high","PALOUSE:EPHRATA:V115:TransformerWinding:TR3_high","PALOUSE:EPHRATA:V115:Junction:4627","PALOUSE:EPHRATA:V12.5:Junction:4682",0.0,0.01,0.0,45.0
"PALOUSE:CHENEY:V230:TransformerWinding:T3_high_wnd","T3_high","PALOUSE:CHENEY:V230:TransformerWinding:T3_high","PALOUSE:CHENEY:V230:Junction:4718","PALOUSE:CHENEY:V115:Junction:4726",0.0,0.01,0.0,200.0
"PALOUSE:GLOYD:V115:TransformerWinding:TR1_high_wnd","TR1_high","PALOUSE:GLOYD:V115:TransformerWinding:TR1_high","PALOUSE:GLOYD:V115:Junction:4801","PALOUSE:GLOYD:V12.5:BusBarSection:BUS 1",0.03,0.52,0.0,30.0
"PALOUSE:GLOYD:V115:TransformerWinding:TR2_high_wnd","TR2_high","PALOUSE:GLOYD:V115:TransformerWinding:TR2_high","PALOUSE:GLOYD:V115:Junction:4799","PALOUSE:GLOYD:V12.5:BusBarSection:BUS 2",0.03,0.52,0.0,30.0
"PALOUSE:GLOYD:V115:TransformerWinding:TR3_high_wnd","TR3_high","PALOUSE:GLOYD:V115:TransformerWinding:TR3_high","PALOUSE:GLOYD:V115:Junction:4795","PALOUSE:GLOYD:V12.5:BusBarSection:BUS 3",0.03,0.52,0.0,30.0
"PUGET:SATSOP:V500:TransformerWinding:POD GEN W_high_wnd","POD GEN W_high","PUGET:SATSOP:V500:TransformerWinding:POD GEN W_high","PUGET:SATSOP:V500:Junction:4931","PUGET:SATSOP:V24:Junction:5156",2.1E-4,0.01286,0.0,1231.0
"PUGET:SATSOP:V500:TransformerWinding:POD GEN E_high_wnd","POD GEN E_high","PUGET:SATSOP:V500:TransformerWinding:POD GEN E_high","PUGET:SATSOP:V500:Junction:4924","PUGET:SATSOP:V24:Junction:5155",2.1E-4,0.01286,0.0,1231.0
"PUGET:SATSOP:V500:TransformerWinding:POD 500_230_high_wnd","POD 500_230_high","PUGET:SATSOP:V500:TransformerWinding:POD 500_230_high","PUGET:SATSOP:V500:Junction:4930","PUGET:SATSOP:V230:Junction:5104",1.7E-4,0.01496,0.0,710.0
"PUGET:SATSOP:V230:TransformerWinding:POD 230_24_high_wnd","POD 230_24_high","PUGET:SATSOP:V230:TransformerWinding:POD 230_24_high","PUGET:SATSOP:V230:Junction:5110","PUGET:SATSOP:V24:Junction:5157",0.0,0.01,0.0,1626.0
"PUGET:SATSOP:V24:TransformerWinding:SS TR 1_high_wnd","SS TR 1_high","PUGET:SATSOP:V24:TransformerWinding:SS TR 1_high","PUGET:SATSOP:V24:Junction:5216","PUGET:SATSOP:V4.18:Junction:5199",0.0,0.08,0.0,23.0
"PUGET:SATSOP:V24:TransformerWinding:SS TR 2_high_wnd","SS TR 2_high","PUGET:SATSOP:V24:TransformerWinding:SS TR 2_high","PUGET:SATSOP:V24:Junction:5217","PUGET:SATSOP:V4.18:Junction:5196",0.0,0.08,0.0,23.0
"PALOUSE:SPOKANE:V115:TransformerWinding:TR3_high_wnd","TR3_high","PALOUSE:SPOKANE:V115:TransformerWinding:TR3_high","PALOUSE:SPOKANE:V115:Junction:5386","PALOUSE:SPOKANE:V12.5:Junction:5344",0.01,0.21,0.0,56.0
"PALOUSE:SPOKANE:V115:TransformerWinding:TR2_high_wnd","TR2_high","PALOUSE:SPOKANE:V115:TransformerWinding:TR2_high","PALOUSE:SPOKANE:V115:Junction:5382","PALOUSE:SPOKANE:V12.5:Junction:5356",0.01,0.21,0.0,56.0
"PALOUSE:SPOKANE:V115:TransformerWinding:TR1_high_wnd","TR1_high","PALOUSE:SPOKANE:V115:TransformerWinding:TR1_high","PALOUSE:SPOKANE:V115:Junction:5387","PALOUSE:SPOKANE:V12.5:Junction:5338",0.01,0.21,0.0,56.0
"PALOUSE:WENATCHEE:V500:TransformerWinding:TGR 500-230 TR_high_wnd","TGR 500-230 TR_high","PALOUSE:WENATCHEE:V500:TransformerWinding:TGR 500-230 TR_high","PALOUSE:WENATCHEE:V500:Junction:5479","PALOUSE:WENATCHEE:V230:Junction:7754",1.7E-4,0.01165,0.0,942.0
"COLUMBIA:WALLA WALLA:V500:TransformerWinding:MOO 500-230_high_wnd","MOO 500-230_high","COLUMBIA:WALLA WALLA:V500:TransformerWinding:MOO 500-230_high","COLUMBIA:WALLA WALLA:V500:Junction:5727","COLUMBIA:WALLA WALLA:V230:Junction:5746",1.7E-4,0.01165,0.0,942.0
"PALOUSE:VALLEY:V115:TransformerWinding:TR3_high_wnd","TR3_high","PALOUSE:VALLEY:V115:TransformerWinding:TR3_high","PALOUSE:VALLEY:V115:Junction:5821","PALOUSE:VALLEY:V12.5:BusBarSection:BUS 3",0.01,0.17,0.0,95.0
"PALOUSE:VALLEY:V115:TransformerWinding:TR2_high_wnd","TR2_high","PALOUSE:VALLEY:V115:TransformerWinding:TR2_high","PALOUSE:VALLEY:V115:Junction:5818","PALOUSE:VALLEY:V12.5:BusBarSection:BUS 2",0.01,0.17,0.0,95.0
"PALOUSE:VALLEY:V115:TransformerWinding:TR1_high_wnd","TR1_high","PALOUSE:VALLEY:V115:TransformerWinding:TR1_high","PALOUSE:VALLEY:V115:Junction:5819","PALOUSE:VALLEY:V12.5:BusBarSection:BUS 1",0.01,0.17,0.0,95.0
"PALOUSE:CHENEY:V230:TransformerWinding:T4_high_wnd","T4_high","PALOUSE:CHENEY:V230:TransformerWinding:T4_high","PALOUSE:CHENEY:V230:Junction:2407","PALOUSE:CHENEY:V115:Junction:5944",0.0,0.01,0.0,200.0
"COLUMBIA:FINLEY:V500:TransformerWinding:T_5_high_wnd","T_5_high","COLUMBIA:FINLEY:V500:TransformerWinding:T_5_high","COLUMBIA:FINLEY:V500:Junction:6339","COLUMBIA:FINLEY:V230:Junction:5854",1.7E-4,0.01165,-0.01219,942.0
"COLUMBIA:YAKIMA:V500:TransformerWinding:T_500_high_wnd","T_500_high","COLUMBIA:YAKIMA:V500:TransformerWinding:T_500_high","COLUMBIA:YAKIMA:V500:Junction:6815","COLUMBIA:YAKIMA:V230:Junction:3692",1.7E-4,0.01165,-0.01219,942.0
"PALOUSE:ROCKFORD:V500:TransformerWinding:TR1_high_wnd","TR1_high","PALOUSE:ROCKFORD:V500:TransformerWinding:TR1_high","PALOUSE:ROCKFORD:V500:Junction:6128","PALOUSE:ROCKFORD:V230:Junction:6758",0.0,0.01,0.0,1200.0
"PALOUSE:ROCKFORD:V230:TransformerWinding:TR2_high_wnd","TR2_high","PALOUSE:ROCKFORD:V230:TransformerWinding:TR2_high","PALOUSE:ROCKFORD:V230:Junction:6704","PALOUSE:ROCKFORD:V115:Junction:6180",0.0,0.1,0.0,120.0
"PALOUSE:ROCKFORD:V230:TransformerWinding:TR3_high_wnd","TR3_high","PALOUSE:ROCKFORD:V230:TransformerWinding:TR3_high","PALOUSE:ROCKFORD:V230:Junction:6697","PALOUSE:ROCKFORD:V115:Junction:6179",0.0,0.1,0.0,120.0
"PALOUSE:WHEELER:V230:TransformerWinding:TR1_high_wnd","TR1_high","PALOUSE:WHEELER:V230:TransformerWinding:TR1_high","PALOUSE:WHEELER:V230:Junction:6207","PALOUSE:WHEELER:V115:Junction:6229",0.0,0.1,0.0,120.0
"PALOUSE:WHEELER:V230:TransformerWinding:TR2_high_wnd","TR2_high","PALOUSE:WHEELER:V230:TransformerWinding:TR2_high","PALOUSE:WHEELER:V230:Junction:6203","PALOUSE:WHEELER:V115:Junction:6230",0.0,0.1,0.0,120.0
"PALOUSE:VANTAGE:V230:TransformerWinding:TR1_high_wnd","TR1_high","PALOUSE:VANTAGE:V230:TransformerWinding:TR1_high","PALOUSE:VANTAGE:V230:Junction:8756","PALOUSE:VANTAGE:V115:Junction:6267",0.0,0.1,0.0,120.0
"PUGET:EVERETT:V500:TransformerWinding:EVETR 500_high_wnd","EVETR 500_high","PUGET:EVERETT:V500:TransformerWinding:EVETR 500_high","PUGET:EVERETT:V500:Junction:6420","PUGET:EVERETT:V230:Junction:8241",1.2E-4,0.01295,-0.01286,1231.0
"PALOUSE:ROCKFORD:V500:TransformerWinding:50-23 TR2_high_wnd","50-23 TR2_high","PALOUSE:ROCKFORD:V500:TransformerWinding:50-23 TR2_high","PALOUSE:ROCKFORD:V500:Junction:6122","PALOUSE:ROCKFORD:V230:Junction:6155",0.0,0.01,0.0,1200.0
"PALOUSE:ELMER:V230:TransformerWinding:TR12_high_wnd","TR12_high","PALOUSE:ELMER:V230:TransformerWinding:TR12_high","PALOUSE:ELMER:V230:Junction:6977","PALOUSE:ELMER:V14:BusBarSection:14KV GEN BUS 1",0.0,0.06,0.0,188.0
"PALOUSE:ELMER:V230:TransformerWinding:TR34_high_wnd","TR34_high","PALOUSE:ELMER:V230:TransformerWinding:TR34_high","PALOUSE:ELMER:V230:Junction:6966","PALOUSE:ELMER:V14:BusBarSection:14KV GEN BUS 2",0.0,0.06,0.0,188.0
"PALOUSE:ELMER:V230:TransformerWinding:TR56_high_wnd","TR56_high","PALOUSE:ELMER:V230:TransformerWinding:TR56_high","PALOUSE:ELMER:V230:Junction:6958","PALOUSE:ELMER:V14:BusBarSection:14KV GEN BUS 3",0.0,0.06,0.0,188.0
"PALOUSE:ELMER:V230:TransformerWinding:TR78_high_wnd","TR78_high","PALOUSE:ELMER:V230:TransformerWinding:TR78_high","PALOUSE:ELMER:V230:Junction:6968","PALOUSE:ELMER:V14:BusBarSection:14KV GEN BUS 4",0.0,0.06,0.0,188.0
"PALOUSE:ELMER:V230:TransformerWinding:TR90_high_wnd","TR90_high","PALOUSE:ELMER:V230:TransformerWinding:TR90_high","PALOUSE:ELMER:V230:Junction:6976","PALOUSE:ELMER:V14:BusBarSection:14KV GEN BUS 5",0.0,0.06,0.0,188.0
"PALOUSE:ELMER:V500:TransformerWinding:TR90_high_wnd","TR90_high","PALOUSE:ELMER:V500:TransformerWinding:TR90_high","PALOUSE:ELMER:V500:Junction:6817","PALOUSE:ELMER:V230:Junction:8084",1.2E-4,0.01295,-0.01286,1231.0
"PALOUSE:ELMER:V500:TransformerWinding:500_230 TR2_high_wnd","500_230 TR2_high","PALOUSE:ELMER:V500:TransformerWinding:500_230 TR2_high","PALOUSE:ELMER:V500:Junction:6292","PALOUSE:ELMER:V230:Junction:6965",1.2E-4,0.01295,-0.01286,1231.0
"PUGET:BREMERTON:V230:TransformerWinding:TR1_high_wnd","TR1_high","PUGET:BREMERTON:V230:TransformerWinding:TR1_high","PUGET:BREMERTON:V230:Junction:7403","PUGET:BREMERTON:V13.8:Junction:7412",0.01,0.15,0.0,100.0
"PUGET:RENTON:V230:TransformerWinding:W GEN TR_high_wnd","W GEN TR_high","PUGET:RENTON:V230:TransformerWinding:W GEN TR_high","PUGET:RENTON:V230:Junction:7220","PUGET:RENTON:V13.8:Junction:7460",0.0,0.06,0.0,188.0
"PUGET:RENTON:V230:TransformerWinding:E GEN TR_high_wnd","E GEN TR_high","PUGET:RENTON:V230:TransformerWinding:E GEN TR_high","PUGET:RENTON:V230:Junction:7224","PUGET:RENTON:V13.8:Junction:7458",0.0,0.06,0.0,188.0
"PALOUSE:WENATCHEE:V500:TransformerWinding:WEN 500-230 TR2_high_wnd","WEN 500-230 TR2_high","PALOUSE:WENATCHEE:V500:TransformerWinding:WEN 500-230 TR2_high","PALOUSE:WENATCHEE:V500:Junction:5496","PALOUSE:WENATCHEE:V230:Junction:7772",1.7E-4,0.01165,0.0,942.0
"PALOUSE:WENATCHEE:V230:TransformerWinding:TR1A_high_wnd","TR1A_high","PALOUSE:WENATCHEE:V230:TransformerWinding:TR1A_high","PALOUSE:WENATCHEE:V230:Junction:7764","PALOUSE:WENATCHEE:V1:Junction:7547",0.0,-0.0285,0.0,194.0
"PALOUSE:WENATCHEE:V14:TransformerWinding:TR1B_high_wnd","TR1B_high","PALOUSE:WENATCHEE:V14:TransformerWinding:TR1B_high","PALOUSE:WENATCHEE:V14:Junction:7619","PALOUSE:WENATCHEE:V1:Junction:7547",0.0,0.1876,0.0,194.0
"PALOUSE:WENATCHEE:V14:TransformerWinding:TRC_high_wnd","TRC_high","PALOUSE:WENATCHEE:V14:TransformerWinding:TRC_high","PALOUSE:WENATCHEE:V14:Junction:7616","PALOUSE:WENATCHEE:V1:Junction:7547",0.0,0.1876,0.0,194.0
"PALOUSE:WENATCHEE:V14:TransformerWinding:TR2A_high_wnd","TR2A_high","PALOUSE:WENATCHEE:V14:TransformerWinding:TR2A_high","PALOUSE:WENATCHEE:V14:Junction:7617","PALOUSE:WENATCHEE:V1:Junction:7565",0.0,0.1876,0.0,194.0
"PALOUSE:WENATCHEE:V14:TransformerWinding:TR2C_high_wnd","TR2C_high","PALOUSE:WENATCHEE:V14:TransformerWinding:TR2C_high","PALOUSE:WENATCHEE:V14:Junction:7621","PALOUSE:WENATCHEE:V1:Junction:7565",0.0,0.1876,0.0,194.0
"PALOUSE:WENATCHEE:V230:TransformerWinding:TR2A_high_wnd","TR2A_high","PALOUSE:WENATCHEE:V230:TransformerWinding:TR2A_high","PALOUSE:WENATCHEE:V230:Junction:5613","PALOUSE:WENATCHEE:V1:Junction:7565",0.0,-0.0285,0.0,194.0
"PALOUSE:WENATCHEE:V230:TransformerWinding:TR3A_high_wnd","TR3A_high","PALOUSE:WENATCHEE:V230:TransformerWinding:TR3A_high","PALOUSE:WENATCHEE:V230:Junction:7765","PALOUSE:WENATCHEE:V1:Junction:7563",0.0,-0.0285,0.0,194.0
"PALOUSE:WENATCHEE:V14:TransformerWinding:TR3B_high_wnd","TR3B_high","PALOUSE:WENATCHEE:V14:TransformerWinding:TR3B_high","PALOUSE:WENATCHEE:V14:Junction:7613","PALOUSE:WENATCHEE:V1:Junction:7563",0.0,0.1876,0.0,194.0
"PALOUSE:WENATCHEE:V14:TransformerWinding:TR3C_high_wnd","TR3C_high","PALOUSE:WENATCHEE:V14:TransformerWinding:TR3C_high","PALOUSE:WENATCHEE:V14:Junction:7618","PALOUSE:WENATCHEE:V1:Junction:7563",0.0,0.1876,0.0,194.0
"PALOUSE:WENATCHEE:V230:TransformerWinding:TR4A_high_wnd","TR4A_high","PALOUSE:WENATCHEE:V230:TransformerWinding:TR4A_high","PALOUSE:WENATCHEE:V230:Junction:7761","PALOUSE:WENATCHEE:V1:Junction:7564",0.0,-0.0285,0.0,194.0
"PALOUSE:WENATCHEE:V14:TransformerWinding:TR4B_high_wnd","TR4B_high","PALOUSE:WENATCHEE:V14:TransformerWinding:TR4B_high","PALOUSE:WENATCHEE:V14:Junction:7614","PALOUSE:WENATCHEE:V1:Junction:7564",0.0,0.1876,0.0,194.0
"PALOUSE:WENATCHEE:V14:TransformerWinding:TR4C_high_wnd","TR4C_high","PALOUSE:WENATCHEE:V14:TransformerWinding:TR4C_high","PALOUSE:WENATCHEE:V14:Junction:7612","PALOUSE:WENATCHEE:V1:Junction:7564",0.0,0.1876,0.0,194.0
"PALOUSE:WENATCHEE:V230:TransformerWinding:T5A_high_wnd","T5A_high","PALOUSE:WENATCHEE:V230:TransformerWinding:T5A_high","PALOUSE:WENATCHEE:V230:Junction:7751","PALOUSE:WENATCHEE:V1:Junction:7566",0.0,-0.0285,0.0,194.0
"PALOUSE:WENATCHEE:V14:TransformerWinding:TR5B_high_wnd","TR5B_high","PALOUSE:WENATCHEE:V14:TransformerWinding:TR5B_high","PALOUSE:WENATCHEE:V14:Junction:7620","PALOUSE:WENATCHEE:V1:Junction:7566",0.0,0.1876,0.0,194.0
"PALOUSE:WENATCHEE:V14:TransformerWinding:TR5C_high_wnd","TR5C_high","PALOUSE:WENATCHEE:V14:TransformerWinding:TR5C_high","PALOUSE:WENATCHEE:V14:Junction:7615","PALOUSE:WENATCHEE:V1:Junction:7566",0.0,0.1876,0.0,194.0
"PALOUSE:WENATCHEE:V14:TransformerWinding:TR110_high_wnd","TR110_high","PALOUSE:WENATCHEE:V14:TransformerWinding:TR110_high","PALOUSE:WENATCHEE:V14:Junction:7809","PALOUSE:WENATCHEE:V4.18:Junction:7862",0.14127,1.0301,0.0,5.0
"PALOUSE:WENATCHEE:V14:TransformerWinding:TR120_high_wnd","TR120_high","PALOUSE:WENATCHEE:V14:TransformerWinding:TR120_high","PALOUSE:WENATCHEE:V14:Junction:7804","PALOUSE:WENATCHEE:V4.18:Junction:7868",0.14127,1.0301,0.0,5.0
"PALOUSE:WENATCHEE:V14:TransformerWinding:TR210_high_wnd","TR210_high","PALOUSE:WENATCHEE:V14:TransformerWinding:TR210_high","PALOUSE:WENATCHEE:V14:Junction:7808","PALOUSE:WENATCHEE:V4.18:Junction:7865",0.14127,1.0301,0.0,5.0
"PALOUSE:WENATCHEE:V14:TransformerWinding:TR2200_high_wnd","TR2200_high","PALOUSE:WENATCHEE:V14:TransformerWinding:TR2200_high","PALOUSE:WENATCHEE:V14:Junction:7801","PALOUSE:WENATCHEE:V4.18:Junction:7866",0.14127,1.0301,0.0,5.0
"PALOUSE:WENATCHEE:V14:TransformerWinding:TR310_high_wnd","TR310_high","PALOUSE:WENATCHEE:V14:TransformerWinding:TR310_high","PALOUSE:WENATCHEE:V14:Junction:7803","PALOUSE:WENATCHEE:V4.18:Junction:7861",0.14127,1.0301,0.0,7.0
"PALOUSE:WENATCHEE:V14:TransformerWinding:TR320_high_wnd","TR320_high","PALOUSE:WENATCHEE:V14:TransformerWinding:TR320_high","PALOUSE:WENATCHEE:V14:Junction:7802","PALOUSE:WENATCHEE:V4.18:Junction:7867",0.14127,1.0301,0.0,7.0
"PALOUSE:WENATCHEE:V14:TransformerWinding:TR410_high_wnd","TR410_high","PALOUSE:WENATCHEE:V14:TransformerWinding:TR410_high","PALOUSE:WENATCHEE:V14:Junction:7812","PALOUSE:WENATCHEE:V4.18:Junction:7863",0.14127,1.0301,0.0,7.0
"PALOUSE:WENATCHEE:V14:TransformerWinding:TR420_high_wnd","TR420_high","PALOUSE:WENATCHEE:V14:TransformerWinding:TR420_high","PALOUSE:WENATCHEE:V14:Junction:7798","PALOUSE:WENATCHEE:V4.18:Junction:7864",0.14127,1.0301,0.0,7.0
"PUGET:AUBURN:V500:TransformerWinding:AUB 500-230 TR1_high_wnd","AUB 500-230 TR1_high","PUGET:AUBURN:V500:TransformerWinding:AUB 500-230 TR1_high","PUGET:AUBURN:V500:Junction:5639","PUGET:AUBURN:V230:Junction:8219",1.2E-4,0.01295,-0.01286,1231.0
"PUGET:AUBURN:V500:TransformerWinding:AUB 500-230 TR2_high_wnd","AUB 500-230 TR2_high","PUGET:AUBURN:V500:TransformerWinding:AUB 500-230 TR2_high","PUGET:AUBURN:V500:Junction:6579","PUGET:AUBURN:V230:Junction:10",1.2E-4,0.01295,-0.01286,1231.0
"PUGET:TACOMA:V230:TransformerWinding:TAC TR2_high_wnd","TAC TR2_high","PUGET:TACOMA:V230:TransformerWinding:TAC TR2_high","PUGET:TACOMA:V230:Junction:7911","PUGET:TACOMA:V24:Junction:3633",0.0,0.1,0.0,820.0
"PUGET:VANCOUVER:V230:TransformerWinding:VANC T1_high_wnd","VANC T1_high","PUGET:VANCOUVER:V230:TransformerWinding:VANC T1_high","PUGET:VANCOUVER:V230:Junction:8266","PUGET:VANCOUVER:V24:BusBarSection:GEN BUS",0.0,0.008,0.0,120.0
"PALOUSE:LIBERTY:V24:TransformerWinding:DIESEL T1_high_wnd","DIESEL T1_high","PALOUSE:LIBERTY:V24:TransformerWinding:DIESEL T1_high","PALOUSE:LIBERTY:V24:Junction:3247","PALOUSE:LIBERTY:V13.8:Junction:3238",0.0,0.01,0.0,12.0
"PALOUSE:LIBERTY:V230:TransformerWinding:LIB TR1_high_wnd","LIB TR1_high","PALOUSE:LIBERTY:V230:TransformerWinding:LIB TR1_high","PALOUSE:LIBERTY:V230:Junction:3167","PALOUSE:LIBERTY:V24:Junction:3249",0.0,0.011,0.0,1300.0
"PALOUSE:LIBERTY:V230:TransformerWinding:LIB TR2_high_wnd","LIB TR2_high","PALOUSE:LIBERTY:V230:TransformerWinding:LIB TR2_high","PALOUSE:LIBERTY:V230:Junction:3156","PALOUSE:LIBERTY:V24:Junction:3216",0.0,0.011,0.0,1300.0
"COLUMBIA:WALLA WALLA:V230:TransformerWinding:TR_1_high_wnd","TR_1_high","COLUMBIA:WALLA WALLA:V230:TransformerWinding:TR_1_high","COLUMBIA:WALLA WALLA:V230:Junction:8409","COLUMBIA:WALLA WALLA:V21.6:Junction:8929",0.001678,0.091394,0.0,160.0
"COLUMBIA:WALLA WALLA:V230:TransformerWinding:TR_2_high_wnd","TR_2_high","COLUMBIA:WALLA WALLA:V230:TransformerWinding:TR_2_high","COLUMBIA:WALLA WALLA:V230:Junction:8414","COLUMBIA:WALLA WALLA:V21.6:Junction:8930",0.001678,0.091394,0.0,160.0
"COLUMBIA:WALLA WALLA:V230:TransformerWinding:TR_3_high_wnd","TR_3_high","COLUMBIA:WALLA WALLA:V230:TransformerWinding:TR_3_high","COLUMBIA:WALLA WALLA:V230:Junction:8416","COLUMBIA:WALLA WALLA:V33:Junction:8928",0.001678,0.091394,0.0,160.0
"COLUMBIA:PULLMAN:V500:TransformerWinding:TR_1_high_wnd","TR_1_high","COLUMBIA:PULLMAN:V500:TransformerWinding:TR_1_high","COLUMBIA:PULLMAN:V500:Junction:5995","COLUMBIA:PULLMAN:V230:Junction:8591",1.7E-4,0.01165,0.0,942.0
"COLUMBIA:COYOTE RIDGE:V230:TransformerWinding:_high_wnd","_high","COLUMBIA:COYOTE RIDGE:V230:TransformerWinding:_high","COLUMBIA:COYOTE RIDGE:V230:Junction:8634","COLUMBIA:COYOTE RIDGE:V33:BusBarSection:33KV BUS",0.001678,0.091394,0.0,160.0
"COLUMBIA:COYOTE RIDGE:V230:TransformerWinding:TR2_high_wnd","TR2_high","COLUMBIA:COYOTE RIDGE:V230:TransformerWinding:TR2_high","COLUMBIA:COYOTE RIDGE:V230:Junction:8644","COLUMBIA:COYOTE RIDGE:V21.6:BusBarSection:21.6KV BUS",0.001678,0.091394,0.0,160.0
"PALOUSE:ST JOHN:V230:TransformerWinding:TR1_high_wnd","TR1_high","PALOUSE:ST JOHN:V230:TransformerWinding:TR1_high","PALOUSE:ST JOHN:V230:Junction:8788","PALOUSE:ST JOHN:V24:Junction:8809",0.001678,0.091394,0.0,160.0
"PALOUSE:VANTAGE:V230:TransformerWinding:TR2_high_wnd","TR2_high","PALOUSE:VANTAGE:V230:TransformerWinding:TR2_high","PALOUSE:VANTAGE:V230:Junction:6248","PALOUSE:VANTAGE:V24:Junction:8832",0.0,0.06,0.0,188.0
"PALOUSE:VANTAGE:V230:TransformerWinding:TR3_high_wnd","TR3_high","PALOUSE:VANTAGE:V230:TransformerWinding:TR3_high","PALOUSE:VANTAGE:V230:Junction:8758","PALOUSE:VANTAGE:V33:Junction:8831",0.0,0.06,0.0,188.0
