"ID","Name","WindingCount"
"PUGET:EVERETT:V230:TransformerWinding:CRATR 30","CRATR 30",2
"PUGET:EVERETT:V230:TransformerWinding:CRATR 35","CRATR 35",2
"PUGET:TACOMA:V230:TransformerWinding:TAC TR 39","TAC TR 39",2
"PUGET:TACOMA:V138:TransformerWinding:TAC TR 41","TAC TR 41",2
"PUGET:CHEHALIS:V230:TransformerWinding:FARTR 45","FARTR 45",2
"PUGET:CHEHALIS:V230:TransformerWinding:FARTR 48","FARTR 48",2
"PUGET:AIRPORT:V230:TransformerWinding:HOMTR 57","HOMTR 57",2
"PUGET:LONGVIEW:V230:TransformerWinding:JENTR 59","JENTR 59",2
"PUGET:PORT ANGELES:V230:TransformerWinding:KINTR 63","KINTR 63",2
"PUGET:REDMOND:V230:TransformerWinding:MOSTR 70","MOSTR 70",2
"PUGET:BELLEVUE:V230:TransformerWinding:OAKTR 74","OAKTR 74",2
"PUGET:MT VERNON:V230:TransformerWinding:GRTR_high","GRTR_high",2
"PALOUSE:ELLENSBURG:V138:TransformerWinding:G1_high","G1_high",2
"PALOUSE:ELLENSBURG:V138:TransformerWinding:G2_high","G2_high",2
"PALOUSE:ELLENSBURG:V138:TransformerWinding:G3_high","G3_high",2
"PALOUSE:ELLENSBURG:V138:TransformerWinding:G4_high","G4_high",2
"PALOUSE:ELLENSBURG:V230:TransformerWinding:T1_high","T1_high",2
"PALOUSE:ELLENSBURG:V230:TransformerWinding:T2_high","T2_high",2
"PALOUSE:CHENEY:V115:TransformerWinding:G_1_2_high","G_1_2_high",2
"PALOUSE:CHENEY:V115:TransformerWinding:G_2_4_high","G_2_4_high",2
"PALOUSE:CHENEY:V115:TransformerWinding:SS1_high","SS1_high",2
"PALOUSE:CHENEY:V115:TransformerWinding:SS2_high","SS2_high",2
"PALOUSE:CHENEY:V230:TransformerWinding:T1_high","T1_high",2
"PALOUSE:CHENEY:V230:TransformerWinding:T2_high","T2_high",2
"COLUMBIA:FINLEY:V230:TransformerWinding:T_1_high","T_1_high",2
"COLUMBIA:FINLEY:V230:TransformerWinding:T_2_high","T_2_high",2
"COLUMBIA:FINLEY:V230:TransformerWinding:T_3_high","T_3_high",2
"COLUMBIA:FINLEY:V230:TransformerWinding:T_4_high","T_4_high",2
"COLUMBIA:YAKIMA:V115:TransformerWinding:ETR1_high","ETR1_high",2
"COLUMBIA:YAKIMA:V115:TransformerWinding:WTR1_high","WTR1_high",2
"COLUMBIA:YAKIMA:V230:TransformerWinding:WTR2_high","WTR2_high",2
"COLUMBIA:YAKIMA:V230:TransformerWinding:ETR2_high","ETR2_high",2
"COLUMBIA:YAKIMA:V230:TransformerWinding:TR3_high","TR3_high",2
"COLUMBIA:FINLEY:V230:TransformerWinding:TR 1_high","TR 1_high",2
"COLUMBIA:SUNNYSIDE:V115:TransformerWinding:TR 2_high","TR 2_high",2
"COLUMBIA:SUNNYSIDE:V115:TransformerWinding:TR 1_high","TR 1_high",2
"COLUMBIA:FINLEY:V230:TransformerWinding:TR 2_high","TR 2_high",2
"COLUMBIA:GRANDVIEW:V115:TransformerWinding:TR1_high","TR1_high",2
"COLUMBIA:PROSSER:V115:TransformerWinding:TR-RIVER_high","TR-RIVER_high",2
"COLUMBIA:BENTON:V115:TransformerWinding:TR-IAN_high","TR-IAN_high",2
"COLUMBIA:RICHLAND:V115:TransformerWinding:TR-ZIP_high","TR-ZIP_high",2
"COLUMBIA:KENNEWICK:V115:TransformerWinding:TR-SNOOP_high","TR-SNOOP_high",2
"COLUMBIA:PASCO:V115:TransformerWinding:TR-LEMON_high","TR-LEMON_high",2
"PALOUSE:QUINCY:V115:TransformerWinding:TR1_high","TR1_high",2
"PALOUSE:QUINCY:V115:TransformerWinding:TR2_high","TR2_high",2
"PALOUSE:ELLENSBURG:V230:TransformerWinding:T3_high","T3_high",2
"PALOUSE:EPHRATA:V115:TransformerWinding:TR2_high","TR2_high",2
"PALOUSE:EPHRATA:V115:TransformerWinding:TR3_high","TR3_high",2
"PALOUSE:CHENEY:V230:TransformerWinding:T3_high","T3_high",2
"PALOUSE:GLOYD:V115:TransformerWinding:TR1_high","TR1_high",2
"PALOUSE:GLOYD:V115:TransformerWinding:TR2_high","TR2_high",2
"PALOUSE:GLOYD:V115:TransformerWinding:TR3_high","TR3_high",2
"PUGET:SATSOP:V500:TransformerWinding:SAT GEN W_high","SAT GEN W_high",2
"PUGET:SATSOP:V500:TransformerWinding:SAT GEN E_high","SAT GEN E_high",2
"PUGET:SATSOP:V500:TransformerWinding:SAT 500_230_high","SAT 500_230_high",2
"PUGET:SATSOP:V230:TransformerWinding:SAT 230_24_high","SAT 230_24_high",2
"PUGET:SATSOP:V24:TransformerWinding:SS TR 1_high","SS TR 1_high",2
"PUGET:SATSOP:V24:TransformerWinding:SS TR 2_high","SS TR 2_high",2
"PALOUSE:SPOKANE:V115:TransformerWinding:TR3_high","TR3_high",2
"PALOUSE:SPOKANE:V115:TransformerWinding:TR2_high","TR2_high",2
"PALOUSE:SPOKANE:V115:TransformerWinding:TR1_high","TR1_high",2
"PALOUSE:WENATCHEE:V500:TransformerWinding:TGR 500-230 TR_high","TGR 500-230 TR_high",2
"COLUMBIA:WALLA WALLA:V500:TransformerWinding:MOO 500-230_high","MOO 500-230_high",2
"PALOUSE:VALLEY:V115:TransformerWinding:TR3_high","TR3_high",2
"PALOUSE:VALLEY:V115:TransformerWinding:TR2_high","TR2_high",2
"PALOUSE:VALLEY:V115:TransformerWinding:TR1_high","TR1_high",2
"PALOUSE:CHENEY:V230:TransformerWinding:T4_high","T4_high",2
"COLUMBIA:FINLEY:V500:TransformerWinding:T_5_high","T_5_high",2
"COLUMBIA:YAKIMA:V500:TransformerWinding:T_500_high","T_500_high",2
"PALOUSE:ROCKFORD:V500:TransformerWinding:TR1_high","TR1_high",2
"PALOUSE:ROCKFORD:V230:TransformerWinding:TR2_high","TR2_high",2
"PALOUSE:ROCKFORD:V230:TransformerWinding:TR3_high","TR3_high",2
"PALOUSE:WHEELER:V230:TransformerWinding:TR1_high","TR1_high",2
"PALOUSE:WHEELER:V230:TransformerWinding:TR2_high","TR2_high",2
"PALOUSE:VANTAGE:V230:TransformerWinding:TR1_high","TR1_high",2
"PUGET:EVERETT:V500:TransformerWinding:EVETR 500_high","EVETR 500_high",2
"PALOUSE:ROCKFORD:V500:TransformerWinding:50-23 TR2_high","50-23 TR2_high",2
"PALOUSE:ELMER:V230:TransformerWinding:TR12_high","TR12_high",2
"PALOUSE:ELMER:V230:TransformerWinding:TR34_high","TR34_high",2
"PALOUSE:ELMER:V230:TransformerWinding:TR56_high","TR56_high",2
"PALOUSE:ELMER:V230:TransformerWinding:TR78_high","TR78_high",2
"PALOUSE:ELMER:V230:TransformerWinding:TR90_high","TR90_high",2
"PALOUSE:ELMER:V500:TransformerWinding:TR90_high","TR90_high",2
"PALOUSE:ELMER:V500:TransformerWinding:500_230 TR2_high","500_230 TR2_high",2
"PUGET:BREMERTON:V230:TransformerWinding:TR1_high","TR1_high",2
"PUGET:RENTON:V230:TransformerWinding:W GEN TR_high","W GEN TR_high",2
"PUGET:RENTON:V230:TransformerWinding:E GEN TR_high","E GEN TR_high",2
"PALOUSE:WENATCHEE:V500:TransformerWinding:WEN 500-230 TR2_high","WEN 500-230 TR2_high",2
"PALOUSE:WENATCHEE:V230:TransformerWinding:TR1A_high","TR1A_high",2
"PALOUSE:WENATCHEE:V14:TransformerWinding:TR1B_high","TR1B_high",2
"PALOUSE:WENATCHEE:V14:TransformerWinding:TRC_high","TRC_high",2
"PALOUSE:WENATCHEE:V14:TransformerWinding:TR2A_high","TR2A_high",2
"PALOUSE:WENATCHEE:V14:TransformerWinding:TR2C_high","TR2C_high",2
"PALOUSE:WENATCHEE:V230:TransformerWinding:TR2A_high","TR2A_high",2
"PALOUSE:WENATCHEE:V230:TransformerWinding:TR3A_high","TR3A_high",2
"PALOUSE:WENATCHEE:V14:TransformerWinding:TR3B_high","TR3B_high",2
"PALOUSE:WENATCHEE:V14:TransformerWinding:TR3C_high","TR3C_high",2
"PALOUSE:WENATCHEE:V230:TransformerWinding:TR4A_high","TR4A_high",2
"PALOUSE:WENATCHEE:V14:TransformerWinding:TR4B_high","TR4B_high",2
"PALOUSE:WENATCHEE:V14:TransformerWinding:TR4C_high","TR4C_high",2
"PALOUSE:WENATCHEE:V230:TransformerWinding:T5A_high","T5A_high",2
"PALOUSE:WENATCHEE:V14:TransformerWinding:TR5B_high","TR5B_high",2
"PALOUSE:WENATCHEE:V14:TransformerWinding:TR5C_high","TR5C_high",2
"PALOUSE:WENATCHEE:V14:TransformerWinding:TR110_high","TR110_high",2
"PALOUSE:WENATCHEE:V14:TransformerWinding:TR120_high","TR120_high",2
"PALOUSE:WENATCHEE:V14:TransformerWinding:TR210_high","TR210_high",2
"PALOUSE:WENATCHEE:V14:TransformerWinding:TR2200_high","TR2200_high",2
"PALOUSE:WENATCHEE:V14:TransformerWinding:TR310_high","TR310_high",2
"PALOUSE:WENATCHEE:V14:TransformerWinding:TR320_high","TR320_high",2
"PALOUSE:WENATCHEE:V14:TransformerWinding:TR410_high","TR410_high",2
"PALOUSE:WENATCHEE:V14:TransformerWinding:TR420_high","TR420_high",2
"PUGET:AUBURN:V500:TransformerWinding:AUB 500-230 TR1_high","AUB 500-230 TR1_high",2
"PUGET:AUBURN:V500:TransformerWinding:AUB 500-230 TR2_high","AUB 500-230 TR2_high",2
"PUGET:TACOMA:V230:TransformerWinding:TAC TR2_high","TAC TR2_high",2
"PUGET:VANCOUVER:V230:TransformerWinding:VANC T1_high","VANC T1_high",2
"PALOUSE:LIBERTY:V24:TransformerWinding:DIESEL T1_high","DIESEL T1_high",2
"PALOUSE:LIBERTY:V230:TransformerWinding:LIB TR1_high","LIB TR1_high",2
"PALOUSE:LIBERTY:V230:TransformerWinding:LIB TR2_high","LIB TR2_high",2
"COLUMBIA:WALLA WALLA:V230:TransformerWinding:TR_1_high","TR_1_high",2
"COLUMBIA:WALLA WALLA:V230:TransformerWinding:TR_2_high","TR_2_high",2
"COLUMBIA:WALLA WALLA:V230:TransformerWinding:TR_3_high","TR_3_high",2
"COLUMBIA:PULLMAN:V500:TransformerWinding:TR_1_high","TR_1_high",2
"COLUMBIA:COYOTE RIDGE:V230:TransformerWinding:_high","_high",2
"COLUMBIA:COYOTE RIDGE:V230:TransformerWinding:TR2_high","TR2_high",2
"PALOUSE:ST JOHN:V230:TransformerWinding:TR1_high","TR1_high",2
"PALOUSE:VANTAGE:V230:TransformerWinding:TR2_high","TR2_high",2
"PALOUSE:VANTAGE:V230:TransformerWinding:TR3_high","TR3_high",2
