"ID","Name","MinOperatingMW","MaxOperatingMW","GeneratingUnitType"
"GNorth:AMUS:V24:SynchronousMachine:AMUS","AMUS",0.0,200.0,"Hydro"
"GEast:BAKER:V24:SynchronousMachine:BAKER","BAKER",-1.0,73.0,"Hydro"
"GEast:CRWFRD:V24:SynchronousMachine:CRWFRD 1","CRWFRD 1",0.0,400.0,"Thermal"
"GEast:CRWFRD:V24:SynchronousMachine:CRWFRD 2","CRWFRD 2",0.0,400.0,"Thermal"
"GWest:DOYLE:V24:SynchronousMachine:DOYLE","DOYLE",0.0,600.0,"Thermal"
"GWest:FARLIE:V24:SynchronousMachine:FARLIE","FARLIE",0.0,1200.0,"Thermal"
"GSouth:HOMER:V24:SynchronousMachine:HOMER","HOMER",0.0,600.0,"Thermal"
"GEast:LOCHER:V24:SynchronousMachine:LOCHER","LOCHER",0.0,1200.0,"Thermal"
"EXTRNL:EXTRNL:V230:SynchronousMachine:EXTRNL 1","EXTRNL 1",0.0,200.0,"Thermal"
"EXTRNL:EXTRNL:V230:SynchronousMachine:EXTRNL 2","EXTRNL 2",0.0,200.0,"Thermal"
"EXTRNL:EXTRNL:V230:SynchronousMachine:EXTRNL 3","EXTRNL 3",0.0,200.0,"Thermal"
"EXTRNL:EXTRNL:V230:SynchronousMachine:EXTRNL 4","EXTRNL 4",0.0,500.0,"Thermal"
