"ID","Name","Node1","Node2","R","X","Bch","NormalOperatingLimit"
"KINC-AIR","KINC-AIR","PAL:AIRPRT:V138:BusBarSection:BUS 3","PAL:KNCAID:V138:BusBarSection:BUS 2",0.0095,0.1042,0.16,47.804604
"TAUN-AIR","TAUN-AIR","PAL:AIRPRT:V138:BusBarSection:BUS 3","PAL:TANTON:V138:BusBarSection:BUS 4",0.009,0.1045,0.16,47.804604
"MOSE-AIR","MOSE-AIR","PAL:AIRPRT:V69:BusBarSection:BUS 1","PAL:MOSES:V69:BusBarSection:BUS 3",0.0083,0.1027,0.1,47.804604
"NEST-AIR","NEST-AIR","PAL:AIRPRT:V69:BusBarSection:BUS 2","PAL:NESTLE:V69:BusBarSection:BUS 2",0.0023,0.068,0.1,103.97501
"STAN-AIR","STAN-AIR","PAL:AIRPRT:V69:BusBarSection:BUS 1","PAL:STNTON:V69:BusBarSection:BUS 1",0.0031,0.0482,0.1,103.97501
"ASH1-AMU","ASH1-AMU","GNorth:AMUS:V230:BusBarSection:BUS 1","PAL:ASH:V230:BusBarSection:BUS 1",0.005,0.03,0.05,159.34868
"ASH2-AMU","ASH2-AMU","GNorth:AMUS:V230:BusBarSection:BUS 1","PAL:ASH:V230:BusBarSection:BUS 2",0.005,0.03,0.05,159.34868
"BAKE-AMU","BAKE-AMU","GNorth:AMUS:V230:BusBarSection:BUS 1","GEast:BAKER:V230:BusBarSection:BUS 1",0.0083,0.028,0.013,346.58337
"OAK1-AMU","OAK1-AMU","GNorth:AMUS:V230:BusBarSection:BUS 1","PAL:OAKDLE:V230:BusBarSection:BUS 1",0.005,0.06,0.012,159.34868
"OAK2-AMU","OAK2-AMU","GNorth:AMUS:V230:BusBarSection:BUS 1","PAL:OAKDLE:V230:BusBarSection:BUS 1",0.005,0.06,0.012,159.34868
"LOE1-ASH","LOE1-ASH","PAL:ASH:V230:BusBarSection:BUS 1","GEast:LOCHER:V230:BusBarSection:BUS 1",0.007,0.04,0.05,159.34868
"LOE2-ASH","LOE2-ASH","PAL:ASH:V230:BusBarSection:BUS 2","GEast:LOCHER:V230:BusBarSection:BUS 1",0.007,0.04,0.05,159.34868
"EXTL-BAK","EXTL-BAK","GEast:BAKER:V230:BusBarSection:BUS 1","EXTRNL:EXTRNL:V230:BusBarSection:BUS 1",0.01,0.1,0.005,346.58337
"CRA1-BAK","CRA1-BAK","GEast:BAKER:V230:BusBarSection:BUS 1","GEast:CRWFRD:V230:BusBarSection:BUS 1",0.004,0.06,0.09,346.58337
"CRA2-BAK","CRA2-BAK","GEast:BAKER:V230:BusBarSection:BUS 1","GEast:CRWFRD:V230:BusBarSection:BUS 1",0.004,0.06,0.09,346.58337
"POOL-BEA","POOL-BEA","PAL:BEAVER:V69:BusBarSection:BUS 1","PAL:POOL:V69:BusBarSection:BUS 1",0.0066,0.1056,0.003,47.804604
"RICH-BEA","RICH-BEA","PAL:BEAVER:V69:BusBarSection:BUS 2","PAL:RICTER:V69:BusBarSection:BUS 3",0.0074,0.1017,0.1,155.36496
"STAN-BEA","STAN-BEA","PAL:BEAVER:V69:BusBarSection:BUS 2","PAL:STNTON:V69:BusBarSection:BUS 1",0.0019,0.0295,0.03,103.97501
"POOL-CHE","POOL-CHE","PAL:CHSHAN:V33:BusBarSection:BUS 1","PAL:POOL:V33:BusBarSection:BUS 2",0.0085,0.102,0.01,74.30498
"UXBR-CHE","UXBR-CHE","PAL:CHSHAN:V33:BusBarSection:BUS 2","PAL:UXBRDG:V33:BusBarSection:BUS 2",0.0095,0.155,0.01,74.30498
"COPM-COP","COPM-COP","PAL:COPLEY:V69:BusBarSection:BUS 7","PAL:COPMANOR:V69:BusBarSection:BUS 1",0.0043,0.0537,0.1,71.7069
"STAN-COP","STAN-COP","PAL:COPLEY:V69:BusBarSection:BUS 5","PAL:STNTON:V69:BusBarSection:BUS 1",0.003,0.0466,0.03,103.97501
"TAU1-COP","TAU1-COP","PAL:COPLEY:V69:BusBarSection:BUS 5","PAL:TANTON:V69:BusBarSection:BUS 1",0.0024,0.0379,0.1,71.7069
"TAU2-COP","TAU2-COP","PAL:COPLEY:V69:BusBarSection:BUS 7","PAL:TANTON:V69:BusBarSection:BUS 3",0.003,0.0466,0.1,71.7069
"UXBR-COP","UXBR-COP","PAL:COPMANOR:V69:BusBarSection:BUS 1","PAL:UXBRDG:V69:BusBarSection:BUS 1",0.0052,0.078,4.0E-4,71.7069
"DOY1-CRA","DOY1-CRA","GEast:CRWFRD:V230:BusBarSection:BUS 1","GWest:DOYLE:V230:BusBarSection:BUS 1",0.0022,0.0732,0.1,346.58337
"DOY2-CRA","DOY2-CRA","GEast:CRWFRD:V230:BusBarSection:BUS 1","GWest:DOYLE:V230:BusBarSection:BUS 1",0.0022,0.0732,0.1,346.58337
"OAK1-CRA","OAK1-CRA","GEast:CRWFRD:V230:BusBarSection:BUS 1","PAL:OAKDLE:V230:BusBarSection:BUS 1",0.003,0.09,0.09,346.58337
"OAK2-CRA","OAK2-CRA","GEast:CRWFRD:V230:BusBarSection:BUS 1","PAL:OAKDLE:V230:BusBarSection:BUS 1",0.003,0.09,0.09,346.58337
"DOYL-DAW","DOYL-DAW","PAL:DAWSON:V230:BusBarSection:BUS 1","GWest:DOYLE:V230:BusBarSection:BUS 1",0.0063,0.095,0.15,346.58337
"FARL-DAW","FARL-DAW","PAL:DAWSON:V230:BusBarSection:BUS 1","GWest:FARLIE:V230:BusBarSection:BUS 1",0.005,0.0961,0.004,346.58337
"RICH-DOY","RICH-DOY","GWest:DOYLE:V138:BusBarSection:BUS 3","PAL:RICTER:V138:BusBarSection:BUS 1",0.0061,0.1085,0.03,191.21841
"ELLS-DOY","ELLS-DOY","GWest:DOYLE:V230:BusBarSection:BUS 1","PAL:ELLS:V230:BusBarSection:BUS 1",0.0043,0.098,0.09,346.58337
"FARL-ELL","FARL-ELL","PAL:ELLS:V230:BusBarSection:BUS 1","GWest:FARLIE:V230:BusBarSection:BUS 1",2.0E-4,0.102,0.09,346.58337
"VEXL-FAR","VEXL-FAR","GWest:FARLIE:V138:BusBarSection:BUS 3","PAL:VEXLEY:V138:BusBarSection:BUS 1",0.0044,0.1087,0.03,143.4138
"WYNC-FAR","WYNC-FAR","GWest:FARLIE:V138:Junction:21","PAL:WYNHAM:V138:BusBarSection:BUS 1",0.0042,0.0587,0.03,143.4138
"EXTL-FAR","EXTL-FAR","GWest:FARLIE:V230:BusBarSection:BUS 1","EXTRNL:EXTRNL:V230:BusBarSection:BUS 19",0.1,0.3,0.005,346.58337
"GRA1-FAR","GRA1-FAR","GWest:FARLIE:V230:BusBarSection:BUS 1","PAL:GRANGE:V230:BusBarSection:BUS 2",0.0139,0.0712,0.15,346.58337
"GRA2-FAR","GRA2-FAR","GWest:FARLIE:V230:BusBarSection:BUS 1","PAL:GRANGE:V230:BusBarSection:BUS 1",0.0139,0.0712,0.15,346.58337
"HOM1-GRA","HOM1-GRA","PAL:GRANGE:V230:BusBarSection:BUS 1","GSouth:HOMER:V230:BusBarSection:BUS 1",0.0198,0.0901,0.1,199.18584
"HOM2-GRA","HOM2-GRA","PAL:GRANGE:V230:BusBarSection:BUS 2","GSouth:HOMER:V230:BusBarSection:BUS 1",0.0198,0.0901,0.1,199.18584
"VEXL-HOM","VEXL-HOM","GSouth:HOMER:V138:BusBarSection:BUS 3","PAL:VEXLEY:V138:BusBarSection:BUS 3",0.0073,0.1027,0.03,59.755753
"JENK-HOM","JENK-HOM","GSouth:HOMER:V230:BusBarSection:BUS 1","PAL:JENKIN:V230:BusBarSection:BUS 1",0.0169,0.0968,0.15,199.18584
"KINC-HOM","KINC-HOM","GSouth:HOMER:V230:BusBarSection:BUS 1","PAL:KNCAID:V230:BusBarSection:BUS 1",0.0258,0.0848,0.16,159.34868
"LOES-HOM","LOES-HOM","GSouth:HOMER:V230:BusBarSection:BUS 1","GEast:LOCHER:V230:BusBarSection:BUS 1",0.0148,0.0995,0.15,159.34868
"MOSE-HOM","MOSE-HOM","GSouth:HOMER:V230:BusBarSection:BUS 1","PAL:MOSES:V230:BusBarSection:BUS 1",0.0181,0.0958,0.15,159.34868
"EXTL-JEN","EXTL-JEN","PAL:JENKIN:V230:BusBarSection:BUS 1","EXTRNL:EXTRNL:V230:BusBarSection:BUS 13",0.01,0.1,0.005,346.58337
"LOES-JEN","LOES-JEN","PAL:JENKIN:V230:BusBarSection:BUS 1","GEast:LOCHER:V230:BusBarSection:BUS 1",0.0277,0.0926,0.12,199.18584
"MOSE-JEN","MOSE-JEN","PAL:JENKIN:V69:BusBarSection:BUS 4","PAL:MOSES:V69:BusBarSection:BUS 3",0.008,0.1028,0.03,103.97501
"TAUN-KIN","TAUN-KIN","PAL:KNCAID:V138:BusBarSection:BUS 2","PAL:TANTON:V138:BusBarSection:BUS 4",0.0085,0.109,0.16,47.804604
"MOSE-KIN","MOSE-KIN","PAL:KNCAID:V230:BusBarSection:BUS 1","PAL:MOSES:V230:BusBarSection:BUS 1",0.0022,0.0732,0.16,159.34868
"EXTL-LOE","EXTL-LOE","GEast:LOCHER:V230:BusBarSection:BUS 1","EXTRNL:EXTRNL:V230:BusBarSection:BUS 7",0.01,0.1,0.005,346.58337
"MOS1-LOE","MOS1-LOE","GEast:LOCHER:V230:BusBarSection:BUS 1","PAL:MOSES:V230:BusBarSection:BUS 1",0.003,0.06,0.09,159.34868
"MOS2-LOE","MOS2-LOE","GEast:LOCHER:V230:BusBarSection:BUS 1","PAL:MOSES:V230:BusBarSection:BUS 1",0.003,0.06,0.09,159.34868
"NEST-MOS","NEST-MOS","PAL:MOSES:V230:BusBarSection:BUS 1","PAL:NESTLE:V230:BusBarSection:BUS 1",0.0013,0.0434,0.05,239.02301
"OAKD-MOS","OAKD-MOS","PAL:MOSES:V230:BusBarSection:BUS 1","PAL:OAKDLE:V230:BusBarSection:BUS 1",0.0027,0.0869,0.09,239.02301
"STAN-MOS","STAN-MOS","PAL:MOSES:V69:BusBarSection:BUS 3","PAL:STNTON:V69:BusBarSection:BUS 1",0.0015,0.1077,6.0E-4,103.97501
"OAKD-NES","OAKD-NES","PAL:NESTLE:V230:BusBarSection:BUS 1","PAL:OAKDLE:V230:BusBarSection:BUS 1",0.0017,0.0547,0.05,239.02301
"STAN-OAK","STAN-OAK","PAL:OAKDLE:V69:BusBarSection:BUS 4","PAL:STNTON:V69:BusBarSection:BUS 1",0.0029,0.0585,0.01,103.97501
"WYNC-POO","WYNC-POO","PAL:POOL:V138:BusBarSection:BUS 3","PAL:WYNHAM:V138:BusBarSection:BUS 2",0.0065,0.1054,0.03,143.4138
