"ID","Name","Node"
"PAL:AIRPRT:V138:Load:AIRPRT B","AIRPRT B","PAL:AIRPRT:V138:BusBarSection:BUS 3"
"PAL:AIRPRT:V69:Load:AIRPRT A","AIRPRT A","PAL:AIRPRT:V69:BusBarSection:BUS 2"
"GNorth:AMUS:V24:Load:AMUS C","AMUS C","GNorth:AMUS:V24:BusBarSection:BUS 3"
"GNorth:AMUS:V230:Load:AMUS A","AMUS A","GNorth:AMUS:V230:BusBarSection:BUS 1"
"GNorth:AMUS:V230:Load:AMUS B","AMUS B","GNorth:AMUS:V230:BusBarSection:BUS 1"
"PAL:ASH:V230:Load:ASH A","ASH A","PAL:ASH:V230:BusBarSection:BUS 1"
"PAL:ASH:V230:Load:ASH B","ASH B","PAL:ASH:V230:BusBarSection:BUS 2"
"GEast:BAKER:V24:Load:BAKER B","BAKER B","GEast:BAKER:V24:BusBarSection:BUS 3"
"GEast:BAKER:V230:Load:BAKER A","BAKER A","GEast:BAKER:V230:BusBarSection:BUS 1"
"PAL:BEAVER:V69:Load:BEAVER A","BEAVER A","PAL:BEAVER:V69:BusBarSection:BUS 1"
"PAL:CHSHAN:V33:Load:CHSHAN A","CHSHAN A","PAL:CHSHAN:V33:BusBarSection:BUS 1"
"PAL:CHSHAN:V33:Load:CHSHAN B","CHSHAN B","PAL:CHSHAN:V33:BusBarSection:BUS 2"
"PAL:COPLEY:V69:Load:COPLEY A","COPLEY A","PAL:COPLEY:V69:BusBarSection:BUS 5"
"PAL:COPLEY:V69:Load:COPLEY B","COPLEY B","PAL:COPLEY:V69:BusBarSection:BUS 7"
"PAL:COPMANOR:V69:Load:COPLEY C","COPLEY C","PAL:COPMANOR:V69:BusBarSection:BUS 1"
"GEast:CRWFRD:V24:Load:CRWFRD B","CRWFRD B","GEast:CRWFRD:V24:BusBarSection:BUS 3"
"GEast:CRWFRD:V24:Load:CRWFRD C","CRWFRD C","GEast:CRWFRD:V24:BusBarSection:BUS 4"
"GEast:CRWFRD:V230:Load:CRWFRD A","CRWFRD A","GEast:CRWFRD:V230:BusBarSection:BUS 1"
"PAL:DAWSON:V230:Load:DAWSON A","DAWSON A","PAL:DAWSON:V230:BusBarSection:BUS 1"
"GWest:DOYLE:V138:Load:DOYLE A","DOYLE A","GWest:DOYLE:V138:BusBarSection:BUS 3"
"GWest:DOYLE:V24:Load:DOYLE B","DOYLE B","GWest:DOYLE:V24:BusBarSection:BUS 4"
"PAL:ELLS:V230:Load:ELLS A","ELLS A","PAL:ELLS:V230:BusBarSection:BUS 1"
"GWest:FARLIE:V138:Load:FARLIE A","FARLIE A","GWest:FARLIE:V138:BusBarSection:BUS 3"
"GWest:FARLIE:V24:Load:FARLIE B","FARLIE B","GWest:FARLIE:V24:BusBarSection:BUS 5"
"PAL:GRANGE:V230:Load:GRANGE A","GRANGE A","PAL:GRANGE:V230:BusBarSection:BUS 1"
"PAL:GRANGE:V230:Load:GRANGE B","GRANGE B","PAL:GRANGE:V230:BusBarSection:BUS 2"
"GSouth:HOMER:V138:Load:HOMER B","HOMER B","GSouth:HOMER:V138:BusBarSection:BUS 3"
"GSouth:HOMER:V24:Load:HOMER C","HOMER C","GSouth:HOMER:V24:BusBarSection:BUS 4"
"GSouth:HOMER:V230:Load:HOMER A","HOMER A","GSouth:HOMER:V230:BusBarSection:BUS 1"
"PAL:JENKIN:V230:Load:JENKIN A","JENKIN A","PAL:JENKIN:V230:BusBarSection:BUS 1"
"PAL:JENKIN:V69:Load:JENKIN B","JENKIN B","PAL:JENKIN:V69:BusBarSection:BUS 3"
"PAL:JENKIN:V69:Load:JENKIN C","JENKIN C","PAL:JENKIN:V69:BusBarSection:BUS 4"
"PAL:KNCAID:V138:Load:KNCAID A","KNCAID A","PAL:KNCAID:V138:BusBarSection:BUS 2"
"PAL:KNCAID:V138:Load:KNCAID B","KNCAID B","PAL:KNCAID:V138:BusBarSection:BUS 2"
"GEast:LOCHER:V24:Load:LOCHER B","LOCHER B","GEast:LOCHER:V24:BusBarSection:BUS 3"
"GEast:LOCHER:V230:Load:LOCHER A","LOCHER A","GEast:LOCHER:V230:BusBarSection:BUS 1"
"PAL:MOSES:V230:Load:MOSES A","MOSES A","PAL:MOSES:V230:BusBarSection:BUS 1"
"PAL:MOSES:V69:Load:MOSES B","MOSES B","PAL:MOSES:V69:BusBarSection:BUS 3"
"PAL:NESTLE:V230:Load:NESTLE A","NESTLE A","PAL:NESTLE:V230:BusBarSection:BUS 1"
"PAL:OAKDLE:V230:Load:OAKDLE A","OAKDLE A","PAL:OAKDLE:V230:BusBarSection:BUS 1"
"PAL:OAKDLE:V69:Load:OAKDLE B","OAKDLE B","PAL:OAKDLE:V69:BusBarSection:BUS 4"
"PAL:POOL:V33:Load:POOL A","POOL A","PAL:POOL:V33:BusBarSection:BUS 2"
"PAL:RICTER:V138:Load:RICTER A","RICTER A","PAL:RICTER:V138:BusBarSection:BUS 1"
"PAL:RICTER:V138:Load:RICTER B","RICTER B","PAL:RICTER:V138:BusBarSection:BUS 2"
"PAL:STNTON:V69:Load:STNTON A","STNTON A","PAL:STNTON:V69:BusBarSection:BUS 1"
"PAL:TANTON:V138:Load:TANTON A","TANTON A","PAL:TANTON:V138:BusBarSection:BUS 2"
"PAL:TANTON:V138:Load:TANTON B","TANTON B","PAL:TANTON:V138:BusBarSection:BUS 4"
"PAL:UXBRDG:V33:Load:UXBRDG A","UXBRDG A","PAL:UXBRDG:V33:BusBarSection:BUS 2"
"PAL:UXBRDG:V33:Load:UXBRDG B","UXBRDG B","PAL:UXBRDG:V33:BusBarSection:BUS 3"
"PAL:VEXLEY:V138:Load:VEXLEY A","VEXLEY A","PAL:VEXLEY:V138:BusBarSection:BUS 2"
"PAL:VEXLEY:V138:Load:VEXLEY B","VEXLEY B","PAL:VEXLEY:V138:BusBarSection:BUS 1"
"PAL:VEXLEY:V138:Load:VEXLEY C","VEXLEY C","PAL:VEXLEY:V138:BusBarSection:BUS 3"
"PAL:WYNHAM:V138:Load:WYNHAM A","WYNHAM A","PAL:WYNHAM:V138:BusBarSection:BUS 1"
"PAL:WYNHAM:V138:Load:WYNHAM B","WYNHAM B","PAL:WYNHAM:V138:BusBarSection:BUS 2"
"EXTRNL:EXTRNL:V230:Load:EXTRNL A","EXTRNL A","EXTRNL:EXTRNL:V230:BusBarSection:BUS 1"
"EXTRNL:EXTRNL:V230:Load:EXTRNL B","EXTRNL B","EXTRNL:EXTRNL:V230:BusBarSection:BUS 7"
"EXTRNL:EXTRNL:V230:Load:EXTRNL C","EXTRNL C","EXTRNL:EXTRNL:V230:BusBarSection:BUS 13"
"EXTRNL:EXTRNL:V230:Load:EXTRNL D","EXTRNL D","EXTRNL:EXTRNL:V230:BusBarSection:BUS 19"
