"ID","Name","NominalKV","Substation","FrequencySourcePriority"
"PAL:AIRPRT:V138:Junction:8","8",138.0,"AIRPRT",0
"PAL:AIRPRT:V138:Junction:9","9",138.0,"AIRPRT",0
"PAL:AIRPRT:V138:Junction:10","10",138.0,"AIRPRT",0
"PAL:AIRPRT:V69:Junction:4","4",69.0,"AIRPRT",0
"PAL:AIRPRT:V69:Junction:5","5",69.0,"AIRPRT",0
"PAL:AIRPRT:V69:Junction:6","6",69.0,"AIRPRT",0
"PAL:AIRPRT:V69:Junction:7","7",69.0,"AIRPRT",0
"PAL:AIRPRT:V69:Junction:11","11",69.0,"AIRPRT",0
"PAL:AIRPRT:V69:Junction:12","12",69.0,"AIRPRT",0
"PAL:AIRPRT:V69:Junction:13","13",69.0,"AIRPRT",0
"PAL:AIRPRT:V69:Junction:14","14",69.0,"AIRPRT",0
"GNorth:AMUS:V24:Junction:12","12",24.0,"AMUS",0
"GNorth:AMUS:V24:Junction:13","13",24.0,"AMUS",0
"GNorth:AMUS:V24:Junction:14","14",24.0,"AMUS",0
"GNorth:AMUS:V230:Junction:4","4",230.0,"AMUS",0
"GNorth:AMUS:V230:Junction:5","5",230.0,"AMUS",0
"GNorth:AMUS:V230:Junction:6","6",230.0,"AMUS",0
"GNorth:AMUS:V230:Junction:7","7",230.0,"AMUS",0
"GNorth:AMUS:V230:Junction:8","8",230.0,"AMUS",0
"GNorth:AMUS:V230:Junction:9","9",230.0,"AMUS",0
"GNorth:AMUS:V230:Junction:10","10",230.0,"AMUS",0
"GNorth:AMUS:V230:Junction:11","11",230.0,"AMUS",0
"PAL:ASH:V230:Junction:3","3",230.0,"ASH",0
"PAL:ASH:V230:Junction:4","4",230.0,"ASH",0
"PAL:ASH:V230:Junction:5","5",230.0,"ASH",0
"PAL:ASH:V230:Junction:6","6",230.0,"ASH",0
"PAL:ASH:V230:Junction:7","7",230.0,"ASH",0
"PAL:ASH:V230:Junction:8","8",230.0,"ASH",0
"GEast:BAKER:V24:Junction:9","9",24.0,"BAKER",0
"GEast:BAKER:V24:Junction:10","10",24.0,"BAKER",0
"GEast:BAKER:V24:Junction:11","11",24.0,"BAKER",0
"GEast:BAKER:V230:Junction:4","4",230.0,"BAKER",0
"GEast:BAKER:V230:Junction:5","5",230.0,"BAKER",0
"GEast:BAKER:V230:Junction:6","6",230.0,"BAKER",0
"GEast:BAKER:V230:Junction:7","7",230.0,"BAKER",0
"GEast:BAKER:V230:Junction:8","8",230.0,"BAKER",0
"GEast:BAKER:V230:Junction:12","12",230.0,"BAKER",0
"PAL:BEAVER:V69:Junction:3","3",69.0,"BEAVER",0
"PAL:BEAVER:V69:Junction:4","4",69.0,"BEAVER",0
"PAL:BEAVER:V69:Junction:5","5",69.0,"BEAVER",0
"PAL:BEAVER:V69:Junction:6","6",69.0,"BEAVER",0
"PAL:BEAVER:V69:Junction:7","7",69.0,"BEAVER",0
"PAL:BEAVER:V69:Junction:8","8",69.0,"BEAVER",0
"PAL:BEAVER:V69:Junction:9","9",69.0,"BEAVER",0
"PAL:BEAVER:V69:Junction:10","10",69.0,"BEAVER",0
"PAL:CHSHAN:V33:Junction:3","3",33.0,"CHSHAN",0
"PAL:CHSHAN:V33:Junction:4","4",33.0,"CHSHAN",0
"PAL:CHSHAN:V33:Junction:5","5",33.0,"CHSHAN",0
"PAL:CHSHAN:V33:Junction:6","6",33.0,"CHSHAN",0
"PAL:CHSHAN:V33:Junction:7","7",33.0,"CHSHAN",0
"PAL:CHSHAN:V33:Junction:8","8",33.0,"CHSHAN",0
"PAL:COPLEY:V69:Junction:2","2",69.0,"COPLEY",0
"PAL:COPLEY:V69:Junction:3","3",69.0,"COPLEY",0
"PAL:COPLEY:V69:Junction:4","4",69.0,"COPLEY",0
"PAL:COPLEY:V69:Junction:6","6",69.0,"COPLEY",0
"PAL:COPLEY:V69:Junction:8","8",69.0,"COPLEY",0
"PAL:COPLEY:V69:Junction:9","9",69.0,"COPLEY",0
"PAL:COPMANOR:V69:Junction:10","10",69.0,"COPMANOR",0
"PAL:COPMANOR:V69:Junction:11","11",69.0,"COPMANOR",0
"PAL:COPMANOR:V69:Junction:12","12",69.0,"COPMANOR",0
"PAL:COPMANOR:V69:Junction:13","13",69.0,"COPMANOR",0
"PAL:COPMANOR:V69:Junction:14","14",69.0,"COPMANOR",0
"GEast:CRWFRD:V24:Junction:14","14",24.0,"CRWFRD",0
"GEast:CRWFRD:V24:Junction:15","15",24.0,"CRWFRD",0
"GEast:CRWFRD:V24:Junction:16","16",24.0,"CRWFRD",0
"GEast:CRWFRD:V24:Junction:17","17",24.0,"CRWFRD",0
"GEast:CRWFRD:V24:Junction:18","18",24.0,"CRWFRD",0
"GEast:CRWFRD:V24:Junction:19","19",24.0,"CRWFRD",0
"GEast:CRWFRD:V230:Junction:5","5",230.0,"CRWFRD",0
"GEast:CRWFRD:V230:Junction:6","6",230.0,"CRWFRD",0
"GEast:CRWFRD:V230:Junction:7","7",230.0,"CRWFRD",0
"GEast:CRWFRD:V230:Junction:8","8",230.0,"CRWFRD",0
"GEast:CRWFRD:V230:Junction:9","9",230.0,"CRWFRD",0
"GEast:CRWFRD:V230:Junction:10","10",230.0,"CRWFRD",0
"GEast:CRWFRD:V230:Junction:11","11",230.0,"CRWFRD",0
"GEast:CRWFRD:V230:Junction:12","12",230.0,"CRWFRD",0
"GEast:CRWFRD:V230:Junction:13","13",230.0,"CRWFRD",0
"PAL:DAWSON:V230:Junction:2","2",230.0,"DAWSON",0
"PAL:DAWSON:V230:Junction:3","3",230.0,"DAWSON",0
"PAL:DAWSON:V230:Junction:4","4",230.0,"DAWSON",0
"GWest:DOYLE:V138:Junction:10","10",138.0,"DOYLE",0
"GWest:DOYLE:V138:Junction:11","11",138.0,"DOYLE",0
"GWest:DOYLE:V138:Junction:12","12",138.0,"DOYLE",0
"GWest:DOYLE:V138:Junction:13","13",138.0,"DOYLE",0
"GWest:DOYLE:V24:Junction:14","14",24.0,"DOYLE",0
"GWest:DOYLE:V24:Junction:15","15",24.0,"DOYLE",0
"GWest:DOYLE:V24:Junction:16","16",24.0,"DOYLE",0
"GWest:DOYLE:V230:Junction:5","5",230.0,"DOYLE",0
"GWest:DOYLE:V230:Junction:6","6",230.0,"DOYLE",0
"GWest:DOYLE:V230:Junction:7","7",230.0,"DOYLE",0
"GWest:DOYLE:V230:Junction:8","8",230.0,"DOYLE",0
"GWest:DOYLE:V230:Junction:9","9",230.0,"DOYLE",0
"PAL:ELLS:V230:Junction:2","2",230.0,"ELLS",0
"PAL:ELLS:V230:Junction:3","3",230.0,"ELLS",0
"PAL:ELLS:V230:Junction:4","4",230.0,"ELLS",0
"GWest:FARLIE:V138:Junction:13","13",138.0,"FARLIE",0
"GWest:FARLIE:V138:Junction:14","14",138.0,"FARLIE",0
"GWest:FARLIE:V138:Junction:15","15",138.0,"FARLIE",0
"GWest:FARLIE:V138:Junction:16","16",138.0,"FARLIE",0
"GWest:FARLIE:V24:Junction:17","17",24.0,"FARLIE",0
"GWest:FARLIE:V24:Junction:18","18",24.0,"FARLIE",0
"GWest:FARLIE:V24:Junction:19","19",24.0,"FARLIE",0
"GWest:FARLIE:V230:Junction:6","6",230.0,"FARLIE",0
"GWest:FARLIE:V230:Junction:7","7",230.0,"FARLIE",0
"GWest:FARLIE:V230:Junction:8","8",230.0,"FARLIE",0
"GWest:FARLIE:V230:Junction:9","9",230.0,"FARLIE",0
"GWest:FARLIE:V230:Junction:10","10",230.0,"FARLIE",0
"GWest:FARLIE:V230:Junction:11","11",230.0,"FARLIE",0
"GWest:FARLIE:V230:Junction:12","12",230.0,"FARLIE",0
"PAL:GRANGE:V230:Junction:3","3",230.0,"GRANGE",0
"PAL:GRANGE:V230:Junction:4","4",230.0,"GRANGE",0
"PAL:GRANGE:V230:Junction:5","5",230.0,"GRANGE",0
"PAL:GRANGE:V230:Junction:6","6",230.0,"GRANGE",0
"PAL:GRANGE:V230:Junction:7","7",230.0,"GRANGE",0
"PAL:GRANGE:V230:Junction:8","8",230.0,"GRANGE",0
"GSouth:HOMER:V138:Junction:14","14",138.0,"HOMER",0
"GSouth:HOMER:V138:Junction:15","15",138.0,"HOMER",0
"GSouth:HOMER:V138:Junction:16","16",138.0,"HOMER",0
"GSouth:HOMER:V24:Junction:17","17",24.0,"HOMER",0
"GSouth:HOMER:V24:Junction:18","18",24.0,"HOMER",0
"GSouth:HOMER:V24:Junction:19","19",24.0,"HOMER",0
"GSouth:HOMER:V230:Junction:5","5",230.0,"HOMER",0
"GSouth:HOMER:V230:Junction:6","6",230.0,"HOMER",0
"GSouth:HOMER:V230:Junction:7","7",230.0,"HOMER",0
"GSouth:HOMER:V230:Junction:8","8",230.0,"HOMER",0
"GSouth:HOMER:V230:Junction:9","9",230.0,"HOMER",0
"GSouth:HOMER:V230:Junction:10","10",230.0,"HOMER",0
"GSouth:HOMER:V230:Junction:11","11",230.0,"HOMER",0
"GSouth:HOMER:V230:Junction:12","12",230.0,"HOMER",0
"GSouth:HOMER:V230:Junction:13","13",230.0,"HOMER",0
"PAL:JENKIN:V230:Junction:5","5",230.0,"JENKIN",0
"PAL:JENKIN:V230:Junction:6","6",230.0,"JENKIN",0
"PAL:JENKIN:V230:Junction:7","7",230.0,"JENKIN",0
"PAL:JENKIN:V230:Junction:8","8",230.0,"JENKIN",0
"PAL:JENKIN:V230:Junction:9","9",230.0,"JENKIN",0
"PAL:JENKIN:V69:Junction:10","10",69.0,"JENKIN",0
"PAL:JENKIN:V69:Junction:11","11",69.0,"JENKIN",0
"PAL:JENKIN:V69:Junction:12","12",69.0,"JENKIN",0
"PAL:JENKIN:V69:Junction:13","13",69.0,"JENKIN",0
"PAL:JENKIN:V69:Junction:14","14",69.0,"JENKIN",0
"PAL:JENKIN:V69:Junction:15","15",69.0,"JENKIN",0
"PAL:KNCAID:V138:Junction:7","7",138.0,"KNCAID",0
"PAL:KNCAID:V138:Junction:8","8",138.0,"KNCAID",0
"PAL:KNCAID:V138:Junction:9","9",138.0,"KNCAID",0
"PAL:KNCAID:V138:Junction:10","10",138.0,"KNCAID",0
"PAL:KNCAID:V138:Junction:11","11",138.0,"KNCAID",0
"PAL:KNCAID:V230:Junction:4","4",230.0,"KNCAID",0
"PAL:KNCAID:V230:Junction:5","5",230.0,"KNCAID",0
"PAL:KNCAID:V230:Junction:6","6",230.0,"KNCAID",0
"GEast:LOCHER:V24:Junction:13","13",24.0,"LOCHER",0
"GEast:LOCHER:V24:Junction:14","14",24.0,"LOCHER",0
"GEast:LOCHER:V24:Junction:15","15",24.0,"LOCHER",0
"GEast:LOCHER:V230:Junction:4","4",230.0,"LOCHER",0
"GEast:LOCHER:V230:Junction:5","5",230.0,"LOCHER",0
"GEast:LOCHER:V230:Junction:6","6",230.0,"LOCHER",0
"GEast:LOCHER:V230:Junction:7","7",230.0,"LOCHER",0
"GEast:LOCHER:V230:Junction:8","8",230.0,"LOCHER",0
"GEast:LOCHER:V230:Junction:9","9",230.0,"LOCHER",0
"GEast:LOCHER:V230:Junction:10","10",230.0,"LOCHER",0
"GEast:LOCHER:V230:Junction:11","11",230.0,"LOCHER",0
"GEast:LOCHER:V230:Junction:12","12",230.0,"LOCHER",0
"PAL:MOSES:V230:Junction:4","4",230.0,"MOSES",0
"PAL:MOSES:V230:Junction:5","5",230.0,"MOSES",0
"PAL:MOSES:V230:Junction:6","6",230.0,"MOSES",0
"PAL:MOSES:V230:Junction:7","7",230.0,"MOSES",0
"PAL:MOSES:V230:Junction:8","8",230.0,"MOSES",0
"PAL:MOSES:V230:Junction:9","9",230.0,"MOSES",0
"PAL:MOSES:V230:Junction:10","10",230.0,"MOSES",0
"PAL:MOSES:V230:Junction:11","11",230.0,"MOSES",0
"PAL:MOSES:V69:Junction:12","12",69.0,"MOSES",0
"PAL:MOSES:V69:Junction:13","13",69.0,"MOSES",0
"PAL:MOSES:V69:Junction:14","14",69.0,"MOSES",0
"PAL:MOSES:V69:Junction:15","15",69.0,"MOSES",0
"PAL:MOSES:V69:Junction:16","16",69.0,"MOSES",0
"PAL:NESTLE:V230:Junction:3","3",230.0,"NESTLE",0
"PAL:NESTLE:V230:Junction:4","4",230.0,"NESTLE",0
"PAL:NESTLE:V230:Junction:5","5",230.0,"NESTLE",0
"PAL:NESTLE:V230:Junction:6","6",230.0,"NESTLE",0
"PAL:NESTLE:V69:Junction:7","7",69.0,"NESTLE",0
"PAL:NESTLE:V69:Junction:8","8",69.0,"NESTLE",0
"PAL:OAKDLE:V230:Junction:5","5",230.0,"OAKDLE",0
"PAL:OAKDLE:V230:Junction:6","6",230.0,"OAKDLE",0
"PAL:OAKDLE:V230:Junction:7","7",230.0,"OAKDLE",0
"PAL:OAKDLE:V230:Junction:8","8",230.0,"OAKDLE",0
"PAL:OAKDLE:V230:Junction:9","9",230.0,"OAKDLE",0
"PAL:OAKDLE:V230:Junction:10","10",230.0,"OAKDLE",0
"PAL:OAKDLE:V230:Junction:11","11",230.0,"OAKDLE",0
"PAL:OAKDLE:V230:Junction:12","12",230.0,"OAKDLE",0
"PAL:OAKDLE:V69:Junction:13","13",69.0,"OAKDLE",0
"PAL:OAKDLE:V69:Junction:14","14",69.0,"OAKDLE",0
"PAL:OAKDLE:V69:Junction:15","15",69.0,"OAKDLE",0
"PAL:OAKDLE:V69:Junction:16","16",69.0,"OAKDLE",0
"PAL:OAKDLE:V69:Junction:17","17",69.0,"OAKDLE",0
"PAL:POOL:V138:Junction:4","4",138.0,"POOL",0
"PAL:POOL:V138:Junction:5","5",138.0,"POOL",0
"PAL:POOL:V33:Junction:10","10",33.0,"POOL",0
"PAL:POOL:V33:Junction:12","12",33.0,"POOL",0
"PAL:POOL:V33:Junction:13","13",33.0,"POOL",0
"PAL:POOL:V69:Junction:6","6",69.0,"POOL",0
"PAL:POOL:V69:Junction:7","7",69.0,"POOL",0
"PAL:POOL:V69:Junction:8","8",69.0,"POOL",0
"PAL:RICTER:V138:Junction:4","4",138.0,"RICTER",0
"PAL:RICTER:V138:Junction:5","5",138.0,"RICTER",0
"PAL:RICTER:V138:Junction:8","8",138.0,"RICTER",0
"PAL:RICTER:V138:Junction:9","9",138.0,"RICTER",0
"PAL:RICTER:V138:Junction:10","10",138.0,"RICTER",0
"PAL:RICTER:V138:Junction:11","11",138.0,"RICTER",0
"PAL:RICTER:V69:Junction:6","6",69.0,"RICTER",0
"PAL:RICTER:V69:Junction:7","7",69.0,"RICTER",0
"PAL:STNTON:V69:Junction:3","3",69.0,"STNTON",0
"PAL:STNTON:V69:Junction:4","4",69.0,"STNTON",0
"PAL:STNTON:V69:Junction:5","5",69.0,"STNTON",0
"PAL:STNTON:V69:Junction:6","6",69.0,"STNTON",0
"PAL:STNTON:V69:Junction:7","7",69.0,"STNTON",0
"PAL:STNTON:V69:Junction:8","8",69.0,"STNTON",0
"PAL:TANTON:V138:Junction:6","6",138.0,"TANTON",0
"PAL:TANTON:V138:Junction:7","7",138.0,"TANTON",0
"PAL:TANTON:V138:Junction:8","8",138.0,"TANTON",0
"PAL:TANTON:V138:Junction:9","9",138.0,"TANTON",0
"PAL:TANTON:V138:Junction:11","11",138.0,"TANTON",0
"PAL:TANTON:V138:Junction:12","12",138.0,"TANTON",0
"PAL:TANTON:V138:Junction:13","13",138.0,"TANTON",0
"PAL:TANTON:V138:Junction:14","14",138.0,"TANTON",0
"PAL:TANTON:V138:Junction:17","17",138.0,"TANTON",0
"PAL:TANTON:V69:Junction:5","5",69.0,"TANTON",0
"PAL:TANTON:V69:Junction:10","10",69.0,"TANTON",0
"PAL:TANTON:V69:Junction:15","15",69.0,"TANTON",0
"PAL:TANTON:V69:Junction:16","16",69.0,"TANTON",0
"PAL:UXBRDG:V33:Junction:6","6",33.0,"UXBRDG",0
"PAL:UXBRDG:V33:Junction:7","7",33.0,"UXBRDG",0
"PAL:UXBRDG:V33:Junction:8","8",33.0,"UXBRDG",0
"PAL:UXBRDG:V33:Junction:9","9",33.0,"UXBRDG",0
"PAL:UXBRDG:V33:Junction:10","10",33.0,"UXBRDG",0
"PAL:UXBRDG:V33:Junction:11","11",33.0,"UXBRDG",0
"PAL:UXBRDG:V69:Junction:4","4",69.0,"UXBRDG",0
"PAL:UXBRDG:V69:Junction:5","5",69.0,"UXBRDG",0
"PAL:VEXLEY:V138:Junction:4","4",138.0,"VEXLEY",0
"PAL:VEXLEY:V138:Junction:5","5",138.0,"VEXLEY",0
"PAL:VEXLEY:V138:Junction:6","6",138.0,"VEXLEY",0
"PAL:VEXLEY:V138:Junction:7","7",138.0,"VEXLEY",0
"PAL:VEXLEY:V138:Junction:8","8",138.0,"VEXLEY",0
"PAL:VEXLEY:V138:Junction:9","9",138.0,"VEXLEY",0
"PAL:VEXLEY:V138:Junction:10","10",138.0,"VEXLEY",0
"PAL:VEXLEY:V138:Junction:11","11",138.0,"VEXLEY",0
"PAL:VEXLEY:V138:Junction:12","12",138.0,"VEXLEY",0
"PAL:VEXLEY:V138:Junction:13","13",138.0,"VEXLEY",0
"PAL:WYNHAM:V138:Junction:3","3",138.0,"WYNHAM",0
"PAL:WYNHAM:V138:Junction:4","4",138.0,"WYNHAM",0
"PAL:WYNHAM:V138:Junction:5","5",138.0,"WYNHAM",0
"PAL:WYNHAM:V138:Junction:6","6",138.0,"WYNHAM",0
"PAL:WYNHAM:V138:Junction:7","7",138.0,"WYNHAM",0
"PAL:WYNHAM:V138:Junction:8","8",138.0,"WYNHAM",0
"EXTRNL:EXTRNL:V230:Junction:2","2",230.0,"EXTRNL",0
"EXTRNL:EXTRNL:V230:Junction:3","3",230.0,"EXTRNL",0
"EXTRNL:EXTRNL:V230:Junction:4","4",230.0,"EXTRNL",0
"EXTRNL:EXTRNL:V230:Junction:5","5",230.0,"EXTRNL",0
"EXTRNL:EXTRNL:V230:Junction:6","6",230.0,"EXTRNL",0
"EXTRNL:EXTRNL:V230:Junction:8","8",230.0,"EXTRNL",0
"EXTRNL:EXTRNL:V230:Junction:9","9",230.0,"EXTRNL",0
"EXTRNL:EXTRNL:V230:Junction:10","10",230.0,"EXTRNL",0
"EXTRNL:EXTRNL:V230:Junction:11","11",230.0,"EXTRNL",0
"EXTRNL:EXTRNL:V230:Junction:12","12",230.0,"EXTRNL",0
"EXTRNL:EXTRNL:V230:Junction:14","14",230.0,"EXTRNL",0
"EXTRNL:EXTRNL:V230:Junction:15","15",230.0,"EXTRNL",0
"EXTRNL:EXTRNL:V230:Junction:16","16",230.0,"EXTRNL",0
"EXTRNL:EXTRNL:V230:Junction:17","17",230.0,"EXTRNL",0
"EXTRNL:EXTRNL:V230:Junction:18","18",230.0,"EXTRNL",0
"EXTRNL:EXTRNL:V230:Junction:20","20",230.0,"EXTRNL",0
"EXTRNL:EXTRNL:V230:Junction:21","21",230.0,"EXTRNL",0
"EXTRNL:EXTRNL:V230:Junction:22","22",230.0,"EXTRNL",0
"EXTRNL:EXTRNL:V230:Junction:23","23",230.0,"EXTRNL",0
"EXTRNL:EXTRNL:V230:Junction:24","24",230.0,"EXTRNL",0
"PAL:AIRPRT:V138:BusBarSection:BUS 3","BUS 3",138.0,"AIRPRT",1
"PAL:AIRPRT:V69:BusBarSection:BUS 1","BUS 1",69.0,"AIRPRT",0
"PAL:AIRPRT:V69:BusBarSection:BUS 2","BUS 2",69.0,"AIRPRT",0
"GNorth:AMUS:V24:BusBarSection:BUS 3","BUS 3",24.0,"AMUS",0
"GNorth:AMUS:V230:BusBarSection:BUS 1","BUS 1",230.0,"AMUS",0
"GNorth:AMUS:V230:BusBarSection:BUS 2","BUS 2",230.0,"AMUS",0
"PAL:ASH:V230:BusBarSection:BUS 1","BUS 1",230.0,"ASH",0
"PAL:ASH:V230:BusBarSection:BUS 2","BUS 2",230.0,"ASH",0
"GEast:BAKER:V24:BusBarSection:BUS 3","BUS 3",24.0,"BAKER",0
"GEast:BAKER:V230:BusBarSection:BUS 1","BUS 1",230.0,"BAKER",0
"GEast:BAKER:V230:BusBarSection:BUS 2","BUS 2",230.0,"BAKER",0
"PAL:BEAVER:V69:BusBarSection:BUS 1","BUS 1",69.0,"BEAVER",0
"PAL:BEAVER:V69:BusBarSection:BUS 2","BUS 2",69.0,"BEAVER",0
"PAL:CHSHAN:V33:BusBarSection:BUS 1","BUS 1",33.0,"CHSHAN",0
"PAL:CHSHAN:V33:BusBarSection:BUS 2","BUS 2",33.0,"CHSHAN",0
"PAL:COPLEY:V69:BusBarSection:BUS 5","BUS 5",69.0,"COPLEY",0
"PAL:COPLEY:V69:BusBarSection:BUS 7","BUS 7",69.0,"COPLEY",0
"PAL:COPMANOR:V69:BusBarSection:BUS 1","BUS 1",69.0,"COPMANOR",0
"GEast:CRWFRD:V24:BusBarSection:BUS 3","BUS 3",24.0,"CRWFRD",0
"GEast:CRWFRD:V24:BusBarSection:BUS 4","BUS 4",24.0,"CRWFRD",0
"GEast:CRWFRD:V230:BusBarSection:BUS 1","BUS 1",230.0,"CRWFRD",0
"GEast:CRWFRD:V230:BusBarSection:BUS 2","BUS 2",230.0,"CRWFRD",0
"PAL:DAWSON:V230:BusBarSection:BUS 1","BUS 1",230.0,"DAWSON",0
"GWest:DOYLE:V138:BusBarSection:BUS 3","BUS 3",138.0,"DOYLE",0
"GWest:DOYLE:V24:BusBarSection:BUS 4","BUS 4",24.0,"DOYLE",0
"GWest:DOYLE:V230:BusBarSection:BUS 1","BUS 1",230.0,"DOYLE",0
"GWest:DOYLE:V230:BusBarSection:BUS 2","BUS 2",230.0,"DOYLE",0
"PAL:ELLS:V230:BusBarSection:BUS 1","BUS 1",230.0,"ELLS",0
"GWest:FARLIE:V138:BusBarSection:BUS 3","BUS 3",138.0,"FARLIE",0
"GWest:FARLIE:V138:BusBarSection:BUS 4","BUS 4",138.0,"FARLIE",0
"GWest:FARLIE:V24:BusBarSection:BUS 5","BUS 5",24.0,"FARLIE",0
"GWest:FARLIE:V230:BusBarSection:BUS 1","BUS 1",230.0,"FARLIE",0
"GWest:FARLIE:V230:BusBarSection:BUS 2","BUS 2",230.0,"FARLIE",0
"PAL:GRANGE:V230:BusBarSection:BUS 1","BUS 1",230.0,"GRANGE",0
"PAL:GRANGE:V230:BusBarSection:BUS 2","BUS 2",230.0,"GRANGE",0
"GSouth:HOMER:V138:BusBarSection:BUS 3","BUS 3",138.0,"HOMER",0
"GSouth:HOMER:V24:BusBarSection:BUS 4","BUS 4",24.0,"HOMER",0
"GSouth:HOMER:V230:BusBarSection:BUS 1","BUS 1",230.0,"HOMER",0
"GSouth:HOMER:V230:BusBarSection:BUS 2","BUS 2",230.0,"HOMER",0
"PAL:JENKIN:V230:BusBarSection:BUS 1","BUS 1",230.0,"JENKIN",0
"PAL:JENKIN:V230:BusBarSection:BUS 2","BUS 2",230.0,"JENKIN",0
"PAL:JENKIN:V69:BusBarSection:BUS 3","BUS 3",69.0,"JENKIN",0
"PAL:JENKIN:V69:BusBarSection:BUS 4","BUS 4",69.0,"JENKIN",0
"PAL:KNCAID:V138:BusBarSection:BUS 2","BUS 2",138.0,"KNCAID",0
"PAL:KNCAID:V138:BusBarSection:BUS 3","BUS 3",138.0,"KNCAID",0
"PAL:KNCAID:V230:BusBarSection:BUS 1","BUS 1",230.0,"KNCAID",0
"GEast:LOCHER:V24:BusBarSection:BUS 3","BUS 3",24.0,"LOCHER",0
"GEast:LOCHER:V230:BusBarSection:BUS 1","BUS 1",230.0,"LOCHER",0
"GEast:LOCHER:V230:BusBarSection:BUS 2","BUS 2",230.0,"LOCHER",0
"PAL:MOSES:V230:BusBarSection:BUS 1","BUS 1",230.0,"MOSES",0
"PAL:MOSES:V230:BusBarSection:BUS 2","BUS 2",230.0,"MOSES",0
"PAL:MOSES:V69:BusBarSection:BUS 3","BUS 3",69.0,"MOSES",0
"PAL:NESTLE:V230:BusBarSection:BUS 1","BUS 1",230.0,"NESTLE",0
"PAL:NESTLE:V69:BusBarSection:BUS 2","BUS 2",69.0,"NESTLE",0
"PAL:OAKDLE:V230:BusBarSection:BUS 1","BUS 1",230.0,"OAKDLE",0
"PAL:OAKDLE:V230:BusBarSection:BUS 2","BUS 2",230.0,"OAKDLE",0
"PAL:OAKDLE:V69:BusBarSection:BUS 3","BUS 3",69.0,"OAKDLE",0
"PAL:OAKDLE:V69:BusBarSection:BUS 4","BUS 4",69.0,"OAKDLE",0
"PAL:POOL:V138:BusBarSection:BUS 3","BUS 3",138.0,"POOL",0
"PAL:POOL:V33:BusBarSection:BUS 2","BUS 2",33.0,"POOL",0
"PAL:POOL:V69:BusBarSection:BUS 1","BUS 1",69.0,"POOL",0
"PAL:RICTER:V138:BusBarSection:BUS 1","BUS 1",138.0,"RICTER",0
"PAL:RICTER:V138:BusBarSection:BUS 2","BUS 2",138.0,"RICTER",0
"PAL:RICTER:V69:BusBarSection:BUS 3","BUS 3",69.0,"RICTER",0
"PAL:STNTON:V69:BusBarSection:BUS 1","BUS 1",69.0,"STNTON",0
"PAL:STNTON:V69:BusBarSection:BUS 2","BUS 2",69.0,"STNTON",0
"PAL:TANTON:V138:BusBarSection:BUS 2","BUS 2",138.0,"TANTON",0
"PAL:TANTON:V138:BusBarSection:BUS 4","BUS 4",138.0,"TANTON",0
"PAL:TANTON:V69:BusBarSection:BUS 1","BUS 1",69.0,"TANTON",0
"PAL:TANTON:V69:BusBarSection:BUS 3","BUS 3",69.0,"TANTON",0
"PAL:UXBRDG:V33:BusBarSection:BUS 2","BUS 2",33.0,"UXBRDG",0
"PAL:UXBRDG:V33:BusBarSection:BUS 3","BUS 3",33.0,"UXBRDG",0
"PAL:UXBRDG:V69:BusBarSection:BUS 1","BUS 1",69.0,"UXBRDG",0
"PAL:VEXLEY:V138:BusBarSection:BUS 1","BUS 1",138.0,"VEXLEY",0
"PAL:VEXLEY:V138:BusBarSection:BUS 2","BUS 2",138.0,"VEXLEY",0
"PAL:VEXLEY:V138:BusBarSection:BUS 3","BUS 3",138.0,"VEXLEY",0
"PAL:WYNHAM:V138:BusBarSection:BUS 1","BUS 1",138.0,"WYNHAM",0
"PAL:WYNHAM:V138:BusBarSection:BUS 2","BUS 2",138.0,"WYNHAM",0
"EXTRNL:EXTRNL:V230:BusBarSection:BUS 1","BUS 1",230.0,"EXTRNL",1
"EXTRNL:EXTRNL:V230:BusBarSection:BUS 7","BUS 7",230.0,"EXTRNL",1
"EXTRNL:EXTRNL:V230:BusBarSection:BUS 13","BUS 13",230.0,"EXTRNL",1
"EXTRNL:EXTRNL:V230:BusBarSection:BUS 19","BUS 19",230.0,"EXTRNL",1
"GWest:FARLIE:V138:Junction:20","20",138.0,"FARLIE",0
"GWest:FARLIE:V138:Junction:21","21",138.0,"FARLIE",0
"GWest:FARLIE:V138:Junction:22","22",138.0,"FARLIE",0
"PAL:VEXLEY:V138:Junction:15","15",138.0,"VEXLEY",0
"PAL:VEXLEY:V138:Junction:16","16",138.0,"VEXLEY",0
"PAL:VEXLEY:V138:Junction:17","17",138.0,"VEXLEY",0
"PAL:VEXLEY:V138:Junction:18","18",138.0,"VEXLEY",0
"PAL:VEXLEY:V138:Junction:19","19",138.0,"VEXLEY",0
"PAL:VEXLEY:V138:BusBarSection:BUS 4","BUS 4",138.0,"VEXLEY",0
"PAL:RICTER:V138:Junction:1828","1828",138.0,"RICTER",0
"PAL:RICTER:V138:Junction:1829","1829",138.0,"RICTER",0
