"ID","Name","NominalKV","Substation","FrequencySourcePriority"
"PAL:AIRPRT:V138:BusBarSection:BUS 3","AIRPRT BUS 3",138.0,"AIRPRT",1
"PAL:AIRPRT:V69:BusBarSection:BUS 1","AIRPRT BUS 1",69.0,"AIRPRT",0
"PAL:AIRPRT:V69:BusBarSection:BUS 2","AIRPRT BUS 2",69.0,"AIRPRT",0
"GNorth:AMUS:V24:BusBarSection:BUS 3","AMUS BUS 3",24.0,"AMUS",0
"GNorth:AMUS:V230:BusBarSection:BUS 2","AMUS BUS 2",230.0,"AMUS",0
"PAL:ASH:V230:BusBarSection:BUS 1","ASH BUS 1",230.0,"ASH",0
"PAL:ASH:V230:BusBarSection:BUS 2","ASH BUS 2",230.0,"ASH",0
"GEast:BAKER:V24:BusBarSection:BUS 3","BAKER BUS 3",24.0,"BAKER",0
"GEast:BAKER:V24:Junction:11","BAKER 11",24.0,"BAKER",0
"GEast:BAKER:V230:BusBarSection:BUS 2","BAKER BUS 2",230.0,"BAKER",0
"PAL:BEAVER:V69:BusBarSection:BUS 1","BEAVER BUS 1",69.0,"BEAVER",0
"PAL:BEAVER:V69:BusBarSection:BUS 2","BEAVER BUS 2",69.0,"BEAVER",0
"PAL:BEAVER:V69:Junction:9","BEAVER 9",69.0,"BEAVER",0
"PAL:BEAVER:V69:Junction:10","BEAVER 10",69.0,"BEAVER",0
"PAL:CHSHAN:V33:BusBarSection:BUS 1","CHSHAN BUS 1",33.0,"CHSHAN",0
"PAL:CHSHAN:V33:BusBarSection:BUS 2","CHSHAN BUS 2",33.0,"CHSHAN",0
"PAL:COPLEY:V69:BusBarSection:BUS 5","COPLEY BUS 5",69.0,"COPLEY",0
"PAL:COPLEY:V69:BusBarSection:BUS 7","COPLEY BUS 7",69.0,"COPLEY",0
"PAL:COPMANOR:V69:BusBarSection:BUS 1","COPMANOR BUS 1",69.0,"COPMANOR",0
"PAL:COPMANOR:V69:Junction:13","COPMANOR 13",69.0,"COPMANOR",0
"PAL:COPMANOR:V69:Junction:14","COPMANOR 14",69.0,"COPMANOR",0
"GEast:CRWFRD:V24:BusBarSection:BUS 3","CRWFRD BUS 3",24.0,"CRWFRD",0
"GEast:CRWFRD:V24:BusBarSection:BUS 4","CRWFRD BUS 4",24.0,"CRWFRD",0
"GEast:CRWFRD:V230:BusBarSection:BUS 2","CRWFRD BUS 2",230.0,"CRWFRD",0
"PAL:DAWSON:V230:BusBarSection:BUS 1","DAWSON BUS 1",230.0,"DAWSON",0
"GWest:DOYLE:V138:BusBarSection:BUS 3","DOYLE BUS 3",138.0,"DOYLE",0
"GWest:DOYLE:V24:BusBarSection:BUS 4","DOYLE BUS 4",24.0,"DOYLE",0
"GWest:DOYLE:V230:BusBarSection:BUS 2","DOYLE BUS 2",230.0,"DOYLE",0
"PAL:ELLS:V230:BusBarSection:BUS 1","ELLS BUS 1",230.0,"ELLS",0
"GWest:FARLIE:V138:BusBarSection:BUS 4","FARLIE BUS 4",138.0,"FARLIE",0
"GWest:FARLIE:V24:BusBarSection:BUS 5","FARLIE BUS 5",24.0,"FARLIE",0
"GWest:FARLIE:V230:BusBarSection:BUS 2","FARLIE BUS 2",230.0,"FARLIE",0
"PAL:GRANGE:V230:BusBarSection:BUS 1","GRANGE BUS 1",230.0,"GRANGE",0
"PAL:GRANGE:V230:BusBarSection:BUS 2","GRANGE BUS 2",230.0,"GRANGE",0
"GSouth:HOMER:V138:BusBarSection:BUS 3","HOMER BUS 3",138.0,"HOMER",0
"GSouth:HOMER:V24:BusBarSection:BUS 4","HOMER BUS 4",24.0,"HOMER",0
"GSouth:HOMER:V230:BusBarSection:BUS 2","HOMER BUS 2",230.0,"HOMER",0
"PAL:JENKIN:V230:BusBarSection:BUS 2","JENKIN BUS 2",230.0,"JENKIN",0
"PAL:JENKIN:V69:BusBarSection:BUS 3","JENKIN BUS 3",69.0,"JENKIN",0
"PAL:JENKIN:V69:BusBarSection:BUS 4","JENKIN BUS 4",69.0,"JENKIN",0
"PAL:KNCAID:V138:BusBarSection:BUS 3","KNCAID BUS 3",138.0,"KNCAID",0
"PAL:KNCAID:V230:BusBarSection:BUS 1","KNCAID BUS 1",230.0,"KNCAID",0
"GEast:LOCHER:V24:BusBarSection:BUS 3","LOCHER BUS 3",24.0,"LOCHER",0
"GEast:LOCHER:V230:BusBarSection:BUS 2","LOCHER BUS 2",230.0,"LOCHER",0
"PAL:MOSES:V230:BusBarSection:BUS 2","MOSES BUS 2",230.0,"MOSES",0
"PAL:MOSES:V69:BusBarSection:BUS 3","MOSES BUS 3",69.0,"MOSES",0
"PAL:NESTLE:V230:BusBarSection:BUS 1","NESTLE BUS 1",230.0,"NESTLE",0
"PAL:NESTLE:V69:BusBarSection:BUS 2","NESTLE BUS 2",69.0,"NESTLE",0
"PAL:OAKDLE:V230:BusBarSection:BUS 2","OAKDLE BUS 2",230.0,"OAKDLE",0
"PAL:OAKDLE:V69:BusBarSection:BUS 3","OAKDLE BUS 3",69.0,"OAKDLE",0
"PAL:OAKDLE:V69:BusBarSection:BUS 4","OAKDLE BUS 4",69.0,"OAKDLE",0
"PAL:POOL:V138:BusBarSection:BUS 3","POOL BUS 3",138.0,"POOL",0
"PAL:POOL:V33:BusBarSection:BUS 2","POOL BUS 2",33.0,"POOL",0
"PAL:POOL:V69:BusBarSection:BUS 1","POOL BUS 1",69.0,"POOL",0
"PAL:RICTER:V138:BusBarSection:BUS 1","RICTER BUS 1",138.0,"RICTER",0
"PAL:RICTER:V138:BusBarSection:BUS 2","RICTER BUS 2",138.0,"RICTER",0
"PAL:RICTER:V69:BusBarSection:BUS 3","RICTER BUS 3",69.0,"RICTER",0
"PAL:STNTON:V69:BusBarSection:BUS 2","STNTON BUS 2",69.0,"STNTON",0
"PAL:TANTON:V138:BusBarSection:BUS 2","TANTON BUS 2",138.0,"TANTON",0
"PAL:TANTON:V138:BusBarSection:BUS 4","TANTON BUS 4",138.0,"TANTON",0
"PAL:TANTON:V69:BusBarSection:BUS 1","TANTON BUS 1",69.0,"TANTON",0
"PAL:TANTON:V69:BusBarSection:BUS 3","TANTON BUS 3",69.0,"TANTON",0
"PAL:UXBRDG:V33:BusBarSection:BUS 2","UXBRDG BUS 2",33.0,"UXBRDG",0
"PAL:UXBRDG:V33:BusBarSection:BUS 3","UXBRDG BUS 3",33.0,"UXBRDG",0
"PAL:UXBRDG:V69:BusBarSection:BUS 1","UXBRDG BUS 1",69.0,"UXBRDG",0
"PAL:VEXLEY:V138:BusBarSection:BUS 1","VEXLEY BUS 1",138.0,"VEXLEY",0
"PAL:VEXLEY:V138:BusBarSection:BUS 4","VEXLEY BUS 4",138.0,"VEXLEY",0
"PAL:VEXLEY:V138:Junction:6","VEXLEY 6",138.0,"VEXLEY",0
"PAL:VEXLEY:V138:BusBarSection:BUS 3","VEXLEY BUS 3",138.0,"VEXLEY",0
"PAL:WYNHAM:V138:BusBarSection:BUS 1","WYNHAM BUS 1",138.0,"WYNHAM",0
"PAL:WYNHAM:V138:BusBarSection:BUS 2","WYNHAM BUS 2",138.0,"WYNHAM",0
"EXTRNL:EXTRNL:V230:BusBarSection:BUS 1","EXTRNL BUS 1",230.0,"EXTRNL",1
"EXTRNL:EXTRNL:V230:BusBarSection:BUS 7","EXTRNL BUS 7",230.0,"EXTRNL",1
"EXTRNL:EXTRNL:V230:BusBarSection:BUS 13","EXTRNL BUS 13",230.0,"EXTRNL",1
"EXTRNL:EXTRNL:V230:BusBarSection:BUS 19","EXTRNL BUS 19",230.0,"EXTRNL",1
"GWest:FARLIE:V138:Junction:22","FARLIE 22",138.0,"FARLIE",0
"PAL:VEXLEY:V138:Junction:15","VEXLEY 15",138.0,"VEXLEY",0
"PAL:VEXLEY:V138:Junction:16","VEXLEY 16",138.0,"VEXLEY",0
"PAL:VEXLEY:V138:Junction:17","VEXLEY 17",138.0,"VEXLEY",0
"PAL:VEXLEY:V138:Junction:18","VEXLEY 18",138.0,"VEXLEY",0
"PAL:RICTER:V138:Junction:1829","RICTER 1829",138.0,"RICTER",0
