"ID","MW","MVAr"
"PAL:AIRPRT:V138:Load:AIRPRT B",16.31127,1.6310337
"PAL:AIRPRT:V69:Load:AIRPRT A",15.99164,1.5990726
"GNorth:AMUS:V24:Load:AMUS C",19.502245,9.44483
"GNorth:AMUS:V230:Load:AMUS A",89.143295,8.913819
"GNorth:AMUS:V230:Load:AMUS B",89.143295,8.913819
"PAL:ASH:V230:Load:ASH A",79.40394,7.93994
"PAL:ASH:V230:Load:ASH B",79.40394,7.93994
"GEast:BAKER:V24:Load:BAKER B",5.6089287,0.5608608
"GEast:BAKER:V230:Load:BAKER A",106.57326,10.656715
"PAL:BEAVER:V69:Load:BEAVER A",63.54656,6.3542924
"PAL:CHSHAN:V33:Load:CHSHAN A",23.40434,2.3403003
"PAL:CHSHAN:V33:Load:CHSHAN B",23.42435,2.3423011
"PAL:COPLEY:V69:Load:COPLEY A",21.169933,2.1168723
"PAL:COPLEY:V69:Load:COPLEY B",21.23818,2.1236963
"PAL:COPMANOR:V69:Load:COPLEY C",21.855446,2.1854196
"GEast:CRWFRD:V24:Load:CRWFRD B",3.376269,0.33760762
"GEast:CRWFRD:V24:Load:CRWFRD C",1.6881346,0.16880381
"GEast:CRWFRD:V230:Load:CRWFRD A",163.51425,16.35049
"PAL:DAWSON:V230:Load:DAWSON A",63.744392,6.3740745
"GWest:DOYLE:V138:Load:DOYLE A",62.249332,6.224577
"GWest:DOYLE:V24:Load:DOYLE B",6.9425454,0.6942148
"PAL:ELLS:V230:Load:ELLS A",63.831238,6.3827586
"GWest:FARLIE:V138:Load:FARLIE A",67.247765,6.7243924
"GWest:FARLIE:V24:Load:FARLIE B",1.388509,0.13884299
"PAL:GRANGE:V230:Load:GRANGE A",172.54893,17.253906
"PAL:GRANGE:V230:Load:GRANGE B",172.54893,17.253906
"GSouth:HOMER:V138:Load:HOMER B",27.501434,2.7499864
"GSouth:HOMER:V24:Load:HOMER C",6.394449,0.6394084
"GSouth:HOMER:V230:Load:HOMER A",93.63367,9.362831
"PAL:JENKIN:V230:Load:JENKIN A",85.044815,8.503995
"PAL:JENKIN:V69:Load:JENKIN B",20.622177,2.0620997
"PAL:JENKIN:V69:Load:JENKIN C",20.710077,2.0708895
"PAL:KNCAID:V138:Load:KNCAID A",8.121464,0.81209993
"PAL:KNCAID:V138:Load:KNCAID B",8.121464,0.81209993
"GEast:LOCHER:V24:Load:LOCHER B",14.067789,1.4066985
"GEast:LOCHER:V230:Load:LOCHER A",266.76785,26.67526
"PAL:MOSES:V230:Load:MOSES A",64.88302,6.4879303
"PAL:MOSES:V69:Load:MOSES B",14.781096,1.4780251
"PAL:NESTLE:V230:Load:NESTLE A",174.3901,17.438011
"PAL:OAKDLE:V230:Load:OAKDLE A",203.13893,20.31273
"PAL:OAKDLE:V69:Load:OAKDLE B",18.805088,1.8804013
"PAL:POOL:V33:Load:POOL A",7.841074,0.78406256
"PAL:RICTER:V138:Load:RICTER A",7.9389396,0.7938486
"PAL:RICTER:V138:Load:RICTER B",8.086563,0.80861
"PAL:STNTON:V69:Load:STNTON A",15.972989,1.5972077
"PAL:TANTON:V138:Load:TANTON A",1.9549947,0.1954883
"PAL:TANTON:V138:Load:TANTON B",2.0263433,0.20262274
"PAL:UXBRDG:V33:Load:UXBRDG A",1.3060837,0.1306009
"PAL:UXBRDG:V33:Load:UXBRDG B",2.6123428,0.26121932
"PAL:VEXLEY:V138:Load:VEXLEY A",19.292736,1.9291562
"PAL:VEXLEY:V138:Load:VEXLEY B",25.70715,2.5705678
"PAL:VEXLEY:V138:Load:VEXLEY C",25.799786,2.579831
"PAL:WYNHAM:V138:Load:WYNHAM A",3.9349775,0.39347523
"PAL:WYNHAM:V138:Load:WYNHAM B",3.9352577,0.39350328
"EXTRNL:EXTRNL:V230:Load:EXTRNL A",135.16772,13.515998
"EXTRNL:EXTRNL:V230:Load:EXTRNL B",146.1004,14.609203
"EXTRNL:EXTRNL:V230:Load:EXTRNL C",157.09154,15.708256
"EXTRNL:EXTRNL:V230:Load:EXTRNL D",148.67801,14.866951
