"ID","MW","MWSetPoint","GeneratorOperatingMode"
"GNorth:AMUS:V24:SynchronousMachine:AMUS",195.0393,194.62975,LFC
"GEast:BAKER:V24:SynchronousMachine:BAKER",0.0,0.0,OFF
"GEast:CRWFRD:V24:SynchronousMachine:CRWFRD 1",365.74802,365.70938,AGC
"GEast:CRWFRD:V24:SynchronousMachine:CRWFRD 2",373.26843,373.28998,AGC
"GWest:DOYLE:V24:SynchronousMachine:DOYLE",406.37582,406.34375,AGC
"GWest:FARLIE:V24:SynchronousMachine:FARLIE",805.5639,805.50854,LFC
"GSouth:HOMER:V24:SynchronousMachine:HOMER",303.39142,302.8699,LFC
"GEast:LOCHER:V24:SynchronousMachine:LOCHER",652.9269,652.90283,AGC
"EXTRNL:EXTRNL:V230:SynchronousMachine:EXTRNL 1",2.049704,2.0986016,LFC
"EXTRNL:EXTRNL:V230:SynchronousMachine:EXTRNL 2",2.049704,2.0986016,LFC
"EXTRNL:EXTRNL:V230:SynchronousMachine:EXTRNL 3",2.049704,2.0986016,LFC
"EXTRNL:EXTRNL:V230:SynchronousMachine:EXTRNL 4",131.83391,131.81479,LFC
