"ID","SwitchPosition"
"PAL:AIRPRT:V69:DisconnectSwitch:2","Closed"
"PAL:AIRPRT:V69:DisconnectSwitch:3","Closed"
"PAL:AIRPRT:V138:Breaker:7","Closed"
"PAL:AIRPRT:V138:Breaker:8","Closed"
"PAL:AIRPRT:V138:Breaker:9","Closed"
"PAL:AIRPRT:V69:Breaker:1","Closed"
"PAL:AIRPRT:V69:Breaker:4","Closed"
"PAL:AIRPRT:V69:Breaker:5","Closed"
"PAL:AIRPRT:V69:Breaker:6","Closed"
"PAL:AIRPRT:V69:Breaker:10","Closed"
"PAL:AIRPRT:V69:Breaker:11","Closed"
"GNorth:AMUS:V24:Breaker:13","Closed"
"GNorth:AMUS:V24:Breaker:14","Closed"
"GNorth:AMUS:V24:Breaker:15","Closed"
"GNorth:AMUS:V230:Breaker:1","Closed"
"GNorth:AMUS:V230:Breaker:10","Closed"
"GNorth:AMUS:V230:Breaker:11","Closed"
"GNorth:AMUS:V230:Breaker:12","Closed"
"GNorth:AMUS:V230:Breaker:2","Closed"
"GNorth:AMUS:V230:Breaker:3","Closed"
"GNorth:AMUS:V230:Breaker:4","Closed"
"GNorth:AMUS:V230:Breaker:5","Closed"
"GNorth:AMUS:V230:Breaker:6","Closed"
"GNorth:AMUS:V230:Breaker:7","Closed"
"GNorth:AMUS:V230:Breaker:8","Closed"
"GNorth:AMUS:V230:Breaker:9","Closed"
"PAL:ASH:V230:Breaker:1","Open"
"PAL:ASH:V230:Breaker:2","Closed"
"PAL:ASH:V230:Breaker:3","Closed"
"PAL:ASH:V230:Breaker:4","Open"
"PAL:ASH:V230:Breaker:5","Closed"
"PAL:ASH:V230:Breaker:6","Closed"
"PAL:ASH:V230:Breaker:7","Closed"
"PAL:ASH:V230:Breaker:8","Open"
"PAL:ASH:V230:Breaker:9","Closed"
"GEast:BAKER:V24:Breaker:10","Closed"
"GEast:BAKER:V24:Breaker:11","Closed"
"GEast:BAKER:V24:Breaker:12","Open"
"GEast:BAKER:V230:Breaker:1","Closed"
"GEast:BAKER:V230:Breaker:2","Closed"
"GEast:BAKER:V230:Breaker:3","Closed"
"GEast:BAKER:V230:Breaker:4","Closed"
"GEast:BAKER:V230:Breaker:5","Closed"
"GEast:BAKER:V230:Breaker:6","Closed"
"GEast:BAKER:V230:Breaker:7","Closed"
"GEast:BAKER:V230:Breaker:8","Closed"
"GEast:BAKER:V230:Breaker:9","Closed"
"PAL:BEAVER:V69:Breaker:1","Closed"
"PAL:BEAVER:V69:Breaker:10","Open"
"PAL:BEAVER:V69:Breaker:2","Closed"
"PAL:BEAVER:V69:Breaker:3","Open"
"PAL:BEAVER:V69:Breaker:4","Closed"
"PAL:BEAVER:V69:Breaker:5","Closed"
"PAL:BEAVER:V69:Breaker:6","Closed"
"PAL:BEAVER:V69:Breaker:7","Open"
"PAL:BEAVER:V69:Breaker:8","Closed"
"PAL:BEAVER:V69:Breaker:9","Open"
"PAL:CHSHAN:V33:Breaker:1","Closed"
"PAL:CHSHAN:V33:Breaker:2","Closed"
"PAL:CHSHAN:V33:Breaker:3","Closed"
"PAL:CHSHAN:V33:Breaker:4","Closed"
"PAL:CHSHAN:V33:Breaker:5","Open"
"PAL:CHSHAN:V33:Breaker:6","Closed"
"PAL:CHSHAN:V33:Breaker:7","Closed"
"PAL:CHSHAN:V33:Breaker:8","Open"
"PAL:COPLEY:V69:Breaker:1","Closed"
"PAL:COPLEY:V69:Breaker:2","Closed"
"PAL:COPLEY:V69:Breaker:3","Closed"
"PAL:COPLEY:V69:Breaker:4","Closed"
"PAL:COPLEY:V69:Breaker:5","Closed"
"PAL:COPLEY:V69:Breaker:6","Closed"
"PAL:COPLEY:V69:Breaker:7","Closed"
"PAL:COPLEY:V69:Breaker:8","Closed"
"PAL:COPMANOR:V69:Breaker:10","Closed"
"PAL:COPMANOR:V69:Breaker:11","Closed"
"PAL:COPMANOR:V69:Breaker:12","Closed"
"PAL:COPMANOR:V69:Breaker:13","Open"
"PAL:COPMANOR:V69:Breaker:14","Open"
"PAL:COPMANOR:V69:Breaker:9","Closed"
"GEast:CRWFRD:V24:Breaker:15","Closed"
"GEast:CRWFRD:V24:Breaker:16","Open"
"GEast:CRWFRD:V24:Breaker:17","Closed"
"GEast:CRWFRD:V24:Breaker:18","Closed"
"GEast:CRWFRD:V24:Breaker:19","Closed"
"GEast:CRWFRD:V24:Breaker:20","Closed"
"GEast:CRWFRD:V24:Breaker:21","Closed"
"GEast:CRWFRD:V230:Breaker:1","Closed"
"GEast:CRWFRD:V230:Breaker:10","Closed"
"GEast:CRWFRD:V230:Breaker:11","Closed"
"GEast:CRWFRD:V230:Breaker:12","Closed"
"GEast:CRWFRD:V230:Breaker:13","Closed"
"GEast:CRWFRD:V230:Breaker:14","Closed"
"GEast:CRWFRD:V230:Breaker:2","Closed"
"GEast:CRWFRD:V230:Breaker:3","Closed"
"GEast:CRWFRD:V230:Breaker:4","Closed"
"GEast:CRWFRD:V230:Breaker:5","Closed"
"GEast:CRWFRD:V230:Breaker:6","Closed"
"GEast:CRWFRD:V230:Breaker:7","Closed"
"GEast:CRWFRD:V230:Breaker:8","Closed"
"GEast:CRWFRD:V230:Breaker:9","Closed"
"PAL:DAWSON:V230:Breaker:1","Open"
"PAL:DAWSON:V230:Breaker:2","Closed"
"PAL:DAWSON:V230:Breaker:3","Closed"
"PAL:DAWSON:V230:Breaker:4","Closed"
"GWest:DOYLE:V138:Breaker:10","Closed"
"GWest:DOYLE:V138:Breaker:11","Closed"
"GWest:DOYLE:V138:Breaker:12","Closed"
"GWest:DOYLE:V138:Breaker:9","Closed"
"GWest:DOYLE:V24:Breaker:14","Closed"
"GWest:DOYLE:V24:Breaker:15","Closed"
"GWest:DOYLE:V24:Breaker:16","Closed"
"GWest:DOYLE:V230:Breaker:1","Closed"
"GWest:DOYLE:V230:Breaker:2","Closed"
"GWest:DOYLE:V230:Breaker:3","Closed"
"GWest:DOYLE:V230:Breaker:4","Closed"
"GWest:DOYLE:V230:Breaker:5","Closed"
"GWest:DOYLE:V230:Breaker:6","Closed"
"GWest:DOYLE:V230:Breaker:7","Closed"
"GWest:DOYLE:V230:Breaker:8","Closed"
"PAL:ELLS:V230:Breaker:1","Open"
"PAL:ELLS:V230:Breaker:2","Closed"
"PAL:ELLS:V230:Breaker:3","Closed"
"PAL:ELLS:V230:Breaker:4","Closed"
"GWest:FARLIE:V138:Breaker:15","Closed"
"GWest:FARLIE:V138:Breaker:16","Closed"
"GWest:FARLIE:V138:Breaker:17","Closed"
"GWest:FARLIE:V138:Breaker:18","Closed"
"GWest:FARLIE:V138:Breaker:19","Closed"
"GWest:FARLIE:V138:Breaker:20","Closed"
"GWest:FARLIE:V24:Breaker:12","Closed"
"GWest:FARLIE:V24:Breaker:13","Closed"
"GWest:FARLIE:V24:Breaker:14","Closed"
"GWest:FARLIE:V230:Breaker:1","Closed"
"GWest:FARLIE:V230:Breaker:10","Closed"
"GWest:FARLIE:V230:Breaker:11","Closed"
"GWest:FARLIE:V230:Breaker:2","Closed"
"GWest:FARLIE:V230:Breaker:3","Closed"
"GWest:FARLIE:V230:Breaker:4","Closed"
"GWest:FARLIE:V230:Breaker:5","Closed"
"GWest:FARLIE:V230:Breaker:6","Closed"
"GWest:FARLIE:V230:Breaker:7","Closed"
"GWest:FARLIE:V230:Breaker:8","Closed"
"GWest:FARLIE:V230:Breaker:9","Closed"
"PAL:GRANGE:V230:Breaker:1","Open"
"PAL:GRANGE:V230:Breaker:2","Closed"
"PAL:GRANGE:V230:Breaker:3","Closed"
"PAL:GRANGE:V230:Breaker:4","Open"
"PAL:GRANGE:V230:Breaker:5","Closed"
"PAL:GRANGE:V230:Breaker:6","Closed"
"PAL:GRANGE:V230:Breaker:7","Closed"
"PAL:GRANGE:V230:Breaker:8","Closed"
"PAL:GRANGE:V230:Breaker:9","Open"
"GSouth:HOMER:V138:Breaker:15","Closed"
"GSouth:HOMER:V138:Breaker:16","Closed"
"GSouth:HOMER:V138:Breaker:17","Closed"
"GSouth:HOMER:V24:Breaker:18","Closed"
"GSouth:HOMER:V24:Breaker:19","Closed"
"GSouth:HOMER:V24:Breaker:20","Closed"
"GSouth:HOMER:V230:Breaker:1","Closed"
"GSouth:HOMER:V230:Breaker:10","Closed"
"GSouth:HOMER:V230:Breaker:11","Open"
"GSouth:HOMER:V230:Breaker:12","Open"
"GSouth:HOMER:V230:Breaker:13","Closed"
"GSouth:HOMER:V230:Breaker:14","Closed"
"GSouth:HOMER:V230:Breaker:2","Closed"
"GSouth:HOMER:V230:Breaker:3","Open"
"GSouth:HOMER:V230:Breaker:4","Closed"
"GSouth:HOMER:V230:Breaker:5","Closed"
"GSouth:HOMER:V230:Breaker:6","Open"
"GSouth:HOMER:V230:Breaker:7","Closed"
"GSouth:HOMER:V230:Breaker:8","Closed"
"GSouth:HOMER:V230:Breaker:9","Closed"
"PAL:JENKIN:V230:Breaker:1","Closed"
"PAL:JENKIN:V230:Breaker:2","Closed"
"PAL:JENKIN:V230:Breaker:3","Closed"
"PAL:JENKIN:V230:Breaker:4","Closed"
"PAL:JENKIN:V230:Breaker:5","Closed"
"PAL:JENKIN:V230:Breaker:6","Closed"
"PAL:JENKIN:V230:Breaker:7","Closed"
"PAL:JENKIN:V230:Breaker:8","Closed"
"PAL:JENKIN:V69:Breaker:10","Closed"
"PAL:JENKIN:V69:Breaker:11","Closed"
"PAL:JENKIN:V69:Breaker:12","Closed"
"PAL:JENKIN:V69:Breaker:13","Closed"
"PAL:JENKIN:V69:Breaker:14","Closed"
"PAL:JENKIN:V69:Breaker:9","Closed"
"PAL:KNCAID:V138:Breaker:10","Closed"
"PAL:KNCAID:V138:Breaker:11","Closed"
"PAL:KNCAID:V138:Breaker:5","Closed"
"PAL:KNCAID:V138:Breaker:6","Closed"
"PAL:KNCAID:V138:Breaker:7","Closed"
"PAL:KNCAID:V138:Breaker:8","Closed"
"PAL:KNCAID:V138:Breaker:9","Open"
"PAL:KNCAID:V230:Breaker:1","Open"
"PAL:KNCAID:V230:Breaker:2","Closed"
"PAL:KNCAID:V230:Breaker:3","Closed"
"PAL:KNCAID:V230:Breaker:4","Closed"
"GEast:LOCHER:V24:Breaker:15","Closed"
"GEast:LOCHER:V24:Breaker:16","Closed"
"GEast:LOCHER:V24:Breaker:17","Closed"
"GEast:LOCHER:V230:Breaker:1","Closed"
"GEast:LOCHER:V230:Breaker:10","Closed"
"GEast:LOCHER:V230:Breaker:11","Closed"
"GEast:LOCHER:V230:Breaker:12","Closed"
"GEast:LOCHER:V230:Breaker:13","Closed"
"GEast:LOCHER:V230:Breaker:14","Closed"
"GEast:LOCHER:V230:Breaker:2","Closed"
"GEast:LOCHER:V230:Breaker:3","Closed"
"GEast:LOCHER:V230:Breaker:4","Closed"
"GEast:LOCHER:V230:Breaker:5","Closed"
"GEast:LOCHER:V230:Breaker:6","Closed"
"GEast:LOCHER:V230:Breaker:7","Closed"
"GEast:LOCHER:V230:Breaker:8","Closed"
"GEast:LOCHER:V230:Breaker:9","Closed"
"PAL:MOSES:V230:Breaker:1","Closed"
"PAL:MOSES:V230:Breaker:10","Closed"
"PAL:MOSES:V230:Breaker:11","Closed"
"PAL:MOSES:V230:Breaker:12","Closed"
"PAL:MOSES:V230:Breaker:2","Closed"
"PAL:MOSES:V230:Breaker:3","Closed"
"PAL:MOSES:V230:Breaker:4","Closed"
"PAL:MOSES:V230:Breaker:5","Closed"
"PAL:MOSES:V230:Breaker:6","Closed"
"PAL:MOSES:V230:Breaker:7","Closed"
"PAL:MOSES:V230:Breaker:8","Closed"
"PAL:MOSES:V230:Breaker:9","Closed"
"PAL:MOSES:V69:Breaker:13","Closed"
"PAL:MOSES:V69:Breaker:14","Closed"
"PAL:MOSES:V69:Breaker:15","Closed"
"PAL:MOSES:V69:Breaker:16","Closed"
"PAL:MOSES:V69:Breaker:17","Closed"
"PAL:NESTLE:V230:Breaker:1","Open"
"PAL:NESTLE:V230:Breaker:2","Closed"
"PAL:NESTLE:V230:Breaker:3","Closed"
"PAL:NESTLE:V230:Breaker:4","Closed"
"PAL:NESTLE:V230:Breaker:5","Closed"
"PAL:NESTLE:V69:Breaker:6","Closed"
"PAL:NESTLE:V69:Breaker:7","Closed"
"PAL:OAKDLE:V230:Breaker:1","Closed"
"PAL:OAKDLE:V230:Breaker:10","Closed"
"PAL:OAKDLE:V230:Breaker:11","Closed"
"PAL:OAKDLE:V230:Breaker:12","Closed"
"PAL:OAKDLE:V230:Breaker:2","Closed"
"PAL:OAKDLE:V230:Breaker:3","Closed"
"PAL:OAKDLE:V230:Breaker:4","Closed"
"PAL:OAKDLE:V230:Breaker:5","Closed"
"PAL:OAKDLE:V230:Breaker:6","Closed"
"PAL:OAKDLE:V230:Breaker:7","Closed"
"PAL:OAKDLE:V230:Breaker:8","Closed"
"PAL:OAKDLE:V230:Breaker:9","Closed"
"PAL:OAKDLE:V69:Breaker:13","Closed"
"PAL:OAKDLE:V69:Breaker:14","Closed"
"PAL:OAKDLE:V69:Breaker:15","Closed"
"PAL:OAKDLE:V69:Breaker:16","Closed"
"PAL:OAKDLE:V69:Breaker:17","Closed"
"PAL:POOL:V138:Breaker:1","Closed"
"PAL:POOL:V138:Breaker:2","Closed"
"PAL:POOL:V33:Breaker:10","Closed"
"PAL:POOL:V33:Breaker:7","Closed"
"PAL:POOL:V33:Breaker:9","Closed"
"PAL:POOL:V69:Breaker:3","Closed"
"PAL:POOL:V69:Breaker:4","Closed"
"PAL:POOL:V69:Breaker:5","Closed"
"PAL:RICTER:V138:Breaker:1","Closed"
"PAL:RICTER:V138:Breaker:2","Closed"
"PAL:RICTER:V138:Breaker:3","Closed"
"PAL:RICTER:V138:Breaker:6","Closed"
"PAL:RICTER:V138:Breaker:7","Closed"
"PAL:RICTER:V138:Breaker:8","Closed"
"PAL:RICTER:V69:Breaker:4","Closed"
"PAL:RICTER:V69:Breaker:5","Closed"
"PAL:STNTON:V69:Breaker:1","Closed"
"PAL:STNTON:V69:Breaker:2","Closed"
"PAL:STNTON:V69:Breaker:3","Closed"
"PAL:STNTON:V69:Breaker:4","Closed"
"PAL:STNTON:V69:Breaker:5","Closed"
"PAL:STNTON:V69:Breaker:6","Closed"
"PAL:STNTON:V69:Breaker:7","Closed"
"PAL:STNTON:V69:Breaker:8","Closed"
"PAL:STNTON:V69:Breaker:9","Closed"
"PAL:TANTON:V138:Breaker:12","Closed"
"PAL:TANTON:V138:Breaker:13","Closed"
"PAL:TANTON:V138:Breaker:2","Closed"
"PAL:TANTON:V138:Breaker:3","Closed"
"PAL:TANTON:V138:Breaker:5","Closed"
"PAL:TANTON:V138:Breaker:6","Closed"
"PAL:TANTON:V138:Breaker:7","Closed"
"PAL:TANTON:V138:Breaker:8","Closed"
"PAL:TANTON:V138:Breaker:9","Closed"
"PAL:TANTON:V69:Breaker:1","Closed"
"PAL:TANTON:V69:Breaker:10","Closed"
"PAL:TANTON:V69:Breaker:11","Closed"
"PAL:TANTON:V69:Breaker:4","Closed"
"PAL:UXBRDG:V33:Breaker:3","Closed"
"PAL:UXBRDG:V33:Breaker:4","Closed"
"PAL:UXBRDG:V33:Breaker:5","Closed"
"PAL:UXBRDG:V33:Breaker:6","Closed"
"PAL:UXBRDG:V33:Breaker:7","Closed"
"PAL:UXBRDG:V33:Breaker:8","Closed"
"PAL:UXBRDG:V69:Breaker:1","Closed"
"PAL:UXBRDG:V69:Breaker:2","Closed"
"PAL:VEXLEY:V138:Breaker:1","Closed"
"PAL:VEXLEY:V138:Breaker:10","Closed"
"PAL:VEXLEY:V138:Breaker:2","Closed"
"PAL:VEXLEY:V138:Breaker:3","Closed"
"PAL:VEXLEY:V138:Breaker:4","Open"
"PAL:VEXLEY:V138:Breaker:5","Closed"
"PAL:VEXLEY:V138:Breaker:6","Closed"
"PAL:VEXLEY:V138:Breaker:7","Closed"
"PAL:VEXLEY:V138:Breaker:8","Closed"
"PAL:VEXLEY:V138:Breaker:9","Closed"
"PAL:WYNHAM:V138:Breaker:1","Closed"
"PAL:WYNHAM:V138:Breaker:2","Closed"
"PAL:WYNHAM:V138:Breaker:3","Closed"
"PAL:WYNHAM:V138:Breaker:4","Closed"
"PAL:WYNHAM:V138:Breaker:5","Closed"
"PAL:WYNHAM:V138:Breaker:6","Closed"
"EXTRNL:EXTRNL:V230:Breaker:1","Closed"
"EXTRNL:EXTRNL:V230:Breaker:10","Closed"
"EXTRNL:EXTRNL:V230:Breaker:11","Closed"
"EXTRNL:EXTRNL:V230:Breaker:12","Closed"
"EXTRNL:EXTRNL:V230:Breaker:13","Closed"
"EXTRNL:EXTRNL:V230:Breaker:14","Closed"
"EXTRNL:EXTRNL:V230:Breaker:15","Closed"
"EXTRNL:EXTRNL:V230:Breaker:16","Closed"
"EXTRNL:EXTRNL:V230:Breaker:17","Closed"
"EXTRNL:EXTRNL:V230:Breaker:18","Closed"
"EXTRNL:EXTRNL:V230:Breaker:19","Closed"
"EXTRNL:EXTRNL:V230:Breaker:2","Closed"
"EXTRNL:EXTRNL:V230:Breaker:20","Closed"
"EXTRNL:EXTRNL:V230:Breaker:3","Closed"
"EXTRNL:EXTRNL:V230:Breaker:4","Closed"
"EXTRNL:EXTRNL:V230:Breaker:5","Closed"
"EXTRNL:EXTRNL:V230:Breaker:6","Closed"
"EXTRNL:EXTRNL:V230:Breaker:7","Closed"
"EXTRNL:EXTRNL:V230:Breaker:8","Closed"
"EXTRNL:EXTRNL:V230:Breaker:9","Closed"
"GWest:FARLIE:V138:Breaker:21","Closed"
"GWest:FARLIE:V138:Breaker:22","Open"
"GWest:FARLIE:V138:Breaker:23","Open"
"PAL:VEXLEY:V138:Breaker:11","Open"
"PAL:VEXLEY:V138:Breaker:12","Open"
"PAL:VEXLEY:V138:Breaker:13","Open"
"PAL:VEXLEY:V138:Breaker:14","Open"
"PAL:VEXLEY:V138:Breaker:15","Open"
"PAL:VEXLEY:V138:Breaker:16","Open"
"PAL:RICTER:V138:Breaker:9","Closed"
"PAL:RICTER:V138:Breaker:10","Open"
