"ID","Ratio"
"GNorth:AMUS:V230:TransformerWinding:AMUTR 12_ftap",1.0
"GEast:BAKER:V230:TransformerWinding:BAKTR 17_ftap",1.0
"GEast:CRWFRD:V230:TransformerWinding:CRATR 30_ftap",1.0
"GEast:CRWFRD:V230:TransformerWinding:CRATR 35_ftap",1.0
"GWest:DOYLE:V230:TransformerWinding:DOYTR 39_ftap",1.0
"GWest:DOYLE:V138:TransformerWinding:DOYTR 41_ftap",1.0
"GWest:FARLIE:V230:TransformerWinding:FARTR 45_ftap",1.0
"GWest:FARLIE:V230:TransformerWinding:FARTR 48_ftap",1.005
"GSouth:HOMER:V230:TransformerWinding:HOMTR 56_ftap",1.0
"GSouth:HOMER:V230:TransformerWinding:HOMTR 57_ftap",1.0
"PAL:JENKIN:V230:TransformerWinding:JENTR 59_ftap",1.0
"PAL:KNCAID:V230:TransformerWinding:KINTR 63_ftap",1.0
"GEast:LOCHER:V230:TransformerWinding:LOETR 67_ftap",1.0
"PAL:MOSES:V230:TransformerWinding:MOSTR 70_ftap",1.0
"PAL:NESTLE:V230:TransformerWinding:NESTR 73_ftap",1.0
"PAL:OAKDLE:V230:TransformerWinding:OAKTR 74_ftap",1.0
"PAL:POOL:V138:TransformerWinding:POOTR 78_ftap",1.0
"PAL:POOL:V69:TransformerWinding:POOTR 79_ftap",1.0
"PAL:RICTER:V138:TransformerWinding:RICTR 82_ftap",1.0
"PAL:TANTON:V138:TransformerWinding:TAUTR 84_ftap",1.0
"PAL:TANTON:V138:TransformerWinding:TAUTR 86_ftap",1.0
"PAL:UXBRDG:V69:TransformerWinding:UXBTR 87_ftap",1.0
"GNorth:AMUS:V230:TransformerWinding:AMUTR 12_ttap",1.0
"GEast:BAKER:V230:TransformerWinding:BAKTR 17_ttap",1.0
"GEast:CRWFRD:V230:TransformerWinding:CRATR 30_ttap",1.0
"GEast:CRWFRD:V230:TransformerWinding:CRATR 35_ttap",1.0
"GWest:DOYLE:V230:TransformerWinding:DOYTR 39_ttap",1.0
"GWest:DOYLE:V138:TransformerWinding:DOYTR 41_ttap",1.0
"GWest:FARLIE:V230:TransformerWinding:FARTR 45_ttap",1.0
"GWest:FARLIE:V230:TransformerWinding:FARTR 48_ttap",1.0
"GSouth:HOMER:V230:TransformerWinding:HOMTR 56_ttap",1.0
"GSouth:HOMER:V230:TransformerWinding:HOMTR 57_ttap",1.0
"PAL:JENKIN:V230:TransformerWinding:JENTR 59_ttap",1.0
"PAL:KNCAID:V230:TransformerWinding:KINTR 63_ttap",1.0
"GEast:LOCHER:V230:TransformerWinding:LOETR 67_ttap",1.0
"PAL:MOSES:V230:TransformerWinding:MOSTR 70_ttap",1.0
"PAL:NESTLE:V230:TransformerWinding:NESTR 73_ttap",1.0
"PAL:OAKDLE:V230:TransformerWinding:OAKTR 74_ttap",1.0
"PAL:POOL:V138:TransformerWinding:POOTR 78_ttap",1.0
"PAL:POOL:V69:TransformerWinding:POOTR 79_ttap",1.0
"PAL:RICTER:V138:TransformerWinding:RICTR 82_ttap",1.0
"PAL:TANTON:V138:TransformerWinding:TAUTR 84_ttap",1.0
"PAL:TANTON:V138:TransformerWinding:TAUTR 86_ttap",1.0
"PAL:UXBRDG:V69:TransformerWinding:UXBTR 87_ttap",1.0
