"ID","FromMW","FromMVAr","ToMW","ToMVAr"
"GNorth:AMUS:V230:TransformerWinding:AMUTR 12",-175.537,-54.685547,175.537,58.103516
"GEast:BAKER:V230:TransformerWinding:BAKTR 17",5.6089196,0.5644531,-5.6089196,-0.5605469
"GEast:CRWFRD:V230:TransformerWinding:CRATR 30",-362.37173,-18.605469,362.37173,29.17871
"GEast:CRWFRD:V230:TransformerWinding:CRATR 35",-371.58023,-18.333984,371.58023,29.450195
"GWest:DOYLE:V230:TransformerWinding:DOYTR 39",-199.1265,26.548279,199.1265,22.104248
"GWest:DOYLE:V138:TransformerWinding:DOYTR 41",-399.4331,-31.771484,399.4331,51.23242
"GWest:FARLIE:V230:TransformerWinding:FARTR 45",192.52676,36.698242,-192.52676,-11.820923
"GWest:FARLIE:V230:TransformerWinding:FARTR 48",-804.17505,-14.05957,804.17505,79.35742
"GSouth:HOMER:V230:TransformerWinding:HOMTR 56",35.50986,8.174988,-35.50986,-6.5688477
"GSouth:HOMER:V230:TransformerWinding:HOMTR 57",-296.99692,-14.686523,296.99692,23.5625
"PAL:JENKIN:V230:TransformerWinding:JENTR 59",23.74711,-2.761963,-23.74711,3.182251
"PAL:KNCAID:V230:TransformerWinding:KINTR 63",47.36356,-17.974487,-47.36356,20.52124
"GEast:LOCHER:V230:TransformerWinding:LOETR 67",-638.83185,-1.0146484,638.83185,46.140625
"PAL:MOSES:V230:TransformerWinding:MOSTR 70",32.127357,-0.58795166,-32.127357,2.5739136
"PAL:NESTLE:V230:TransformerWinding:NESTR 73",17.2618,-10.527344,-17.2618,10.833618
"PAL:OAKDLE:V230:TransformerWinding:OAKTR 74",36.09804,-2.2105713,-36.09804,3.6018677
"PAL:POOL:V138:TransformerWinding:POOTR 78",54.043625,-2.6329346,-54.043625,4.074707
"PAL:POOL:V69:TransformerWinding:POOTR 79",52.027958,6.9710083,-52.027958,-4.111206
"PAL:RICTER:V138:TransformerWinding:RICTR 82",120.80447,18.030579,-120.80447,-3.463501
"PAL:TANTON:V138:TransformerWinding:TAUTR 84",3.2970273,-5.368469,-3.2970273,5.6203003
"PAL:TANTON:V138:TransformerWinding:TAUTR 86",7.4766803,1.3332977,-7.4766803,-0.9951935
"PAL:UXBRDG:V69:TransformerWinding:UXBTR 87",6.7397227,3.4098358,-6.7397227,-2.8720932
