"ID","SynchronousMachineOperatingMode","AVRMode","KVSetPoint","MVArSetpoint","MVAr"
"GNorth:AMUS:V24:SynchronousMachine:AMUS",GEN,ON,24.0,0.0,67.54883
"GEast:BAKER:V24:SynchronousMachine:BAKER",GEN,ON,24.0,0.0,0.0
"GEast:CRWFRD:V24:SynchronousMachine:CRWFRD 1",GEN,ON,24.0,0.0,29.515621
"GEast:CRWFRD:V24:SynchronousMachine:CRWFRD 2",GEN,ON,24.0,0.0,29.619144
"GWest:DOYLE:V24:SynchronousMachine:DOYLE",GEN,ON,24.0,0.0,51.926758
"GWest:FARLIE:V24:SynchronousMachine:FARLIE",GEN,ON,24.0,0.0,79.497086
"GSouth:HOMER:V24:SynchronousMachine:HOMER",GEN,ON,24.0,0.0,24.202148
"GEast:LOCHER:V24:SynchronousMachine:LOCHER",GEN,ON,24.0,0.0,47.54686
"EXTRNL:EXTRNL:V230:SynchronousMachine:EXTRNL 1",GEN,ON,230.0,0.0,17.797348
"EXTRNL:EXTRNL:V230:SynchronousMachine:EXTRNL 2",GEN,ON,230.0,0.0,44.94304
"EXTRNL:EXTRNL:V230:SynchronousMachine:EXTRNL 3",GEN,ON,230.0,0.0,40.574768
"EXTRNL:EXTRNL:V230:SynchronousMachine:EXTRNL 4",GEN,ON,235.0,0.0,95.513794
