"ID","MW","MVAr"
"PAL:AIRPRT:V138:Load:AIRPRT B",16.353306,1.6353464
"PAL:AIRPRT:V69:Load:AIRPRT A",16.032667,1.6032823
"GNorth:AMUS:V24:Load:AMUS C",19.456112,9.423138
"GNorth:AMUS:V230:Load:AMUS A",89.35848,8.935935
"GNorth:AMUS:V230:Load:AMUS B",89.35848,8.935935
"PAL:ASH:V230:Load:ASH A",79.597015,7.959779
"PAL:ASH:V230:Load:ASH B",79.597015,7.959779
"GEast:BAKER:V24:Load:BAKER B",5.6226506,0.5622705
"GEast:BAKER:V230:Load:BAKER A",106.83399,10.683502
"PAL:BEAVER:V69:Load:BEAVER A",63.721176,6.372179
"PAL:CHSHAN:V33:Load:CHSHAN A",23.479044,2.347927
"PAL:CHSHAN:V33:Load:CHSHAN B",23.497019,2.3497245
"PAL:COPLEY:V69:Load:COPLEY A",21.225397,2.1225603
"PAL:COPLEY:V69:Load:COPLEY B",21.293943,2.129415
"PAL:COPMANOR:V69:Load:COPLEY C",21.913082,2.1913295
"GEast:CRWFRD:V24:Load:CRWFRD B",3.3844848,0.3384518
"GEast:CRWFRD:V24:Load:CRWFRD C",1.6922424,0.1692259
"GEast:CRWFRD:V230:Load:CRWFRD A",163.91124,16.391281
"PAL:DAWSON:V230:Load:DAWSON A",63.909454,6.3910074
"GWest:DOYLE:V138:Load:DOYLE A",62.398643,6.239925
"GWest:DOYLE:V24:Load:DOYLE B",6.9594383,0.6959506
"PAL:ELLS:V230:Load:ELLS A",63.99601,6.3996634
"GWest:FARLIE:V138:Load:FARLIE A",67.56275,6.7563415
"GWest:FARLIE:V24:Load:FARLIE B",1.3918878,0.13919014
"PAL:GRANGE:V230:Load:GRANGE A",173.01117,17.301285
"PAL:GRANGE:V230:Load:GRANGE B",173.01117,17.301285
"GSouth:HOMER:V138:Load:HOMER B",27.668682,2.766895
"GSouth:HOMER:V24:Load:HOMER C",6.4100094,0.6410071
"GSouth:HOMER:V230:Load:HOMER A",93.88317,9.388407
"PAL:JENKIN:V230:Load:JENKIN A",85.2628,8.526363
"PAL:JENKIN:V69:Load:JENKIN B",20.67511,2.067531
"PAL:JENKIN:V69:Load:JENKIN C",20.763441,2.0763643
"PAL:KNCAID:V138:Load:KNCAID A",8.1424,0.81424785
"PAL:KNCAID:V138:Load:KNCAID B",8.1424,0.81424785
"GEast:LOCHER:V24:Load:LOCHER B",14.10202,1.4102157
"GEast:LOCHER:V230:Load:LOCHER A",267.42493,26.742752
"PAL:MOSES:V230:Load:MOSES A",65.04525,6.5045877
"PAL:MOSES:V69:Load:MOSES B",14.819161,1.4819305
"PAL:NESTLE:V230:Load:NESTLE A",174.81998,17.482166
"PAL:OAKDLE:V230:Load:OAKDLE A",203.62897,20.363094
"PAL:OAKDLE:V69:Load:OAKDLE B",18.853363,1.8853545
"PAL:POOL:V33:Load:POOL A",7.8663864,0.78664625
"PAL:RICTER:V138:Load:RICTER A",7.9567957,0.79568726
"PAL:RICTER:V138:Load:RICTER B",8.104989,0.81050676
"PAL:STNTON:V69:Load:STNTON A",16.014816,1.6014972
"PAL:TANTON:V138:Load:TANTON A",1.960038,0.1960057
"PAL:TANTON:V138:Load:TANTON B",2.0315664,0.20315862
"PAL:UXBRDG:V33:Load:UXBRDG A",1.3100512,0.13100639
"PAL:UXBRDG:V33:Load:UXBRDG B",2.6202774,0.26203027
"PAL:VEXLEY:V138:Load:VEXLEY A",19.522827,1.9522945
"PAL:VEXLEY:V138:Load:VEXLEY B",25.924915,2.5925167
"PAL:VEXLEY:V138:Load:VEXLEY C",26.03209,2.6032343
"PAL:WYNHAM:V138:Load:WYNHAM A",3.9515615,0.39515996
"PAL:WYNHAM:V138:Load:WYNHAM B",3.9506886,0.3950727
"EXTRNL:EXTRNL:V230:Load:EXTRNL A",135.49661,13.549791
"EXTRNL:EXTRNL:V230:Load:EXTRNL B",146.45589,14.645731
"EXTRNL:EXTRNL:V230:Load:EXTRNL C",157.47379,15.747531
"EXTRNL:EXTRNL:V230:Load:EXTRNL D",149.03976,14.904122
