"ID","MW","MWSetPoint","GeneratorOperatingMode"
"GNorth:AMUS:V24:SynchronousMachine:AMUS",194.56606,194.6868,LFC
"GEast:BAKER:V24:SynchronousMachine:BAKER",0.0,0.0,OFF
"GEast:CRWFRD:V24:SynchronousMachine:CRWFRD 1",367.49048,367.5907,AGC
"GEast:CRWFRD:V24:SynchronousMachine:CRWFRD 2",375.16818,375.26843,AGC
"GWest:DOYLE:V24:SynchronousMachine:DOYLE",408.18448,408.2926,AGC
"GWest:FARLIE:V24:SynchronousMachine:FARLIE",805.3027,805.4263,LFC
"GSouth:HOMER:V24:SynchronousMachine:HOMER",303.48712,303.60495,LFC
"GEast:LOCHER:V24:SynchronousMachine:LOCHER",654.9804,655.10394,AGC
"EXTRNL:EXTRNL:V230:SynchronousMachine:EXTRNL 1",2.4139366,2.4421227,LFC
"EXTRNL:EXTRNL:V230:SynchronousMachine:EXTRNL 2",2.4139366,2.4421227,LFC
"EXTRNL:EXTRNL:V230:SynchronousMachine:EXTRNL 3",2.4139366,2.4421227,LFC
"EXTRNL:EXTRNL:V230:SynchronousMachine:EXTRNL 4",131.75183,131.78944,LFC
