"ID","SynchronousMachineOperatingMode","AVRMode","KVSetPoint","MVArSetpoint","MVAr"
"GNorth:AMUS:V24:SynchronousMachine:AMUS",GEN,ON,24.0,0.0,67.87305
"GEast:BAKER:V24:SynchronousMachine:BAKER",GEN,ON,24.0,0.0,0.0
"GEast:CRWFRD:V24:SynchronousMachine:CRWFRD 1",GEN,ON,24.0,0.0,29.71291
"GEast:CRWFRD:V24:SynchronousMachine:CRWFRD 2",GEN,ON,24.0,0.0,29.819324
"GWest:DOYLE:V24:SynchronousMachine:DOYLE",GEN,ON,24.0,0.0,52.478516
"GWest:FARLIE:V24:SynchronousMachine:FARLIE",GEN,ON,24.0,0.0,75.85254
"GSouth:HOMER:V24:SynchronousMachine:HOMER",GEN,ON,24.0,0.0,21.209953
"GEast:LOCHER:V24:SynchronousMachine:LOCHER",GEN,ON,24.0,0.0,47.383804
"EXTRNL:EXTRNL:V230:SynchronousMachine:EXTRNL 1",GEN,ON,230.0,0.0,17.836235
"EXTRNL:EXTRNL:V230:SynchronousMachine:EXTRNL 2",GEN,ON,230.0,0.0,44.945
"EXTRNL:EXTRNL:V230:SynchronousMachine:EXTRNL 3",GEN,ON,230.0,0.0,40.429398
"EXTRNL:EXTRNL:V230:SynchronousMachine:EXTRNL 4",GEN,ON,235.0,0.0,95.43242
