"ID","FromMW","FromMVAr","ToMW","ToMVAr"
"PAL:AIRPRT:V69:SeriesDevice:SERIES 1",-1.2623749,2.6572266,1.2623749,-2.6572266
"PAL:BEAVER:V69:SeriesDevice:SERIES 1",-61.53923,-17.236328,61.53923,17.236328
"PAL:CHSHAN:V33:SeriesDevice:SERIES 1",20.60701,-0.16662598,-20.60701,0.16662598
"PAL:COPLEY:V69:SeriesDevice:SERIES 1",42.414318,-12.515381,-42.414318,12.515381
"PAL:JENKIN:V69:SeriesDevice:SERIES 1",3.1249094,-5.243164,-3.1249094,5.243164
"PAL:OAKDLE:V69:SeriesDevice:SERIES 1",36.098026,-3.5976562,-36.098026,3.5976562
"PAL:RICTER:V138:SeriesDevice:SERIES 1",128.94225,-15.09021,-128.94225,15.09021
"PAL:TANTON:V138:SeriesDevice:SERIES 1",5.2544074,24.388489,-5.2544074,-24.388489
"PAL:UXBRDG:V33:SeriesDevice:SERIES 1",2.6123886,0.26342773,-2.6123886,-0.26342773
"PAL:VEXLEY:V138:SeriesDevice:SERIES 1",-37.093643,1.7787476,37.093643,-1.7787476
"PAL:VEXLEY:V138:SeriesDevice:SERIES 2",-17.798162,4.060913,17.798162,-4.060913
"PAL:WYNHAM:V138:SeriesDevice:SERIES 1",58.184692,1.460144,-58.184692,-1.460144
"EXTRNL:EXTRNL:V230:SeriesDevice:SERIES 1",17.368876,0.5605774,-17.368876,-0.5605774
"EXTRNL:EXTRNL:V230:SeriesDevice:SERIES 2",25.155981,0.06488037,-25.155981,-0.06488037
"EXTRNL:EXTRNL:V230:SeriesDevice:SERIES 3",-40.29884,-4.7213745,40.29884,4.7213745
"EXTRNL:EXTRNL:V230:SeriesDevice:SERIES 4",-24.600327,-21.202026,24.600327,21.202026
