"ID","MW","MWSetPoint","GeneratorOperatingMode"
"GNorth:AMUS:V24:SynchronousMachine:AMUS",194.58046,194.6716,LFC
"GEast:BAKER:V24:SynchronousMachine:BAKER",0.0,0.0,OFF
"GEast:CRWFRD:V24:SynchronousMachine:CRWFRD 1",367.0479,367.11896,AGC
"GEast:CRWFRD:V24:SynchronousMachine:CRWFRD 2",374.69693,374.768,AGC
"GWest:DOYLE:V24:SynchronousMachine:DOYLE",407.75217,407.82785,AGC
"GWest:FARLIE:V24:SynchronousMachine:FARLIE",805.64923,805.7405,LFC
"GSouth:HOMER:V24:SynchronousMachine:HOMER",303.5477,303.63885,LFC
"GEast:LOCHER:V24:SynchronousMachine:LOCHER",654.5665,654.6531,AGC
"EXTRNL:EXTRNL:V230:SynchronousMachine:EXTRNL 1",2.3259737,2.340649,LFC
"EXTRNL:EXTRNL:V230:SynchronousMachine:EXTRNL 2",2.3259737,2.340649,LFC
"EXTRNL:EXTRNL:V230:SynchronousMachine:EXTRNL 3",2.3259737,2.340649,LFC
"EXTRNL:EXTRNL:V230:SynchronousMachine:EXTRNL 4",131.81636,131.83789,LFC
