"ID","MW","MVAr"
"PAL:AIRPRT:V138:Load:AIRPRT B",16.34185,1.6341939
"PAL:AIRPRT:V69:Load:AIRPRT A",16.021305,1.6021395
"GNorth:AMUS:V24:Load:AMUS C",19.457937,9.423964
"GNorth:AMUS:V230:Load:AMUS A",89.29766,8.929815
"GNorth:AMUS:V230:Load:AMUS B",89.29766,8.929815
"PAL:ASH:V230:Load:ASH A",79.542755,7.95432
"PAL:ASH:V230:Load:ASH B",79.542755,7.95432
"GEast:BAKER:V24:Load:BAKER B",5.6188235,0.56188554
"GEast:BAKER:V230:Load:BAKER A",106.76127,10.676186
"PAL:BEAVER:V69:Load:BEAVER A",63.67508,6.367543
"PAL:CHSHAN:V33:Load:CHSHAN A",23.461857,2.3461988
"PAL:CHSHAN:V33:Load:CHSHAN B",23.479813,2.3479946
"PAL:COPLEY:V69:Load:COPLEY A",21.210148,2.1210268
"PAL:COPLEY:V69:Load:COPLEY B",21.278625,2.1278746
"PAL:COPMANOR:V69:Load:COPLEY C",21.89728,2.1897402
"GEast:CRWFRD:V24:Load:CRWFRD B",3.3822048,0.33822238
"GEast:CRWFRD:V24:Load:CRWFRD C",1.6911024,0.16911119
"GEast:CRWFRD:V230:Load:CRWFRD A",163.80011,16.380104
"PAL:DAWSON:V230:Load:DAWSON A",63.865604,6.3865957
"GWest:DOYLE:V138:Load:DOYLE A",62.356018,6.2356358
"GWest:DOYLE:V24:Load:DOYLE B",6.9547496,0.69547886
"PAL:ELLS:V230:Load:ELLS A",63.952118,6.3952475
"GWest:FARLIE:V138:Load:FARLIE A",67.5159,6.751628
"GWest:FARLIE:V24:Load:FARLIE B",1.39095,0.13909578
"PAL:GRANGE:V230:Load:GRANGE A",172.8913,17.289225
"PAL:GRANGE:V230:Load:GRANGE B",172.8913,17.289225
"GSouth:HOMER:V138:Load:HOMER B",27.649794,2.764995
"GSouth:HOMER:V24:Load:HOMER C",6.40569,0.64057267
"GSouth:HOMER:V230:Load:HOMER A",93.81936,9.381988
"PAL:JENKIN:V230:Load:JENKIN A",85.20429,8.520476
"PAL:JENKIN:V69:Load:JENKIN B",20.660797,2.066091
"PAL:JENKIN:V69:Load:JENKIN C",20.748909,2.0749023
"PAL:KNCAID:V138:Load:KNCAID A",8.136721,0.8136765
"PAL:KNCAID:V138:Load:KNCAID B",8.136721,0.8136765
"GEast:LOCHER:V24:Load:LOCHER B",14.09252,1.4092599
"GEast:LOCHER:V230:Load:LOCHER A",267.24313,26.72446
"PAL:MOSES:V230:Load:MOSES A",65.000465,6.500083
"PAL:MOSES:V69:Load:MOSES B",14.808701,1.4808782
"PAL:NESTLE:V230:Load:NESTLE A",174.69855,17.469952
"PAL:OAKDLE:V230:Load:OAKDLE A",203.48846,20.348959
"PAL:OAKDLE:V69:Load:OAKDLE B",18.839956,1.884006
"PAL:POOL:V33:Load:POOL A",7.8606577,0.7860701
"PAL:RICTER:V138:Load:RICTER A",7.9510503,0.79510945
"PAL:RICTER:V138:Load:RICTER B",8.099007,0.8099051
"PAL:STNTON:V69:Load:STNTON A",16.003347,1.6003437
"PAL:TANTON:V138:Load:TANTON A",1.9586569,0.1958668
"PAL:TANTON:V138:Load:TANTON B",2.0301409,0.20301521
"PAL:UXBRDG:V33:Load:UXBRDG A",1.3090948,0.1309102
"PAL:UXBRDG:V33:Load:UXBRDG B",2.6183648,0.26183793
"PAL:VEXLEY:V138:Load:VEXLEY A",19.509502,1.9509538
"PAL:VEXLEY:V138:Load:VEXLEY B",25.907038,2.590718
"PAL:VEXLEY:V138:Load:VEXLEY C",26.014305,2.6014447
"PAL:WYNHAM:V138:Load:WYNHAM A",3.9487867,0.39488083
"PAL:WYNHAM:V138:Load:WYNHAM B",3.947878,0.39479
"EXTRNL:EXTRNL:V230:Load:EXTRNL A",135.40533,13.540608
"EXTRNL:EXTRNL:V230:Load:EXTRNL B",146.35722,14.635803
"EXTRNL:EXTRNL:V230:Load:EXTRNL C",157.3677,15.736858
"EXTRNL:EXTRNL:V230:Load:EXTRNL D",148.93938,14.894021
