"ID","TransformerWinding","TapNode"
"GNorth:AMUS:V230:TransformerWinding:AMUTR 12_ftap","GNorth:AMUS:V230:TransformerWinding:AMUTR 12_wnd","GNorth:AMUS:V230:Junction:10"
"GEast:BAKER:V230:TransformerWinding:BAKTR 17_ftap","GEast:BAKER:V230:TransformerWinding:BAKTR 17_wnd","GEast:BAKER:V230:Junction:8"
"GEast:CRWFRD:V230:TransformerWinding:CRATR 30_ftap","GEast:CRWFRD:V230:TransformerWinding:CRATR 30_wnd","GEast:CRWFRD:V230:Junction:6"
"GEast:CRWFRD:V230:TransformerWinding:CRATR 35_ftap","GEast:CRWFRD:V230:TransformerWinding:CRATR 35_wnd","GEast:CRWFRD:V230:Junction:13"
"GWest:DOYLE:V230:TransformerWinding:DOYTR 39_ftap","GWest:DOYLE:V230:TransformerWinding:DOYTR 39_wnd","GWest:DOYLE:V230:Junction:6"
"GWest:DOYLE:V138:TransformerWinding:DOYTR 41_ftap","GWest:DOYLE:V138:TransformerWinding:DOYTR 41_wnd","GWest:DOYLE:V138:Junction:13"
"GWest:FARLIE:V230:TransformerWinding:FARTR 45_ftap","GWest:FARLIE:V230:TransformerWinding:FARTR 45_wnd","GWest:FARLIE:V230:Junction:11"
"GWest:FARLIE:V230:TransformerWinding:FARTR 48_ftap","GWest:FARLIE:V230:TransformerWinding:FARTR 48_wnd","GWest:FARLIE:V230:Junction:8"
"GSouth:HOMER:V230:TransformerWinding:HOMTR 56_ftap","GSouth:HOMER:V230:TransformerWinding:HOMTR 56_wnd","GSouth:HOMER:V230:Junction:11"
"GSouth:HOMER:V230:TransformerWinding:HOMTR 57_ftap","GSouth:HOMER:V230:TransformerWinding:HOMTR 57_wnd","GSouth:HOMER:V230:Junction:13"
"PAL:JENKIN:V230:TransformerWinding:JENTR 59_ftap","PAL:JENKIN:V230:TransformerWinding:JENTR 59_wnd","PAL:JENKIN:V230:Junction:7"
"PAL:KNCAID:V230:TransformerWinding:KINTR 63_ftap","PAL:KNCAID:V230:TransformerWinding:KINTR 63_wnd","PAL:KNCAID:V230:Junction:6"
"GEast:LOCHER:V230:TransformerWinding:LOETR 67_ftap","GEast:LOCHER:V230:TransformerWinding:LOETR 67_wnd","GEast:LOCHER:V230:Junction:12"
"PAL:MOSES:V230:TransformerWinding:MOSTR 70_ftap","PAL:MOSES:V230:TransformerWinding:MOSTR 70_wnd","PAL:MOSES:V230:Junction:8"
"PAL:NESTLE:V230:TransformerWinding:NESTR 73_ftap","PAL:NESTLE:V230:TransformerWinding:NESTR 73_wnd","PAL:NESTLE:V230:Junction:6"
"PAL:OAKDLE:V230:TransformerWinding:OAKTR 74_ftap","PAL:OAKDLE:V230:TransformerWinding:OAKTR 74_wnd","PAL:OAKDLE:V230:Junction:6"
"PAL:POOL:V138:TransformerWinding:POOTR 78_ftap","PAL:POOL:V138:TransformerWinding:POOTR 78_wnd","PAL:POOL:V138:Junction:5"
"PAL:POOL:V69:TransformerWinding:POOTR 79_ftap","PAL:POOL:V69:TransformerWinding:POOTR 79_wnd","PAL:POOL:V69:Junction:8"
"PAL:RICTER:V138:TransformerWinding:RICTR 82_ftap","PAL:RICTER:V138:TransformerWinding:RICTR 82_wnd","PAL:RICTER:V138:Junction:8"
"PAL:TANTON:V138:TransformerWinding:TAUTR 84_ftap","PAL:TANTON:V138:TransformerWinding:TAUTR 84_wnd","PAL:TANTON:V138:Junction:13"
"PAL:TANTON:V138:TransformerWinding:TAUTR 86_ftap","PAL:TANTON:V138:TransformerWinding:TAUTR 86_wnd","PAL:TANTON:V138:Junction:12"
"PAL:UXBRDG:V69:TransformerWinding:UXBTR 87_ftap","PAL:UXBRDG:V69:TransformerWinding:UXBTR 87_wnd","PAL:UXBRDG:V69:Junction:5"
"GNorth:AMUS:V230:TransformerWinding:AMUTR 12_ttap","GNorth:AMUS:V230:TransformerWinding:AMUTR 12_wnd","GNorth:AMUS:V24:Junction:12"
"GEast:BAKER:V230:TransformerWinding:BAKTR 17_ttap","GEast:BAKER:V230:TransformerWinding:BAKTR 17_wnd","GEast:BAKER:V24:Junction:9"
"GEast:CRWFRD:V230:TransformerWinding:CRATR 30_ttap","GEast:CRWFRD:V230:TransformerWinding:CRATR 30_wnd","GEast:CRWFRD:V24:Junction:14"
"GEast:CRWFRD:V230:TransformerWinding:CRATR 35_ttap","GEast:CRWFRD:V230:TransformerWinding:CRATR 35_wnd","GEast:CRWFRD:V24:Junction:15"
"GWest:DOYLE:V230:TransformerWinding:DOYTR 39_ttap","GWest:DOYLE:V230:TransformerWinding:DOYTR 39_wnd","GWest:DOYLE:V138:Junction:10"
"GWest:DOYLE:V138:TransformerWinding:DOYTR 41_ttap","GWest:DOYLE:V138:TransformerWinding:DOYTR 41_wnd","GWest:DOYLE:V24:Junction:14"
"GWest:FARLIE:V230:TransformerWinding:FARTR 45_ttap","GWest:FARLIE:V230:TransformerWinding:FARTR 45_wnd","GWest:FARLIE:V138:Junction:13"
"GWest:FARLIE:V230:TransformerWinding:FARTR 48_ttap","GWest:FARLIE:V230:TransformerWinding:FARTR 48_wnd","GWest:FARLIE:V24:Junction:17"
"GSouth:HOMER:V230:TransformerWinding:HOMTR 56_ttap","GSouth:HOMER:V230:TransformerWinding:HOMTR 56_wnd","GSouth:HOMER:V138:Junction:14"
"GSouth:HOMER:V230:TransformerWinding:HOMTR 57_ttap","GSouth:HOMER:V230:TransformerWinding:HOMTR 57_wnd","GSouth:HOMER:V24:Junction:17"
"PAL:JENKIN:V230:TransformerWinding:JENTR 59_ttap","PAL:JENKIN:V230:TransformerWinding:JENTR 59_wnd","PAL:JENKIN:V69:Junction:11"
"PAL:KNCAID:V230:TransformerWinding:KINTR 63_ttap","PAL:KNCAID:V230:TransformerWinding:KINTR 63_wnd","PAL:KNCAID:V138:Junction:7"
"GEast:LOCHER:V230:TransformerWinding:LOETR 67_ttap","GEast:LOCHER:V230:TransformerWinding:LOETR 67_wnd","GEast:LOCHER:V24:Junction:13"
"PAL:MOSES:V230:TransformerWinding:MOSTR 70_ttap","PAL:MOSES:V230:TransformerWinding:MOSTR 70_wnd","PAL:MOSES:V69:Junction:12"
"PAL:NESTLE:V230:TransformerWinding:NESTR 73_ttap","PAL:NESTLE:V230:TransformerWinding:NESTR 73_wnd","PAL:NESTLE:V69:Junction:7"
"PAL:OAKDLE:V230:TransformerWinding:OAKTR 74_ttap","PAL:OAKDLE:V230:TransformerWinding:OAKTR 74_wnd","PAL:OAKDLE:V69:Junction:13"
"PAL:POOL:V138:TransformerWinding:POOTR 78_ttap","PAL:POOL:V138:TransformerWinding:POOTR 78_wnd","PAL:POOL:V69:Junction:6"
"PAL:POOL:V69:TransformerWinding:POOTR 79_ttap","PAL:POOL:V69:TransformerWinding:POOTR 79_wnd","PAL:POOL:V33:Junction:10"
"PAL:RICTER:V138:TransformerWinding:RICTR 82_ttap","PAL:RICTER:V138:TransformerWinding:RICTR 82_wnd","PAL:RICTER:V69:Junction:6"
"PAL:TANTON:V138:TransformerWinding:TAUTR 84_ttap","PAL:TANTON:V138:TransformerWinding:TAUTR 84_wnd","PAL:TANTON:V69:Junction:15"
"PAL:TANTON:V138:TransformerWinding:TAUTR 86_ttap","PAL:TANTON:V138:TransformerWinding:TAUTR 86_wnd","PAL:TANTON:V69:Junction:16"
"PAL:UXBRDG:V69:TransformerWinding:UXBTR 87_ttap","PAL:UXBRDG:V69:TransformerWinding:UXBTR 87_wnd","PAL:UXBRDG:V33:Junction:9"
