"ID","TransformerWinding","TapNode"
"GNorth:AMUS:V230:TransformerWinding:AMUTR 12_ftap","GNorth:AMUS:V230:TransformerWinding:AMUTR 12_fwnd","GNorth:AMUS:V230:BusBarSection:BUS 2"
"GEast:BAKER:V230:TransformerWinding:BAKTR 17_ftap","GEast:BAKER:V230:TransformerWinding:BAKTR 17_fwnd","GEast:BAKER:V230:BusBarSection:BUS 2"
"GEast:CRWFRD:V230:TransformerWinding:CRATR 30_ftap","GEast:CRWFRD:V230:TransformerWinding:CRATR 30_fwnd","GEast:CRWFRD:V230:BusBarSection:BUS 2"
"GEast:CRWFRD:V230:TransformerWinding:CRATR 35_ftap","GEast:CRWFRD:V230:TransformerWinding:CRATR 35_fwnd","GEast:CRWFRD:V230:BusBarSection:BUS 2"
"GWest:DOYLE:V230:TransformerWinding:DOYTR 39_ftap","GWest:DOYLE:V230:TransformerWinding:DOYTR 39_fwnd","GWest:DOYLE:V230:BusBarSection:BUS 2"
"GWest:DOYLE:V138:TransformerWinding:DOYTR 41_ftap","GWest:DOYLE:V138:TransformerWinding:DOYTR 41_fwnd","GWest:DOYLE:V138:BusBarSection:BUS 3"
"GWest:FARLIE:V230:TransformerWinding:FARTR 45_ftap","GWest:FARLIE:V230:TransformerWinding:FARTR 45_fwnd","GWest:FARLIE:V230:BusBarSection:BUS 2"
"GWest:FARLIE:V230:TransformerWinding:FARTR 48_ftap","GWest:FARLIE:V230:TransformerWinding:FARTR 48_fwnd","GWest:FARLIE:V230:BusBarSection:BUS 2"
"GSouth:HOMER:V230:TransformerWinding:HOMTR 56_ftap","GSouth:HOMER:V230:TransformerWinding:HOMTR 56_fwnd","GSouth:HOMER:V230:BusBarSection:BUS 2"
"GSouth:HOMER:V230:TransformerWinding:HOMTR 57_ftap","GSouth:HOMER:V230:TransformerWinding:HOMTR 57_fwnd","GSouth:HOMER:V230:BusBarSection:BUS 2"
"PAL:JENKIN:V230:TransformerWinding:JENTR 59_ftap","PAL:JENKIN:V230:TransformerWinding:JENTR 59_fwnd","PAL:JENKIN:V230:BusBarSection:BUS 2"
"PAL:KNCAID:V230:TransformerWinding:KINTR 63_ftap","PAL:KNCAID:V230:TransformerWinding:KINTR 63_fwnd","PAL:KNCAID:V230:BusBarSection:BUS 1"
"GEast:LOCHER:V230:TransformerWinding:LOETR 67_ftap","GEast:LOCHER:V230:TransformerWinding:LOETR 67_fwnd","GEast:LOCHER:V230:BusBarSection:BUS 2"
"PAL:MOSES:V230:TransformerWinding:MOSTR 70_ftap","PAL:MOSES:V230:TransformerWinding:MOSTR 70_fwnd","PAL:MOSES:V230:BusBarSection:BUS 2"
"PAL:NESTLE:V230:TransformerWinding:NESTR 73_ftap","PAL:NESTLE:V230:TransformerWinding:NESTR 73_fwnd","PAL:NESTLE:V230:BusBarSection:BUS 1"
"PAL:OAKDLE:V230:TransformerWinding:OAKTR 74_ftap","PAL:OAKDLE:V230:TransformerWinding:OAKTR 74_fwnd","PAL:OAKDLE:V230:BusBarSection:BUS 2"
"PAL:POOL:V138:TransformerWinding:POOTR 78_ftap","PAL:POOL:V138:TransformerWinding:POOTR 78_fwnd","PAL:POOL:V138:BusBarSection:BUS 3"
"PAL:POOL:V69:TransformerWinding:POOTR 79_ftap","PAL:POOL:V69:TransformerWinding:POOTR 79_fwnd","PAL:POOL:V69:BusBarSection:BUS 1"
"PAL:RICTER:V138:TransformerWinding:RICTR 82_ftap","PAL:RICTER:V138:TransformerWinding:RICTR 82_fwnd","PAL:RICTER:V138:BusBarSection:BUS 2"
"PAL:TANTON:V138:TransformerWinding:TAUTR 84_ftap","PAL:TANTON:V138:TransformerWinding:TAUTR 84_fwnd","PAL:TANTON:V138:BusBarSection:BUS 2"
"PAL:TANTON:V138:TransformerWinding:TAUTR 86_ftap","PAL:TANTON:V138:TransformerWinding:TAUTR 86_fwnd","PAL:TANTON:V138:BusBarSection:BUS 4"
"PAL:UXBRDG:V69:TransformerWinding:UXBTR 87_ftap","PAL:UXBRDG:V69:TransformerWinding:UXBTR 87_fwnd","PAL:UXBRDG:V69:BusBarSection:BUS 1"
"GNorth:AMUS:V230:TransformerWinding:AMUTR 12_ttap","GNorth:AMUS:V230:TransformerWinding:AMUTR 12_twnd","GNorth:AMUS:V24:BusBarSection:BUS 3"
"GEast:BAKER:V230:TransformerWinding:BAKTR 17_ttap","GEast:BAKER:V230:TransformerWinding:BAKTR 17_twnd","GEast:BAKER:V24:BusBarSection:BUS 3"
"GEast:CRWFRD:V230:TransformerWinding:CRATR 30_ttap","GEast:CRWFRD:V230:TransformerWinding:CRATR 30_twnd","GEast:CRWFRD:V24:BusBarSection:BUS 3"
"GEast:CRWFRD:V230:TransformerWinding:CRATR 35_ttap","GEast:CRWFRD:V230:TransformerWinding:CRATR 35_twnd","GEast:CRWFRD:V24:BusBarSection:BUS 4"
"GWest:DOYLE:V230:TransformerWinding:DOYTR 39_ttap","GWest:DOYLE:V230:TransformerWinding:DOYTR 39_twnd","GWest:DOYLE:V138:BusBarSection:BUS 3"
"GWest:DOYLE:V138:TransformerWinding:DOYTR 41_ttap","GWest:DOYLE:V138:TransformerWinding:DOYTR 41_twnd","GWest:DOYLE:V24:BusBarSection:BUS 4"
"GWest:FARLIE:V230:TransformerWinding:FARTR 45_ttap","GWest:FARLIE:V230:TransformerWinding:FARTR 45_twnd","GWest:FARLIE:V138:BusBarSection:BUS 4"
"GWest:FARLIE:V230:TransformerWinding:FARTR 48_ttap","GWest:FARLIE:V230:TransformerWinding:FARTR 48_twnd","GWest:FARLIE:V24:BusBarSection:BUS 5"
"GSouth:HOMER:V230:TransformerWinding:HOMTR 56_ttap","GSouth:HOMER:V230:TransformerWinding:HOMTR 56_twnd","GSouth:HOMER:V138:BusBarSection:BUS 3"
"GSouth:HOMER:V230:TransformerWinding:HOMTR 57_ttap","GSouth:HOMER:V230:TransformerWinding:HOMTR 57_twnd","GSouth:HOMER:V24:BusBarSection:BUS 4"
"PAL:JENKIN:V230:TransformerWinding:JENTR 59_ttap","PAL:JENKIN:V230:TransformerWinding:JENTR 59_twnd","PAL:JENKIN:V69:BusBarSection:BUS 3"
"PAL:KNCAID:V230:TransformerWinding:KINTR 63_ttap","PAL:KNCAID:V230:TransformerWinding:KINTR 63_twnd","PAL:KNCAID:V138:BusBarSection:BUS 3"
"GEast:LOCHER:V230:TransformerWinding:LOETR 67_ttap","GEast:LOCHER:V230:TransformerWinding:LOETR 67_twnd","GEast:LOCHER:V24:BusBarSection:BUS 3"
"PAL:MOSES:V230:TransformerWinding:MOSTR 70_ttap","PAL:MOSES:V230:TransformerWinding:MOSTR 70_twnd","PAL:MOSES:V69:BusBarSection:BUS 3"
"PAL:NESTLE:V230:TransformerWinding:NESTR 73_ttap","PAL:NESTLE:V230:TransformerWinding:NESTR 73_twnd","PAL:NESTLE:V69:BusBarSection:BUS 2"
"PAL:OAKDLE:V230:TransformerWinding:OAKTR 74_ttap","PAL:OAKDLE:V230:TransformerWinding:OAKTR 74_twnd","PAL:OAKDLE:V69:BusBarSection:BUS 3"
"PAL:POOL:V138:TransformerWinding:POOTR 78_ttap","PAL:POOL:V138:TransformerWinding:POOTR 78_twnd","PAL:POOL:V69:BusBarSection:BUS 1"
"PAL:POOL:V69:TransformerWinding:POOTR 79_ttap","PAL:POOL:V69:TransformerWinding:POOTR 79_twnd","PAL:POOL:V33:BusBarSection:BUS 2"
"PAL:RICTER:V138:TransformerWinding:RICTR 82_ttap","PAL:RICTER:V138:TransformerWinding:RICTR 82_twnd","PAL:RICTER:V69:BusBarSection:BUS 3"
"PAL:TANTON:V138:TransformerWinding:TAUTR 84_ttap","PAL:TANTON:V138:TransformerWinding:TAUTR 84_twnd","PAL:TANTON:V69:BusBarSection:BUS 1"
"PAL:TANTON:V138:TransformerWinding:TAUTR 86_ttap","PAL:TANTON:V138:TransformerWinding:TAUTR 86_twnd","PAL:TANTON:V69:BusBarSection:BUS 3"
"PAL:UXBRDG:V69:TransformerWinding:UXBTR 87_ttap","PAL:UXBRDG:V69:TransformerWinding:UXBTR 87_twnd","PAL:UXBRDG:V33:BusBarSection:BUS 2"
