"ID","Name","Node1","Node2","R","X","NormalOperatingLimit"
"PAL:AIRPRT:V69:SeriesDevice:SERIES 1","SERIES 1","PAL:AIRPRT:V69:BusBarSection:BUS 1","PAL:AIRPRT:V69:BusBarSection:BUS 2",8.0E-4,0.0233,1194.9956
"PAL:BEAVER:V69:SeriesDevice:SERIES 1","SERIES 1","PAL:BEAVER:V69:BusBarSection:BUS 1","PAL:BEAVER:V69:BusBarSection:BUS 2",5.0E-4,0.0152,1194.9956
"PAL:CHSHAN:V33:SeriesDevice:SERIES 1","SERIES 1","PAL:CHSHAN:V33:BusBarSection:BUS 1","PAL:CHSHAN:V33:BusBarSection:BUS 2",5.0E-4,0.197,571.5196
"PAL:COPLEY:V69:SeriesDevice:SERIES 1","SERIES 1","PAL:COPLEY:V69:BusBarSection:BUS 5","PAL:COPLEY:V69:BusBarSection:BUS 7",9.0E-4,0.0366,1194.9956
"PAL:JENKIN:V69:SeriesDevice:SERIES 1","SERIES 1","PAL:JENKIN:V69:BusBarSection:BUS 3","PAL:JENKIN:V69:BusBarSection:BUS 4",9.0E-4,0.107,1194.9956
"PAL:OAKDLE:V69:SeriesDevice:SERIES 1","SERIES 1","PAL:OAKDLE:V69:BusBarSection:BUS 3","PAL:OAKDLE:V69:BusBarSection:BUS 4",2.0E-4,0.1024,1194.9956
"PAL:RICTER:V138:SeriesDevice:SERIES 1","SERIES 1","PAL:RICTER:V138:BusBarSection:BUS 1","PAL:RICTER:V138:BusBarSection:BUS 2",3.0E-4,0.1044,2389.9912
"PAL:TANTON:V138:SeriesDevice:SERIES 1","SERIES 1","PAL:TANTON:V138:BusBarSection:BUS 4","PAL:TANTON:V138:BusBarSection:BUS 2",4.0E-4,0.2,2389.9912
"PAL:UXBRDG:V33:SeriesDevice:SERIES 1","SERIES 1","PAL:UXBRDG:V33:BusBarSection:BUS 2","PAL:UXBRDG:V33:BusBarSection:BUS 3",5.0E-4,0.036,571.5196
"PAL:VEXLEY:V138:SeriesDevice:SERIES 1","SERIES 1","PAL:VEXLEY:V138:BusBarSection:BUS 4","PAL:VEXLEY:V138:BusBarSection:BUS 1",6.0E-4,0.0984,2389.9912
"PAL:VEXLEY:V138:SeriesDevice:SERIES 2","SERIES 2","PAL:VEXLEY:V138:BusBarSection:BUS 3","PAL:VEXLEY:V138:BusBarSection:BUS 4",8.0E-4,0.1032,2389.9912
"PAL:WYNHAM:V138:SeriesDevice:SERIES 1","SERIES 1","PAL:WYNHAM:V138:BusBarSection:BUS 1","PAL:WYNHAM:V138:BusBarSection:BUS 2",2.0E-4,0.0954,2389.9912
"EXTRNL:EXTRNL:V230:SeriesDevice:SERIES 1","SERIES 1","EXTRNL:EXTRNL:V230:BusBarSection:BUS 1","EXTRNL:EXTRNL:V230:BusBarSection:BUS 7",0.001,0.4,3983.3186
"EXTRNL:EXTRNL:V230:SeriesDevice:SERIES 2","SERIES 2","EXTRNL:EXTRNL:V230:BusBarSection:BUS 7","EXTRNL:EXTRNL:V230:BusBarSection:BUS 13",0.001,0.1,3983.3186
"EXTRNL:EXTRNL:V230:SeriesDevice:SERIES 3","SERIES 3","EXTRNL:EXTRNL:V230:BusBarSection:BUS 13","EXTRNL:EXTRNL:V230:BusBarSection:BUS 19",0.001,0.3,3983.3186
"EXTRNL:EXTRNL:V230:SeriesDevice:SERIES 4","SERIES 4","EXTRNL:EXTRNL:V230:BusBarSection:BUS 1","EXTRNL:EXTRNL:V230:BusBarSection:BUS 19",0.001,0.1,3983.3186
