"ID","Name","Node","MVAr"
"PAL:BEAVER:V69:CapacitorBank:BEAVER1","BEAVER1","PAL:BEAVER:V69:Junction:9",50.0
"PAL:BEAVER:V69:CapacitorBank:BEAVER2","BEAVER2","PAL:BEAVER:V69:Junction:10",50.0
"PAL:COPMANOR:V69:CapacitorBank:COPLEY1","COPLEY1","PAL:COPMANOR:V69:Junction:13",21.0
"PAL:COPMANOR:V69:CapacitorBank:COPLEY2","COPLEY2","PAL:COPMANOR:V69:Junction:14",10.0
"PAL:VEXLEY:V138:CapacitorBank:VEXLEY1","VEXLEY1","PAL:VEXLEY:V138:Junction:6",50.0
"PAL:VEXLEY:V138:CapacitorBank:VEXLEY SVC C1","VEXLEY SVC C1","PAL:VEXLEY:V138:Junction:15",50.0
"PAL:VEXLEY:V138:CapacitorBank:VEXLEY SVC C2","VEXLEY SVC C2","PAL:VEXLEY:V138:Junction:16",50.0
"PAL:RICTER:V138:CapacitorBank:RICTER1","RICTER1","PAL:RICTER:V138:BusBarSection:BUS 2",50.0
"PAL:RICTER:V138:CapacitorBank:RICTER2","RICTER2","PAL:RICTER:V138:Junction:1829",50.0
