"ID","Name"
"AIRPRT","AIRPRT"
"AMUS","AMUS"
"ASH","ASH"
"BAKER","BAKER"
"BEAVER","BEAVER"
"CHSHAN","CHSHAN"
"COPLEY","COPLEY"
"COPMANOR","COPMANOR"
"CRWFRD","CRWFRD"
"DAWSON","DAWSON"
"DOYLE","DOYLE"
"ELLS","ELLS"
"FARLIE","FARLIE"
"GRANGE","GRANGE"
"HOMER","HOMER"
"JENKIN","JENKIN"
"KNCAID","KNCAID"
"LOCHER","LOCHER"
"MOSES","MOSES"
"NESTLE","NESTLE"
"OAKDLE","OAKDLE"
"POOL","POOL"
"RICTER","RICTER"
"STNTON","STNTON"
"TANTON","TANTON"
"UXBRDG","UXBRDG"
"VEXLEY","VEXLEY"
"WYNHAM","WYNHAM"
"EXTRNL","EXTRNL"
