"ID","Name","Node1","Node2"
"PAL:AIRPRT:V69:DisconnectSwitch:2","2","PAL:AIRPRT:V69:BusBarSection:BUS 1","PAL:AIRPRT:V69:Junction:12"
"PAL:AIRPRT:V69:DisconnectSwitch:3","3","PAL:AIRPRT:V69:Junction:11","PAL:AIRPRT:V69:BusBarSection:BUS 2"
"PAL:AIRPRT:V138:Breaker:7","7","PAL:AIRPRT:V138:Junction:8","PAL:AIRPRT:V138:BusBarSection:BUS 3"
"PAL:AIRPRT:V138:Breaker:8","8","PAL:AIRPRT:V138:BusBarSection:BUS 3","PAL:AIRPRT:V138:Junction:9"
"PAL:AIRPRT:V138:Breaker:9","9","PAL:AIRPRT:V138:BusBarSection:BUS 3","PAL:AIRPRT:V138:Junction:10"
"PAL:AIRPRT:V69:Breaker:1","1","PAL:AIRPRT:V69:Junction:4","PAL:AIRPRT:V69:BusBarSection:BUS 1"
"PAL:AIRPRT:V69:Breaker:4","4","PAL:AIRPRT:V69:BusBarSection:BUS 2","PAL:AIRPRT:V69:Junction:6"
"PAL:AIRPRT:V69:Breaker:5","5","PAL:AIRPRT:V69:Junction:5","PAL:AIRPRT:V69:BusBarSection:BUS 1"
"PAL:AIRPRT:V69:Breaker:6","6","PAL:AIRPRT:V69:Junction:7","PAL:AIRPRT:V69:BusBarSection:BUS 2"
"PAL:AIRPRT:V69:Breaker:10","10","PAL:AIRPRT:V69:Junction:11","PAL:AIRPRT:V69:Junction:13"
"PAL:AIRPRT:V69:Breaker:11","11","PAL:AIRPRT:V69:Junction:12","PAL:AIRPRT:V69:Junction:14"
"GNorth:AMUS:V24:Breaker:13","13","GNorth:AMUS:V24:BusBarSection:BUS 3","GNorth:AMUS:V24:Junction:14"
"GNorth:AMUS:V24:Breaker:14","14","GNorth:AMUS:V24:BusBarSection:BUS 3","GNorth:AMUS:V24:Junction:13"
"GNorth:AMUS:V24:Breaker:15","15","GNorth:AMUS:V24:BusBarSection:BUS 3","GNorth:AMUS:V24:Junction:12"
"GNorth:AMUS:V230:Breaker:1","1","GNorth:AMUS:V230:Junction:4","GNorth:AMUS:V230:BusBarSection:BUS 1"
"GNorth:AMUS:V230:Breaker:10","10","GNorth:AMUS:V230:BusBarSection:BUS 1","GNorth:AMUS:V230:Junction:10"
"GNorth:AMUS:V230:Breaker:11","11","GNorth:AMUS:V230:Junction:10","GNorth:AMUS:V230:Junction:11"
"GNorth:AMUS:V230:Breaker:12","12","GNorth:AMUS:V230:BusBarSection:BUS 2","GNorth:AMUS:V230:Junction:11"
"GNorth:AMUS:V230:Breaker:2","2","GNorth:AMUS:V230:Junction:5","GNorth:AMUS:V230:Junction:4"
"GNorth:AMUS:V230:Breaker:3","3","GNorth:AMUS:V230:BusBarSection:BUS 2","GNorth:AMUS:V230:Junction:5"
"GNorth:AMUS:V230:Breaker:4","4","GNorth:AMUS:V230:BusBarSection:BUS 1","GNorth:AMUS:V230:Junction:6"
"GNorth:AMUS:V230:Breaker:5","5","GNorth:AMUS:V230:Junction:6","GNorth:AMUS:V230:Junction:7"
"GNorth:AMUS:V230:Breaker:6","6","GNorth:AMUS:V230:Junction:7","GNorth:AMUS:V230:BusBarSection:BUS 2"
"GNorth:AMUS:V230:Breaker:7","7","GNorth:AMUS:V230:BusBarSection:BUS 1","GNorth:AMUS:V230:Junction:8"
"GNorth:AMUS:V230:Breaker:8","8","GNorth:AMUS:V230:Junction:8","GNorth:AMUS:V230:Junction:9"
"GNorth:AMUS:V230:Breaker:9","9","GNorth:AMUS:V230:Junction:9","GNorth:AMUS:V230:BusBarSection:BUS 2"
"PAL:ASH:V230:Breaker:1","1","PAL:ASH:V230:Junction:3","PAL:ASH:V230:Junction:4"
"PAL:ASH:V230:Breaker:2","2","PAL:ASH:V230:Junction:3","PAL:ASH:V230:BusBarSection:BUS 1"
"PAL:ASH:V230:Breaker:3","3","PAL:ASH:V230:Junction:4","PAL:ASH:V230:BusBarSection:BUS 1"
"PAL:ASH:V230:Breaker:4","4","PAL:ASH:V230:BusBarSection:BUS 1","PAL:ASH:V230:BusBarSection:BUS 2"
"PAL:ASH:V230:Breaker:5","5","PAL:ASH:V230:BusBarSection:BUS 1","PAL:ASH:V230:Junction:5"
"PAL:ASH:V230:Breaker:6","6","PAL:ASH:V230:Junction:6","PAL:ASH:V230:BusBarSection:BUS 2"
"PAL:ASH:V230:Breaker:7","7","PAL:ASH:V230:BusBarSection:BUS 2","PAL:ASH:V230:Junction:7"
"PAL:ASH:V230:Breaker:8","8","PAL:ASH:V230:Junction:7","PAL:ASH:V230:Junction:8"
"PAL:ASH:V230:Breaker:9","9","PAL:ASH:V230:BusBarSection:BUS 2","PAL:ASH:V230:Junction:8"
"GEast:BAKER:V24:Breaker:10","10","GEast:BAKER:V24:BusBarSection:BUS 3","GEast:BAKER:V24:Junction:9"
"GEast:BAKER:V24:Breaker:11","11","GEast:BAKER:V24:Junction:10","GEast:BAKER:V24:BusBarSection:BUS 3"
"GEast:BAKER:V24:Breaker:12","12","GEast:BAKER:V24:Junction:11","GEast:BAKER:V24:BusBarSection:BUS 3"
"GEast:BAKER:V230:Breaker:1","1","GEast:BAKER:V230:BusBarSection:BUS 1","GEast:BAKER:V230:Junction:4"
"GEast:BAKER:V230:Breaker:2","2","GEast:BAKER:V230:Junction:4","GEast:BAKER:V230:Junction:5"
"GEast:BAKER:V230:Breaker:3","3","GEast:BAKER:V230:Junction:5","GEast:BAKER:V230:BusBarSection:BUS 2"
"GEast:BAKER:V230:Breaker:4","4","GEast:BAKER:V230:BusBarSection:BUS 1","GEast:BAKER:V230:Junction:6"
"GEast:BAKER:V230:Breaker:5","5","GEast:BAKER:V230:Junction:6","GEast:BAKER:V230:Junction:7"
"GEast:BAKER:V230:Breaker:6","6","GEast:BAKER:V230:Junction:7","GEast:BAKER:V230:BusBarSection:BUS 2"
"GEast:BAKER:V230:Breaker:7","7","GEast:BAKER:V230:BusBarSection:BUS 1","GEast:BAKER:V230:Junction:8"
"GEast:BAKER:V230:Breaker:8","8","GEast:BAKER:V230:Junction:8","GEast:BAKER:V230:BusBarSection:BUS 2"
"GEast:BAKER:V230:Breaker:9","9","GEast:BAKER:V230:Junction:12","GEast:BAKER:V230:BusBarSection:BUS 1"
"PAL:BEAVER:V69:Breaker:1","1","PAL:BEAVER:V69:BusBarSection:BUS 1","PAL:BEAVER:V69:Junction:3"
"PAL:BEAVER:V69:Breaker:10","10","PAL:BEAVER:V69:BusBarSection:BUS 1","PAL:BEAVER:V69:Junction:10"
"PAL:BEAVER:V69:Breaker:2","2","PAL:BEAVER:V69:BusBarSection:BUS 1","PAL:BEAVER:V69:Junction:4"
"PAL:BEAVER:V69:Breaker:3","3","PAL:BEAVER:V69:Junction:3","PAL:BEAVER:V69:Junction:4"
"PAL:BEAVER:V69:Breaker:4","4","PAL:BEAVER:V69:Junction:8","PAL:BEAVER:V69:BusBarSection:BUS 1"
"PAL:BEAVER:V69:Breaker:5","5","PAL:BEAVER:V69:BusBarSection:BUS 2","PAL:BEAVER:V69:Junction:5"
"PAL:BEAVER:V69:Breaker:6","6","PAL:BEAVER:V69:BusBarSection:BUS 2","PAL:BEAVER:V69:Junction:6"
"PAL:BEAVER:V69:Breaker:7","7","PAL:BEAVER:V69:Junction:5","PAL:BEAVER:V69:Junction:6"
"PAL:BEAVER:V69:Breaker:8","8","PAL:BEAVER:V69:Junction:7","PAL:BEAVER:V69:BusBarSection:BUS 2"
"PAL:BEAVER:V69:Breaker:9","9","PAL:BEAVER:V69:BusBarSection:BUS 1","PAL:BEAVER:V69:Junction:9"
"PAL:CHSHAN:V33:Breaker:1","1","PAL:CHSHAN:V33:Junction:3","PAL:CHSHAN:V33:BusBarSection:BUS 1"
"PAL:CHSHAN:V33:Breaker:2","2","PAL:CHSHAN:V33:Junction:4","PAL:CHSHAN:V33:BusBarSection:BUS 1"
"PAL:CHSHAN:V33:Breaker:3","3","PAL:CHSHAN:V33:BusBarSection:BUS 1","PAL:CHSHAN:V33:Junction:5"
"PAL:CHSHAN:V33:Breaker:4","4","PAL:CHSHAN:V33:Junction:6","PAL:CHSHAN:V33:BusBarSection:BUS 2"
"PAL:CHSHAN:V33:Breaker:5","5","PAL:CHSHAN:V33:Junction:6","PAL:CHSHAN:V33:Junction:7"
"PAL:CHSHAN:V33:Breaker:6","6","PAL:CHSHAN:V33:Junction:7","PAL:CHSHAN:V33:BusBarSection:BUS 2"
"PAL:CHSHAN:V33:Breaker:7","7","PAL:CHSHAN:V33:BusBarSection:BUS 2","PAL:CHSHAN:V33:Junction:8"
"PAL:CHSHAN:V33:Breaker:8","8","PAL:CHSHAN:V33:Junction:3","PAL:CHSHAN:V33:Junction:4"
"PAL:COPLEY:V69:Breaker:1","1","PAL:COPLEY:V69:Junction:2","PAL:COPLEY:V69:Junction:4"
"PAL:COPLEY:V69:Breaker:2","2","PAL:COPLEY:V69:Junction:2","PAL:COPLEY:V69:Junction:3"
"PAL:COPLEY:V69:Breaker:3","3","PAL:COPLEY:V69:Junction:3","PAL:COPLEY:V69:BusBarSection:BUS 5"
"PAL:COPLEY:V69:Breaker:4","4","PAL:COPLEY:V69:Junction:4","PAL:COPLEY:V69:BusBarSection:BUS 5"
"PAL:COPLEY:V69:Breaker:5","5","PAL:COPLEY:V69:Junction:6","PAL:COPLEY:V69:BusBarSection:BUS 7"
"PAL:COPLEY:V69:Breaker:6","6","PAL:COPLEY:V69:BusBarSection:BUS 7","PAL:COPLEY:V69:Junction:8"
"PAL:COPLEY:V69:Breaker:7","7","PAL:COPLEY:V69:Junction:8","PAL:COPLEY:V69:Junction:9"
"PAL:COPLEY:V69:Breaker:8","8","PAL:COPLEY:V69:Junction:6","PAL:COPLEY:V69:Junction:9"
"PAL:COPMANOR:V69:Breaker:10","10","PAL:COPMANOR:V69:Junction:10","PAL:COPMANOR:V69:Junction:11"
"PAL:COPMANOR:V69:Breaker:11","11","PAL:COPMANOR:V69:Junction:11","PAL:COPMANOR:V69:BusBarSection:BUS 1"
"PAL:COPMANOR:V69:Breaker:12","12","PAL:COPMANOR:V69:BusBarSection:BUS 1","PAL:COPMANOR:V69:Junction:12"
"PAL:COPMANOR:V69:Breaker:13","13","PAL:COPMANOR:V69:BusBarSection:BUS 1","PAL:COPMANOR:V69:Junction:13"
"PAL:COPMANOR:V69:Breaker:14","14","PAL:COPMANOR:V69:BusBarSection:BUS 1","PAL:COPMANOR:V69:Junction:14"
"PAL:COPMANOR:V69:Breaker:9","9","PAL:COPMANOR:V69:Junction:10","PAL:COPMANOR:V69:BusBarSection:BUS 1"
"GEast:CRWFRD:V24:Breaker:15","15","GEast:CRWFRD:V24:Junction:14","GEast:CRWFRD:V24:BusBarSection:BUS 3"
"GEast:CRWFRD:V24:Breaker:16","16","GEast:CRWFRD:V24:BusBarSection:BUS 3","GEast:CRWFRD:V24:BusBarSection:BUS 4"
"GEast:CRWFRD:V24:Breaker:17","17","GEast:CRWFRD:V24:Junction:15","GEast:CRWFRD:V24:BusBarSection:BUS 4"
"GEast:CRWFRD:V24:Breaker:18","18","GEast:CRWFRD:V24:BusBarSection:BUS 3","GEast:CRWFRD:V24:Junction:16"
"GEast:CRWFRD:V24:Breaker:19","19","GEast:CRWFRD:V24:BusBarSection:BUS 3","GEast:CRWFRD:V24:Junction:17"
"GEast:CRWFRD:V24:Breaker:20","20","GEast:CRWFRD:V24:BusBarSection:BUS 4","GEast:CRWFRD:V24:Junction:18"
"GEast:CRWFRD:V24:Breaker:21","21","GEast:CRWFRD:V24:BusBarSection:BUS 4","GEast:CRWFRD:V24:Junction:19"
"GEast:CRWFRD:V230:Breaker:1","1","GEast:CRWFRD:V230:Junction:5","GEast:CRWFRD:V230:BusBarSection:BUS 1"
"GEast:CRWFRD:V230:Breaker:10","10","GEast:CRWFRD:V230:Junction:10","GEast:CRWFRD:V230:Junction:11"
"GEast:CRWFRD:V230:Breaker:11","11","GEast:CRWFRD:V230:Junction:11","GEast:CRWFRD:V230:BusBarSection:BUS 2"
"GEast:CRWFRD:V230:Breaker:12","12","GEast:CRWFRD:V230:BusBarSection:BUS 1","GEast:CRWFRD:V230:Junction:12"
"GEast:CRWFRD:V230:Breaker:13","13","GEast:CRWFRD:V230:Junction:12","GEast:CRWFRD:V230:Junction:13"
"GEast:CRWFRD:V230:Breaker:14","14","GEast:CRWFRD:V230:Junction:13","GEast:CRWFRD:V230:BusBarSection:BUS 2"
"GEast:CRWFRD:V230:Breaker:2","2","GEast:CRWFRD:V230:Junction:5","GEast:CRWFRD:V230:Junction:6"
"GEast:CRWFRD:V230:Breaker:3","3","GEast:CRWFRD:V230:Junction:6","GEast:CRWFRD:V230:BusBarSection:BUS 2"
"GEast:CRWFRD:V230:Breaker:4","4","GEast:CRWFRD:V230:BusBarSection:BUS 1","GEast:CRWFRD:V230:Junction:7"
"GEast:CRWFRD:V230:Breaker:5","5","GEast:CRWFRD:V230:Junction:7","GEast:CRWFRD:V230:BusBarSection:BUS 2"
"GEast:CRWFRD:V230:Breaker:6","6","GEast:CRWFRD:V230:BusBarSection:BUS 1","GEast:CRWFRD:V230:Junction:8"
"GEast:CRWFRD:V230:Breaker:7","7","GEast:CRWFRD:V230:Junction:8","GEast:CRWFRD:V230:Junction:9"
"GEast:CRWFRD:V230:Breaker:8","8","GEast:CRWFRD:V230:Junction:9","GEast:CRWFRD:V230:BusBarSection:BUS 2"
"GEast:CRWFRD:V230:Breaker:9","9","GEast:CRWFRD:V230:BusBarSection:BUS 1","GEast:CRWFRD:V230:Junction:10"
"PAL:DAWSON:V230:Breaker:1","1","PAL:DAWSON:V230:Junction:2","PAL:DAWSON:V230:Junction:3"
"PAL:DAWSON:V230:Breaker:2","2","PAL:DAWSON:V230:Junction:2","PAL:DAWSON:V230:BusBarSection:BUS 1"
"PAL:DAWSON:V230:Breaker:3","3","PAL:DAWSON:V230:Junction:3","PAL:DAWSON:V230:BusBarSection:BUS 1"
"PAL:DAWSON:V230:Breaker:4","4","PAL:DAWSON:V230:BusBarSection:BUS 1","PAL:DAWSON:V230:Junction:4"
"GWest:DOYLE:V138:Breaker:10","10","GWest:DOYLE:V138:BusBarSection:BUS 3","GWest:DOYLE:V138:Junction:11"
"GWest:DOYLE:V138:Breaker:11","11","GWest:DOYLE:V138:BusBarSection:BUS 3","GWest:DOYLE:V138:Junction:12"
"GWest:DOYLE:V138:Breaker:12","12","GWest:DOYLE:V138:Junction:13","GWest:DOYLE:V138:BusBarSection:BUS 3"
"GWest:DOYLE:V138:Breaker:9","9","GWest:DOYLE:V138:Junction:10","GWest:DOYLE:V138:BusBarSection:BUS 3"
"GWest:DOYLE:V24:Breaker:14","14","GWest:DOYLE:V24:Junction:14","GWest:DOYLE:V24:BusBarSection:BUS 4"
"GWest:DOYLE:V24:Breaker:15","15","GWest:DOYLE:V24:Junction:15","GWest:DOYLE:V24:BusBarSection:BUS 4"
"GWest:DOYLE:V24:Breaker:16","16","GWest:DOYLE:V24:Junction:16","GWest:DOYLE:V24:BusBarSection:BUS 4"
"GWest:DOYLE:V230:Breaker:1","1","GWest:DOYLE:V230:BusBarSection:BUS 1","GWest:DOYLE:V230:Junction:5"
"GWest:DOYLE:V230:Breaker:2","2","GWest:DOYLE:V230:Junction:5","GWest:DOYLE:V230:Junction:6"
"GWest:DOYLE:V230:Breaker:3","3","GWest:DOYLE:V230:Junction:6","GWest:DOYLE:V230:BusBarSection:BUS 2"
"GWest:DOYLE:V230:Breaker:4","4","GWest:DOYLE:V230:BusBarSection:BUS 1","GWest:DOYLE:V230:Junction:7"
"GWest:DOYLE:V230:Breaker:5","5","GWest:DOYLE:V230:Junction:7","GWest:DOYLE:V230:Junction:8"
"GWest:DOYLE:V230:Breaker:6","6","GWest:DOYLE:V230:Junction:8","GWest:DOYLE:V230:BusBarSection:BUS 2"
"GWest:DOYLE:V230:Breaker:7","7","GWest:DOYLE:V230:BusBarSection:BUS 1","GWest:DOYLE:V230:Junction:9"
"GWest:DOYLE:V230:Breaker:8","8","GWest:DOYLE:V230:Junction:9","GWest:DOYLE:V230:BusBarSection:BUS 2"
"PAL:ELLS:V230:Breaker:1","1","PAL:ELLS:V230:Junction:2","PAL:ELLS:V230:Junction:3"
"PAL:ELLS:V230:Breaker:2","2","PAL:ELLS:V230:Junction:2","PAL:ELLS:V230:BusBarSection:BUS 1"
"PAL:ELLS:V230:Breaker:3","3","PAL:ELLS:V230:Junction:3","PAL:ELLS:V230:BusBarSection:BUS 1"
"PAL:ELLS:V230:Breaker:4","4","PAL:ELLS:V230:BusBarSection:BUS 1","PAL:ELLS:V230:Junction:4"
"GWest:FARLIE:V138:Breaker:15","15","GWest:FARLIE:V138:Junction:13","GWest:FARLIE:V138:BusBarSection:BUS 3"
"GWest:FARLIE:V138:Breaker:16","16","GWest:FARLIE:V138:BusBarSection:BUS 3","GWest:FARLIE:V138:Junction:14"
"GWest:FARLIE:V138:Breaker:17","17","GWest:FARLIE:V138:Junction:14","GWest:FARLIE:V138:BusBarSection:BUS 4"
"GWest:FARLIE:V138:Breaker:18","18","GWest:FARLIE:V138:BusBarSection:BUS 3","GWest:FARLIE:V138:Junction:15"
"GWest:FARLIE:V138:Breaker:19","19","GWest:FARLIE:V138:Junction:15","GWest:FARLIE:V138:BusBarSection:BUS 4"
"GWest:FARLIE:V138:Breaker:20","20","GWest:FARLIE:V138:BusBarSection:BUS 4","GWest:FARLIE:V138:Junction:16"
"GWest:FARLIE:V24:Breaker:12","12","GWest:FARLIE:V24:Junction:17","GWest:FARLIE:V24:BusBarSection:BUS 5"
"GWest:FARLIE:V24:Breaker:13","13","GWest:FARLIE:V24:BusBarSection:BUS 5","GWest:FARLIE:V24:Junction:18"
"GWest:FARLIE:V24:Breaker:14","14","GWest:FARLIE:V24:BusBarSection:BUS 5","GWest:FARLIE:V24:Junction:19"
"GWest:FARLIE:V230:Breaker:1","1","GWest:FARLIE:V230:BusBarSection:BUS 1","GWest:FARLIE:V230:Junction:6"
"GWest:FARLIE:V230:Breaker:10","10","GWest:FARLIE:V230:Junction:10","GWest:FARLIE:V230:BusBarSection:BUS 2"
"GWest:FARLIE:V230:Breaker:11","11","GWest:FARLIE:V230:Junction:12","GWest:FARLIE:V230:BusBarSection:BUS 2"
"GWest:FARLIE:V230:Breaker:2","2","GWest:FARLIE:V230:BusBarSection:BUS 1","GWest:FARLIE:V230:Junction:8"
"GWest:FARLIE:V230:Breaker:3","3","GWest:FARLIE:V230:BusBarSection:BUS 1","GWest:FARLIE:V230:Junction:9"
"GWest:FARLIE:V230:Breaker:4","4","GWest:FARLIE:V230:BusBarSection:BUS 1","GWest:FARLIE:V230:Junction:11"
"GWest:FARLIE:V230:Breaker:5","5","GWest:FARLIE:V230:Junction:6","GWest:FARLIE:V230:Junction:7"
"GWest:FARLIE:V230:Breaker:6","6","GWest:FARLIE:V230:Junction:9","GWest:FARLIE:V230:Junction:10"
"GWest:FARLIE:V230:Breaker:7","7","GWest:FARLIE:V230:Junction:11","GWest:FARLIE:V230:Junction:12"
"GWest:FARLIE:V230:Breaker:8","8","GWest:FARLIE:V230:Junction:7","GWest:FARLIE:V230:BusBarSection:BUS 2"
"GWest:FARLIE:V230:Breaker:9","9","GWest:FARLIE:V230:Junction:8","GWest:FARLIE:V230:BusBarSection:BUS 2"
"PAL:GRANGE:V230:Breaker:1","1","PAL:GRANGE:V230:Junction:3","PAL:GRANGE:V230:Junction:4"
"PAL:GRANGE:V230:Breaker:2","2","PAL:GRANGE:V230:Junction:3","PAL:GRANGE:V230:BusBarSection:BUS 1"
"PAL:GRANGE:V230:Breaker:3","3","PAL:GRANGE:V230:Junction:4","PAL:GRANGE:V230:BusBarSection:BUS 1"
"PAL:GRANGE:V230:Breaker:4","4","PAL:GRANGE:V230:BusBarSection:BUS 1","PAL:GRANGE:V230:BusBarSection:BUS 2"
"PAL:GRANGE:V230:Breaker:5","5","PAL:GRANGE:V230:BusBarSection:BUS 1","PAL:GRANGE:V230:Junction:5"
"PAL:GRANGE:V230:Breaker:6","6","PAL:GRANGE:V230:Junction:6","PAL:GRANGE:V230:BusBarSection:BUS 2"
"PAL:GRANGE:V230:Breaker:7","7","PAL:GRANGE:V230:BusBarSection:BUS 2","PAL:GRANGE:V230:Junction:7"
"PAL:GRANGE:V230:Breaker:8","8","PAL:GRANGE:V230:BusBarSection:BUS 2","PAL:GRANGE:V230:Junction:8"
"PAL:GRANGE:V230:Breaker:9","9","PAL:GRANGE:V230:Junction:7","PAL:GRANGE:V230:Junction:8"
"GSouth:HOMER:V138:Breaker:15","15","GSouth:HOMER:V138:Junction:14","GSouth:HOMER:V138:BusBarSection:BUS 3"
"GSouth:HOMER:V138:Breaker:16","16","GSouth:HOMER:V138:BusBarSection:BUS 3","GSouth:HOMER:V138:Junction:15"
"GSouth:HOMER:V138:Breaker:17","17","GSouth:HOMER:V138:BusBarSection:BUS 3","GSouth:HOMER:V138:Junction:16"
"GSouth:HOMER:V24:Breaker:18","18","GSouth:HOMER:V24:Junction:17","GSouth:HOMER:V24:BusBarSection:BUS 4"
"GSouth:HOMER:V24:Breaker:19","19","GSouth:HOMER:V24:BusBarSection:BUS 4","GSouth:HOMER:V24:Junction:18"
"GSouth:HOMER:V24:Breaker:20","20","GSouth:HOMER:V24:BusBarSection:BUS 4","GSouth:HOMER:V24:Junction:19"
"GSouth:HOMER:V230:Breaker:1","1","GSouth:HOMER:V230:BusBarSection:BUS 1","GSouth:HOMER:V230:Junction:5"
"GSouth:HOMER:V230:Breaker:10","10","GSouth:HOMER:V230:Junction:10","GSouth:HOMER:V230:Junction:11"
"GSouth:HOMER:V230:Breaker:11","11","GSouth:HOMER:V230:Junction:11","GSouth:HOMER:V230:BusBarSection:BUS 2"
"GSouth:HOMER:V230:Breaker:12","12","GSouth:HOMER:V230:BusBarSection:BUS 1","GSouth:HOMER:V230:Junction:12"
"GSouth:HOMER:V230:Breaker:13","13","GSouth:HOMER:V230:Junction:12","GSouth:HOMER:V230:Junction:13"
"GSouth:HOMER:V230:Breaker:14","14","GSouth:HOMER:V230:Junction:13","GSouth:HOMER:V230:BusBarSection:BUS 2"
"GSouth:HOMER:V230:Breaker:2","2","GSouth:HOMER:V230:Junction:5","GSouth:HOMER:V230:Junction:6"
"GSouth:HOMER:V230:Breaker:3","3","GSouth:HOMER:V230:Junction:6","GSouth:HOMER:V230:BusBarSection:BUS 2"
"GSouth:HOMER:V230:Breaker:4","4","GSouth:HOMER:V230:BusBarSection:BUS 1","GSouth:HOMER:V230:Junction:7"
"GSouth:HOMER:V230:Breaker:5","5","GSouth:HOMER:V230:Junction:7","GSouth:HOMER:V230:Junction:8"
"GSouth:HOMER:V230:Breaker:6","6","GSouth:HOMER:V230:Junction:8","GSouth:HOMER:V230:BusBarSection:BUS 2"
"GSouth:HOMER:V230:Breaker:7","7","GSouth:HOMER:V230:BusBarSection:BUS 1","GSouth:HOMER:V230:Junction:9"
"GSouth:HOMER:V230:Breaker:8","8","GSouth:HOMER:V230:Junction:9","GSouth:HOMER:V230:BusBarSection:BUS 2"
"GSouth:HOMER:V230:Breaker:9","9","GSouth:HOMER:V230:BusBarSection:BUS 1","GSouth:HOMER:V230:Junction:10"
"PAL:JENKIN:V230:Breaker:1","1","PAL:JENKIN:V230:BusBarSection:BUS 1","PAL:JENKIN:V230:Junction:5"
"PAL:JENKIN:V230:Breaker:2","2","PAL:JENKIN:V230:Junction:5","PAL:JENKIN:V230:Junction:6"
"PAL:JENKIN:V230:Breaker:3","3","PAL:JENKIN:V230:Junction:6","PAL:JENKIN:V230:BusBarSection:BUS 2"
"PAL:JENKIN:V230:Breaker:4","4","PAL:JENKIN:V230:BusBarSection:BUS 1","PAL:JENKIN:V230:Junction:7"
"PAL:JENKIN:V230:Breaker:5","5","PAL:JENKIN:V230:Junction:7","PAL:JENKIN:V230:BusBarSection:BUS 2"
"PAL:JENKIN:V230:Breaker:6","6","PAL:JENKIN:V230:BusBarSection:BUS 1","PAL:JENKIN:V230:Junction:8"
"PAL:JENKIN:V230:Breaker:7","7","PAL:JENKIN:V230:Junction:9","PAL:JENKIN:V230:BusBarSection:BUS 2"
"PAL:JENKIN:V230:Breaker:8","8","PAL:JENKIN:V230:Junction:8","PAL:JENKIN:V230:Junction:9"
"PAL:JENKIN:V69:Breaker:10","10","PAL:JENKIN:V69:BusBarSection:BUS 3","PAL:JENKIN:V69:Junction:10"
"PAL:JENKIN:V69:Breaker:11","11","PAL:JENKIN:V69:Junction:13","PAL:JENKIN:V69:BusBarSection:BUS 3"
"PAL:JENKIN:V69:Breaker:12","12","PAL:JENKIN:V69:BusBarSection:BUS 4","PAL:JENKIN:V69:Junction:14"
"PAL:JENKIN:V69:Breaker:13","13","PAL:JENKIN:V69:Junction:15","PAL:JENKIN:V69:BusBarSection:BUS 4"
"PAL:JENKIN:V69:Breaker:14","14","PAL:JENKIN:V69:BusBarSection:BUS 4","PAL:JENKIN:V69:Junction:12"
"PAL:JENKIN:V69:Breaker:9","9","PAL:JENKIN:V69:Junction:11","PAL:JENKIN:V69:BusBarSection:BUS 3"
"PAL:KNCAID:V138:Breaker:10","10","PAL:KNCAID:V138:BusBarSection:BUS 3","PAL:KNCAID:V138:Junction:10"
"PAL:KNCAID:V138:Breaker:11","11","PAL:KNCAID:V138:BusBarSection:BUS 3","PAL:KNCAID:V138:Junction:11"
"PAL:KNCAID:V138:Breaker:5","5","PAL:KNCAID:V138:Junction:7","PAL:KNCAID:V138:BusBarSection:BUS 2"
"PAL:KNCAID:V138:Breaker:6","6","PAL:KNCAID:V138:BusBarSection:BUS 2","PAL:KNCAID:V138:Junction:8"
"PAL:KNCAID:V138:Breaker:7","7","PAL:KNCAID:V138:Junction:8","PAL:KNCAID:V138:Junction:9"
"PAL:KNCAID:V138:Breaker:8","8","PAL:KNCAID:V138:Junction:9","PAL:KNCAID:V138:BusBarSection:BUS 3"
"PAL:KNCAID:V138:Breaker:9","9","PAL:KNCAID:V138:BusBarSection:BUS 2","PAL:KNCAID:V138:BusBarSection:BUS 3"
"PAL:KNCAID:V230:Breaker:1","1","PAL:KNCAID:V230:Junction:4","PAL:KNCAID:V230:Junction:5"
"PAL:KNCAID:V230:Breaker:2","2","PAL:KNCAID:V230:Junction:4","PAL:KNCAID:V230:BusBarSection:BUS 1"
"PAL:KNCAID:V230:Breaker:3","3","PAL:KNCAID:V230:Junction:5","PAL:KNCAID:V230:BusBarSection:BUS 1"
"PAL:KNCAID:V230:Breaker:4","4","PAL:KNCAID:V230:BusBarSection:BUS 1","PAL:KNCAID:V230:Junction:6"
"GEast:LOCHER:V24:Breaker:15","15","GEast:LOCHER:V24:Junction:13","GEast:LOCHER:V24:BusBarSection:BUS 3"
"GEast:LOCHER:V24:Breaker:16","16","GEast:LOCHER:V24:BusBarSection:BUS 3","GEast:LOCHER:V24:Junction:14"
"GEast:LOCHER:V24:Breaker:17","17","GEast:LOCHER:V24:BusBarSection:BUS 3","GEast:LOCHER:V24:Junction:15"
"GEast:LOCHER:V230:Breaker:1","1","GEast:LOCHER:V230:BusBarSection:BUS 1","GEast:LOCHER:V230:Junction:4"
"GEast:LOCHER:V230:Breaker:10","10","GEast:LOCHER:V230:BusBarSection:BUS 1","GEast:LOCHER:V230:Junction:10"
"GEast:LOCHER:V230:Breaker:11","11","GEast:LOCHER:V230:Junction:10","GEast:LOCHER:V230:Junction:11"
"GEast:LOCHER:V230:Breaker:12","12","GEast:LOCHER:V230:Junction:11","GEast:LOCHER:V230:BusBarSection:BUS 2"
"GEast:LOCHER:V230:Breaker:13","13","GEast:LOCHER:V230:BusBarSection:BUS 1","GEast:LOCHER:V230:Junction:12"
"GEast:LOCHER:V230:Breaker:14","14","GEast:LOCHER:V230:Junction:12","GEast:LOCHER:V230:BusBarSection:BUS 2"
"GEast:LOCHER:V230:Breaker:2","2","GEast:LOCHER:V230:Junction:4","GEast:LOCHER:V230:Junction:5"
"GEast:LOCHER:V230:Breaker:3","3","GEast:LOCHER:V230:Junction:5","GEast:LOCHER:V230:BusBarSection:BUS 2"
"GEast:LOCHER:V230:Breaker:4","4","GEast:LOCHER:V230:BusBarSection:BUS 1","GEast:LOCHER:V230:Junction:6"
"GEast:LOCHER:V230:Breaker:5","5","GEast:LOCHER:V230:Junction:6","GEast:LOCHER:V230:Junction:7"
"GEast:LOCHER:V230:Breaker:6","6","GEast:LOCHER:V230:Junction:7","GEast:LOCHER:V230:BusBarSection:BUS 2"
"GEast:LOCHER:V230:Breaker:7","7","GEast:LOCHER:V230:BusBarSection:BUS 1","GEast:LOCHER:V230:Junction:8"
"GEast:LOCHER:V230:Breaker:8","8","GEast:LOCHER:V230:Junction:8","GEast:LOCHER:V230:Junction:9"
"GEast:LOCHER:V230:Breaker:9","9","GEast:LOCHER:V230:Junction:9","GEast:LOCHER:V230:BusBarSection:BUS 2"
"PAL:MOSES:V230:Breaker:1","1","PAL:MOSES:V230:BusBarSection:BUS 1","PAL:MOSES:V230:Junction:4"
"PAL:MOSES:V230:Breaker:10","10","PAL:MOSES:V230:BusBarSection:BUS 1","PAL:MOSES:V230:Junction:10"
"PAL:MOSES:V230:Breaker:11","11","PAL:MOSES:V230:Junction:10","PAL:MOSES:V230:Junction:11"
"PAL:MOSES:V230:Breaker:12","12","PAL:MOSES:V230:Junction:11","PAL:MOSES:V230:BusBarSection:BUS 2"
"PAL:MOSES:V230:Breaker:2","2","PAL:MOSES:V230:Junction:4","PAL:MOSES:V230:Junction:5"
"PAL:MOSES:V230:Breaker:3","3","PAL:MOSES:V230:Junction:5","PAL:MOSES:V230:BusBarSection:BUS 2"
"PAL:MOSES:V230:Breaker:4","4","PAL:MOSES:V230:BusBarSection:BUS 1","PAL:MOSES:V230:Junction:6"
"PAL:MOSES:V230:Breaker:5","5","PAL:MOSES:V230:Junction:6","PAL:MOSES:V230:Junction:7"
"PAL:MOSES:V230:Breaker:6","6","PAL:MOSES:V230:Junction:7","PAL:MOSES:V230:BusBarSection:BUS 2"
"PAL:MOSES:V230:Breaker:7","7","PAL:MOSES:V230:BusBarSection:BUS 1","PAL:MOSES:V230:Junction:8"
"PAL:MOSES:V230:Breaker:8","8","PAL:MOSES:V230:Junction:8","PAL:MOSES:V230:Junction:9"
"PAL:MOSES:V230:Breaker:9","9","PAL:MOSES:V230:Junction:9","PAL:MOSES:V230:BusBarSection:BUS 2"
"PAL:MOSES:V69:Breaker:13","13","PAL:MOSES:V69:Junction:12","PAL:MOSES:V69:BusBarSection:BUS 3"
"PAL:MOSES:V69:Breaker:14","14","PAL:MOSES:V69:Junction:13","PAL:MOSES:V69:BusBarSection:BUS 3"
"PAL:MOSES:V69:Breaker:15","15","PAL:MOSES:V69:Junction:14","PAL:MOSES:V69:BusBarSection:BUS 3"
"PAL:MOSES:V69:Breaker:16","16","PAL:MOSES:V69:Junction:15","PAL:MOSES:V69:BusBarSection:BUS 3"
"PAL:MOSES:V69:Breaker:17","17","PAL:MOSES:V69:Junction:16","PAL:MOSES:V69:BusBarSection:BUS 3"
"PAL:NESTLE:V230:Breaker:1","1","PAL:NESTLE:V230:Junction:3","PAL:NESTLE:V230:Junction:4"
"PAL:NESTLE:V230:Breaker:2","2","PAL:NESTLE:V230:Junction:3","PAL:NESTLE:V230:BusBarSection:BUS 1"
"PAL:NESTLE:V230:Breaker:3","3","PAL:NESTLE:V230:Junction:4","PAL:NESTLE:V230:BusBarSection:BUS 1"
"PAL:NESTLE:V230:Breaker:4","4","PAL:NESTLE:V230:BusBarSection:BUS 1","PAL:NESTLE:V230:Junction:5"
"PAL:NESTLE:V230:Breaker:5","5","PAL:NESTLE:V230:BusBarSection:BUS 1","PAL:NESTLE:V230:Junction:6"
"PAL:NESTLE:V69:Breaker:6","6","PAL:NESTLE:V69:Junction:7","PAL:NESTLE:V69:BusBarSection:BUS 2"
"PAL:NESTLE:V69:Breaker:7","7","PAL:NESTLE:V69:BusBarSection:BUS 2","PAL:NESTLE:V69:Junction:8"
"PAL:OAKDLE:V230:Breaker:1","1","PAL:OAKDLE:V230:BusBarSection:BUS 1","PAL:OAKDLE:V230:Junction:5"
"PAL:OAKDLE:V230:Breaker:10","10","PAL:OAKDLE:V230:BusBarSection:BUS 1","PAL:OAKDLE:V230:Junction:11"
"PAL:OAKDLE:V230:Breaker:11","11","PAL:OAKDLE:V230:Junction:11","PAL:OAKDLE:V230:Junction:12"
"PAL:OAKDLE:V230:Breaker:12","12","PAL:OAKDLE:V230:Junction:12","PAL:OAKDLE:V230:BusBarSection:BUS 2"
"PAL:OAKDLE:V230:Breaker:2","2","PAL:OAKDLE:V230:Junction:5","PAL:OAKDLE:V230:Junction:6"
"PAL:OAKDLE:V230:Breaker:3","3","PAL:OAKDLE:V230:Junction:6","PAL:OAKDLE:V230:BusBarSection:BUS 2"
"PAL:OAKDLE:V230:Breaker:4","4","PAL:OAKDLE:V230:BusBarSection:BUS 1","PAL:OAKDLE:V230:Junction:7"
"PAL:OAKDLE:V230:Breaker:5","5","PAL:OAKDLE:V230:Junction:7","PAL:OAKDLE:V230:Junction:8"
"PAL:OAKDLE:V230:Breaker:6","6","PAL:OAKDLE:V230:Junction:8","PAL:OAKDLE:V230:BusBarSection:BUS 2"
"PAL:OAKDLE:V230:Breaker:7","7","PAL:OAKDLE:V230:BusBarSection:BUS 1","PAL:OAKDLE:V230:Junction:9"
"PAL:OAKDLE:V230:Breaker:8","8","PAL:OAKDLE:V230:Junction:9","PAL:OAKDLE:V230:Junction:10"
"PAL:OAKDLE:V230:Breaker:9","9","PAL:OAKDLE:V230:Junction:10","PAL:OAKDLE:V230:BusBarSection:BUS 2"
"PAL:OAKDLE:V69:Breaker:13","13","PAL:OAKDLE:V69:Junction:13","PAL:OAKDLE:V69:BusBarSection:BUS 3"
"PAL:OAKDLE:V69:Breaker:14","14","PAL:OAKDLE:V69:BusBarSection:BUS 3","PAL:OAKDLE:V69:Junction:14"
"PAL:OAKDLE:V69:Breaker:15","15","PAL:OAKDLE:V69:Junction:15","PAL:OAKDLE:V69:BusBarSection:BUS 4"
"PAL:OAKDLE:V69:Breaker:16","16","PAL:OAKDLE:V69:BusBarSection:BUS 4","PAL:OAKDLE:V69:Junction:16"
"PAL:OAKDLE:V69:Breaker:17","17","PAL:OAKDLE:V69:Junction:17","PAL:OAKDLE:V69:BusBarSection:BUS 4"
"PAL:POOL:V138:Breaker:1","1","PAL:POOL:V138:Junction:4","PAL:POOL:V138:BusBarSection:BUS 3"
"PAL:POOL:V138:Breaker:2","2","PAL:POOL:V138:BusBarSection:BUS 3","PAL:POOL:V138:Junction:5"
"PAL:POOL:V33:Breaker:10","10","PAL:POOL:V33:BusBarSection:BUS 2","PAL:POOL:V33:Junction:13"
"PAL:POOL:V33:Breaker:7","7","PAL:POOL:V33:Junction:10","PAL:POOL:V33:BusBarSection:BUS 2"
"PAL:POOL:V33:Breaker:9","9","PAL:POOL:V33:BusBarSection:BUS 2","PAL:POOL:V33:Junction:12"
"PAL:POOL:V69:Breaker:3","3","PAL:POOL:V69:Junction:6","PAL:POOL:V69:BusBarSection:BUS 1"
"PAL:POOL:V69:Breaker:4","4","PAL:POOL:V69:BusBarSection:BUS 1","PAL:POOL:V69:Junction:7"
"PAL:POOL:V69:Breaker:5","5","PAL:POOL:V69:BusBarSection:BUS 1","PAL:POOL:V69:Junction:8"
"PAL:RICTER:V138:Breaker:1","1","PAL:RICTER:V138:Junction:10","PAL:RICTER:V138:BusBarSection:BUS 2"
"PAL:RICTER:V138:Breaker:2","2","PAL:RICTER:V138:Junction:5","PAL:RICTER:V138:BusBarSection:BUS 2"
"PAL:RICTER:V138:Breaker:3","3","PAL:RICTER:V138:BusBarSection:BUS 2","PAL:RICTER:V138:Junction:8"
"PAL:RICTER:V138:Breaker:6","6","PAL:RICTER:V138:Junction:4","PAL:RICTER:V138:BusBarSection:BUS 1"
"PAL:RICTER:V138:Breaker:7","7","PAL:RICTER:V138:BusBarSection:BUS 1","PAL:RICTER:V138:Junction:9"
"PAL:RICTER:V138:Breaker:8","8","PAL:RICTER:V138:Junction:11","PAL:RICTER:V138:BusBarSection:BUS 1"
"PAL:RICTER:V69:Breaker:4","4","PAL:RICTER:V69:Junction:6","PAL:RICTER:V69:BusBarSection:BUS 3"
"PAL:RICTER:V69:Breaker:5","5","PAL:RICTER:V69:BusBarSection:BUS 3","PAL:RICTER:V69:Junction:7"
"PAL:STNTON:V69:Breaker:1","1","PAL:STNTON:V69:BusBarSection:BUS 1","PAL:STNTON:V69:Junction:3"
"PAL:STNTON:V69:Breaker:2","2","PAL:STNTON:V69:Junction:3","PAL:STNTON:V69:Junction:4"
"PAL:STNTON:V69:Breaker:3","3","PAL:STNTON:V69:Junction:4","PAL:STNTON:V69:BusBarSection:BUS 2"
"PAL:STNTON:V69:Breaker:4","4","PAL:STNTON:V69:BusBarSection:BUS 1","PAL:STNTON:V69:Junction:5"
"PAL:STNTON:V69:Breaker:5","5","PAL:STNTON:V69:Junction:5","PAL:STNTON:V69:Junction:6"
"PAL:STNTON:V69:Breaker:6","6","PAL:STNTON:V69:Junction:6","PAL:STNTON:V69:BusBarSection:BUS 2"
"PAL:STNTON:V69:Breaker:7","7","PAL:STNTON:V69:BusBarSection:BUS 1","PAL:STNTON:V69:Junction:7"
"PAL:STNTON:V69:Breaker:8","8","PAL:STNTON:V69:Junction:7","PAL:STNTON:V69:Junction:8"
"PAL:STNTON:V69:Breaker:9","9","PAL:STNTON:V69:Junction:8","PAL:STNTON:V69:BusBarSection:BUS 2"
"PAL:TANTON:V138:Breaker:12","12","PAL:TANTON:V138:BusBarSection:BUS 2","PAL:TANTON:V138:Junction:6"
"PAL:TANTON:V138:Breaker:13","13","PAL:TANTON:V138:BusBarSection:BUS 2","PAL:TANTON:V138:Junction:17"
"PAL:TANTON:V138:Breaker:2","2","PAL:TANTON:V138:Junction:13","PAL:TANTON:V138:BusBarSection:BUS 2"
"PAL:TANTON:V138:Breaker:3","3","PAL:TANTON:V138:BusBarSection:BUS 2","PAL:TANTON:V138:Junction:7"
"PAL:TANTON:V138:Breaker:5","5","PAL:TANTON:V138:Junction:14","PAL:TANTON:V138:BusBarSection:BUS 4"
"PAL:TANTON:V138:Breaker:6","6","PAL:TANTON:V138:BusBarSection:BUS 4","PAL:TANTON:V138:Junction:8"
"PAL:TANTON:V138:Breaker:7","7","PAL:TANTON:V138:Junction:12","PAL:TANTON:V138:BusBarSection:BUS 4"
"PAL:TANTON:V138:Breaker:8","8","PAL:TANTON:V138:BusBarSection:BUS 4","PAL:TANTON:V138:Junction:9"
"PAL:TANTON:V138:Breaker:9","9","PAL:TANTON:V138:BusBarSection:BUS 4","PAL:TANTON:V138:Junction:11"
"PAL:TANTON:V69:Breaker:1","1","PAL:TANTON:V69:Junction:5","PAL:TANTON:V69:BusBarSection:BUS 1"
"PAL:TANTON:V69:Breaker:10","10","PAL:TANTON:V69:BusBarSection:BUS 3","PAL:TANTON:V69:Junction:16"
"PAL:TANTON:V69:Breaker:11","11","PAL:TANTON:V69:BusBarSection:BUS 1","PAL:TANTON:V69:Junction:15"
"PAL:TANTON:V69:Breaker:4","4","PAL:TANTON:V69:Junction:10","PAL:TANTON:V69:BusBarSection:BUS 3"
"PAL:UXBRDG:V33:Breaker:3","3","PAL:UXBRDG:V33:Junction:9","PAL:UXBRDG:V33:BusBarSection:BUS 2"
"PAL:UXBRDG:V33:Breaker:4","4","PAL:UXBRDG:V33:Junction:6","PAL:UXBRDG:V33:BusBarSection:BUS 2"
"PAL:UXBRDG:V33:Breaker:5","5","PAL:UXBRDG:V33:BusBarSection:BUS 2","PAL:UXBRDG:V33:Junction:7"
"PAL:UXBRDG:V33:Breaker:6","6","PAL:UXBRDG:V33:BusBarSection:BUS 2","PAL:UXBRDG:V33:Junction:8"
"PAL:UXBRDG:V33:Breaker:7","7","PAL:UXBRDG:V33:Junction:10","PAL:UXBRDG:V33:BusBarSection:BUS 3"
"PAL:UXBRDG:V33:Breaker:8","8","PAL:UXBRDG:V33:BusBarSection:BUS 3","PAL:UXBRDG:V33:Junction:11"
"PAL:UXBRDG:V69:Breaker:1","1","PAL:UXBRDG:V69:Junction:4","PAL:UXBRDG:V69:BusBarSection:BUS 1"
"PAL:UXBRDG:V69:Breaker:2","2","PAL:UXBRDG:V69:BusBarSection:BUS 1","PAL:UXBRDG:V69:Junction:5"
"PAL:VEXLEY:V138:Breaker:1","1","PAL:VEXLEY:V138:Junction:9","PAL:VEXLEY:V138:BusBarSection:BUS 2"
"PAL:VEXLEY:V138:Breaker:10","10","PAL:VEXLEY:V138:BusBarSection:BUS 3","PAL:VEXLEY:V138:Junction:12"
"PAL:VEXLEY:V138:Breaker:2","2","PAL:VEXLEY:V138:BusBarSection:BUS 2","PAL:VEXLEY:V138:Junction:10"
"PAL:VEXLEY:V138:Breaker:3","3","PAL:VEXLEY:V138:Junction:5","PAL:VEXLEY:V138:BusBarSection:BUS 2"
"PAL:VEXLEY:V138:Breaker:4","4","PAL:VEXLEY:V138:BusBarSection:BUS 2","PAL:VEXLEY:V138:Junction:6"
"PAL:VEXLEY:V138:Breaker:5","5","PAL:VEXLEY:V138:Junction:4","PAL:VEXLEY:V138:BusBarSection:BUS 1"
"PAL:VEXLEY:V138:Breaker:6","6","PAL:VEXLEY:V138:Junction:7","PAL:VEXLEY:V138:BusBarSection:BUS 3"
"PAL:VEXLEY:V138:Breaker:7","7","PAL:VEXLEY:V138:BusBarSection:BUS 1","PAL:VEXLEY:V138:Junction:8"
"PAL:VEXLEY:V138:Breaker:8","8","PAL:VEXLEY:V138:Junction:13","PAL:VEXLEY:V138:BusBarSection:BUS 1"
"PAL:VEXLEY:V138:Breaker:9","9","PAL:VEXLEY:V138:Junction:11","PAL:VEXLEY:V138:BusBarSection:BUS 3"
"PAL:WYNHAM:V138:Breaker:1","1","PAL:WYNHAM:V138:Junction:5","PAL:WYNHAM:V138:BusBarSection:BUS 1"
"PAL:WYNHAM:V138:Breaker:2","2","PAL:WYNHAM:V138:BusBarSection:BUS 2","PAL:WYNHAM:V138:Junction:6"
"PAL:WYNHAM:V138:Breaker:3","3","PAL:WYNHAM:V138:Junction:3","PAL:WYNHAM:V138:BusBarSection:BUS 1"
"PAL:WYNHAM:V138:Breaker:4","4","PAL:WYNHAM:V138:BusBarSection:BUS 2","PAL:WYNHAM:V138:Junction:4"
"PAL:WYNHAM:V138:Breaker:5","5","PAL:WYNHAM:V138:BusBarSection:BUS 1","PAL:WYNHAM:V138:Junction:7"
"PAL:WYNHAM:V138:Breaker:6","6","PAL:WYNHAM:V138:BusBarSection:BUS 2","PAL:WYNHAM:V138:Junction:8"
"EXTRNL:EXTRNL:V230:Breaker:1","1","EXTRNL:EXTRNL:V230:BusBarSection:BUS 1","EXTRNL:EXTRNL:V230:Junction:2"
"EXTRNL:EXTRNL:V230:Breaker:10","10","EXTRNL:EXTRNL:V230:BusBarSection:BUS 7","EXTRNL:EXTRNL:V230:Junction:12"
"EXTRNL:EXTRNL:V230:Breaker:11","11","EXTRNL:EXTRNL:V230:BusBarSection:BUS 13","EXTRNL:EXTRNL:V230:Junction:14"
"EXTRNL:EXTRNL:V230:Breaker:12","12","EXTRNL:EXTRNL:V230:BusBarSection:BUS 13","EXTRNL:EXTRNL:V230:Junction:15"
"EXTRNL:EXTRNL:V230:Breaker:13","13","EXTRNL:EXTRNL:V230:BusBarSection:BUS 13","EXTRNL:EXTRNL:V230:Junction:16"
"EXTRNL:EXTRNL:V230:Breaker:14","14","EXTRNL:EXTRNL:V230:BusBarSection:BUS 13","EXTRNL:EXTRNL:V230:Junction:17"
"EXTRNL:EXTRNL:V230:Breaker:15","15","EXTRNL:EXTRNL:V230:BusBarSection:BUS 13","EXTRNL:EXTRNL:V230:Junction:18"
"EXTRNL:EXTRNL:V230:Breaker:16","16","EXTRNL:EXTRNL:V230:BusBarSection:BUS 19","EXTRNL:EXTRNL:V230:Junction:20"
"EXTRNL:EXTRNL:V230:Breaker:17","17","EXTRNL:EXTRNL:V230:BusBarSection:BUS 19","EXTRNL:EXTRNL:V230:Junction:21"
"EXTRNL:EXTRNL:V230:Breaker:18","18","EXTRNL:EXTRNL:V230:BusBarSection:BUS 19","EXTRNL:EXTRNL:V230:Junction:22"
"EXTRNL:EXTRNL:V230:Breaker:19","19","EXTRNL:EXTRNL:V230:BusBarSection:BUS 19","EXTRNL:EXTRNL:V230:Junction:23"
"EXTRNL:EXTRNL:V230:Breaker:2","2","EXTRNL:EXTRNL:V230:BusBarSection:BUS 1","EXTRNL:EXTRNL:V230:Junction:3"
"EXTRNL:EXTRNL:V230:Breaker:20","20","EXTRNL:EXTRNL:V230:BusBarSection:BUS 19","EXTRNL:EXTRNL:V230:Junction:24"
"EXTRNL:EXTRNL:V230:Breaker:3","3","EXTRNL:EXTRNL:V230:BusBarSection:BUS 1","EXTRNL:EXTRNL:V230:Junction:4"
"EXTRNL:EXTRNL:V230:Breaker:4","4","EXTRNL:EXTRNL:V230:BusBarSection:BUS 1","EXTRNL:EXTRNL:V230:Junction:5"
"EXTRNL:EXTRNL:V230:Breaker:5","5","EXTRNL:EXTRNL:V230:BusBarSection:BUS 1","EXTRNL:EXTRNL:V230:Junction:6"
"EXTRNL:EXTRNL:V230:Breaker:6","6","EXTRNL:EXTRNL:V230:BusBarSection:BUS 7","EXTRNL:EXTRNL:V230:Junction:8"
"EXTRNL:EXTRNL:V230:Breaker:7","7","EXTRNL:EXTRNL:V230:BusBarSection:BUS 7","EXTRNL:EXTRNL:V230:Junction:9"
"EXTRNL:EXTRNL:V230:Breaker:8","8","EXTRNL:EXTRNL:V230:BusBarSection:BUS 7","EXTRNL:EXTRNL:V230:Junction:10"
"EXTRNL:EXTRNL:V230:Breaker:9","9","EXTRNL:EXTRNL:V230:BusBarSection:BUS 7","EXTRNL:EXTRNL:V230:Junction:11"
"GWest:FARLIE:V138:Breaker:21","21","GWest:FARLIE:V138:Junction:15","GWest:FARLIE:V138:Junction:22"
"GWest:FARLIE:V138:Breaker:22","22","GWest:FARLIE:V138:Junction:15","GWest:FARLIE:V138:Junction:20"
"GWest:FARLIE:V138:Breaker:23","23","GWest:FARLIE:V138:Junction:21","GWest:FARLIE:V138:Junction:22"
"PAL:VEXLEY:V138:Breaker:11","11","PAL:VEXLEY:V138:BusBarSection:BUS 2","PAL:VEXLEY:V138:BusBarSection:BUS 4"
"PAL:VEXLEY:V138:Breaker:12","12","PAL:VEXLEY:V138:BusBarSection:BUS 4","PAL:VEXLEY:V138:Junction:15"
"PAL:VEXLEY:V138:Breaker:13","13","PAL:VEXLEY:V138:BusBarSection:BUS 4","PAL:VEXLEY:V138:Junction:16"
"PAL:VEXLEY:V138:Breaker:14","14","PAL:VEXLEY:V138:BusBarSection:BUS 4","PAL:VEXLEY:V138:Junction:17"
"PAL:VEXLEY:V138:Breaker:15","15","PAL:VEXLEY:V138:BusBarSection:BUS 4","PAL:VEXLEY:V138:Junction:18"
"PAL:VEXLEY:V138:Breaker:16","16","PAL:VEXLEY:V138:BusBarSection:BUS 4","PAL:VEXLEY:V138:Junction:19"
"PAL:RICTER:V138:Breaker:9","9","PAL:RICTER:V138:BusBarSection:BUS 2","PAL:RICTER:V138:Junction:1828"
"PAL:RICTER:V138:Breaker:10","10","PAL:RICTER:V138:BusBarSection:BUS 2","PAL:RICTER:V138:Junction:1829"
