"ID","Name","Node","GeneratingUnit","RegulatedNode"
"GNorth:AMUS:V24:SynchronousMachine:AMUS","AMUS","GNorth:AMUS:V24:BusBarSection:BUS 3","GNorth:AMUS:V24:SynchronousMachine:AMUS","GNorth:AMUS:V24:BusBarSection:BUS 3"
"GEast:BAKER:V24:SynchronousMachine:BAKER","BAKER","GEast:BAKER:V24:Junction:11","GEast:BAKER:V24:SynchronousMachine:BAKER","GEast:BAKER:V24:BusBarSection:BUS 3"
"GEast:CRWFRD:V24:SynchronousMachine:CRWFRD 1","CRWFRD 1","GEast:CRWFRD:V24:BusBarSection:BUS 3","GEast:CRWFRD:V24:SynchronousMachine:CRWFRD 1","GEast:CRWFRD:V24:BusBarSection:BUS 3"
"GEast:CRWFRD:V24:SynchronousMachine:CRWFRD 2","CRWFRD 2","GEast:CRWFRD:V24:BusBarSection:BUS 4","GEast:CRWFRD:V24:SynchronousMachine:CRWFRD 2","GEast:CRWFRD:V24:BusBarSection:BUS 4"
"GWest:DOYLE:V24:SynchronousMachine:DOYLE","DOYLE","GWest:DOYLE:V24:BusBarSection:BUS 4","GWest:DOYLE:V24:SynchronousMachine:DOYLE","GWest:DOYLE:V24:BusBarSection:BUS 4"
"GWest:FARLIE:V24:SynchronousMachine:FARLIE","FARLIE","GWest:FARLIE:V24:BusBarSection:BUS 5","GWest:FARLIE:V24:SynchronousMachine:FARLIE","GWest:FARLIE:V24:BusBarSection:BUS 5"
"GSouth:HOMER:V24:SynchronousMachine:HOMER","HOMER","GSouth:HOMER:V24:BusBarSection:BUS 4","GSouth:HOMER:V24:SynchronousMachine:HOMER","GSouth:HOMER:V24:BusBarSection:BUS 4"
"GEast:LOCHER:V24:SynchronousMachine:LOCHER","LOCHER","GEast:LOCHER:V24:BusBarSection:BUS 3","GEast:LOCHER:V24:SynchronousMachine:LOCHER","GEast:LOCHER:V24:BusBarSection:BUS 3"
"EXTRNL:EXTRNL:V230:SynchronousMachine:EXTRNL 1","EXTRNL 1","EXTRNL:EXTRNL:V230:BusBarSection:BUS 1","EXTRNL:EXTRNL:V230:SynchronousMachine:EXTRNL 1","EXTRNL:EXTRNL:V230:BusBarSection:BUS 1"
"EXTRNL:EXTRNL:V230:SynchronousMachine:EXTRNL 2","EXTRNL 2","EXTRNL:EXTRNL:V230:BusBarSection:BUS 7","EXTRNL:EXTRNL:V230:SynchronousMachine:EXTRNL 2","EXTRNL:EXTRNL:V230:BusBarSection:BUS 7"
"EXTRNL:EXTRNL:V230:SynchronousMachine:EXTRNL 3","EXTRNL 3","EXTRNL:EXTRNL:V230:BusBarSection:BUS 13","EXTRNL:EXTRNL:V230:SynchronousMachine:EXTRNL 3","EXTRNL:EXTRNL:V230:BusBarSection:BUS 13"
"EXTRNL:EXTRNL:V230:SynchronousMachine:EXTRNL 4","EXTRNL 4","EXTRNL:EXTRNL:V230:BusBarSection:BUS 19","EXTRNL:EXTRNL:V230:SynchronousMachine:EXTRNL 4","EXTRNL:EXTRNL:V230:BusBarSection:BUS 19"
