"ID","Name","Transformer","Node1","Node2","R","X","Bmag","NormalOperatingLimit"
"GNorth:AMUS:V230:TransformerWinding:AMUTR 12_wnd","AMUTR 12","GNorth:AMUS:V230:TransformerWinding:AMUTR 12","GNorth:AMUS:V230:Junction:10","GNorth:AMUS:V24:Junction:12",0.0,0.01,0.0,552.0
"GEast:BAKER:V230:TransformerWinding:BAKTR 17_wnd","BAKTR 17","GEast:BAKER:V230:TransformerWinding:BAKTR 17","GEast:BAKER:V230:Junction:8","GEast:BAKER:V24:Junction:9",0.0,0.008,0.0,120.0
"GEast:CRWFRD:V230:TransformerWinding:CRATR 30_wnd","CRATR 30","GEast:CRWFRD:V230:TransformerWinding:CRATR 30","GEast:CRWFRD:V230:Junction:6","GEast:CRWFRD:V24:Junction:14",0.0,0.008,0.0,552.0
"GEast:CRWFRD:V230:TransformerWinding:CRATR 35_wnd","CRATR 35","GEast:CRWFRD:V230:TransformerWinding:CRATR 35","GEast:CRWFRD:V230:Junction:13","GEast:CRWFRD:V24:Junction:15",0.0,0.008,0.0,552.0
"GWest:DOYLE:V230:TransformerWinding:DOYTR 39_wnd","DOYTR 39","GWest:DOYLE:V230:TransformerWinding:DOYTR 39","GWest:DOYLE:V230:Junction:6","GWest:DOYLE:V138:Junction:10",0.0,0.12,0.0,500.0
"GWest:DOYLE:V138:TransformerWinding:DOYTR 41_wnd","DOYTR 41","GWest:DOYLE:V138:TransformerWinding:DOYTR 41","GWest:DOYLE:V138:Junction:13","GWest:DOYLE:V24:Junction:14",0.0,0.012,0.0,820.0
"GWest:FARLIE:V230:TransformerWinding:FARTR 45_wnd","FARTR 45","GWest:FARLIE:V230:TransformerWinding:FARTR 45","GWest:FARLIE:V230:Junction:11","GWest:FARLIE:V138:Junction:13",0.0,0.0648,0.0,350.0
"GWest:FARLIE:V230:TransformerWinding:FARTR 48_wnd","FARTR 48","GWest:FARLIE:V230:TransformerWinding:FARTR 48","GWest:FARLIE:V230:Junction:8","GWest:FARLIE:V24:Junction:17",0.0,0.01,0.0,1626.0
"GSouth:HOMER:V230:TransformerWinding:HOMTR 56_wnd","HOMTR 56","GSouth:HOMER:V230:TransformerWinding:HOMTR 56","GSouth:HOMER:V230:Junction:11","GSouth:HOMER:V138:Junction:14",0.0,0.1205,0.0,250.0
"GSouth:HOMER:V230:TransformerWinding:HOMTR 57_wnd","HOMTR 57","GSouth:HOMER:V230:TransformerWinding:HOMTR 57","GSouth:HOMER:V230:Junction:13","GSouth:HOMER:V24:Junction:17",0.0,0.01,0.0,820.0
"PAL:JENKIN:V230:TransformerWinding:JENTR 59_wnd","JENTR 59","PAL:JENKIN:V230:TransformerWinding:JENTR 59","PAL:JENKIN:V230:Junction:7","PAL:JENKIN:V69:Junction:11",0.0,0.0712,0.0,320.0
"PAL:KNCAID:V230:TransformerWinding:KINTR 63_wnd","KINTR 63","PAL:KNCAID:V230:TransformerWinding:KINTR 63","PAL:KNCAID:V230:Junction:6","PAL:KNCAID:V138:Junction:7",0.0,0.1,0.0,250.0
"GEast:LOCHER:V230:TransformerWinding:LOETR 67_wnd","LOETR 67","GEast:LOCHER:V230:TransformerWinding:LOETR 67","GEast:LOCHER:V230:Junction:12","GEast:LOCHER:V24:Junction:13",0.0,0.011,0.0,1300.0
"PAL:MOSES:V230:TransformerWinding:MOSTR 70_wnd","MOSTR 70","PAL:MOSES:V230:TransformerWinding:MOSTR 70","PAL:MOSES:V230:Junction:8","PAL:MOSES:V69:Junction:12",0.0,0.191,0.0,320.0
"PAL:NESTLE:V230:TransformerWinding:NESTR 73_wnd","NESTR 73","PAL:NESTLE:V230:TransformerWinding:NESTR 73","PAL:NESTLE:V230:Junction:6","PAL:NESTLE:V69:Junction:7",0.0,0.0735,0.0,320.0
"PAL:OAKDLE:V230:TransformerWinding:OAKTR 74_wnd","OAKTR 74","PAL:OAKDLE:V230:TransformerWinding:OAKTR 74","PAL:OAKDLE:V230:Junction:6","PAL:OAKDLE:V69:Junction:13",0.0,0.1042,0.0,320.0
"PAL:POOL:V138:TransformerWinding:POOTR 78_wnd","POOTR 78","PAL:POOL:V138:TransformerWinding:POOTR 78","PAL:POOL:V138:Junction:5","PAL:POOL:V69:Junction:6",0.0,0.0473,0.0,100.0
"PAL:POOL:V69:TransformerWinding:POOTR 79_wnd","POOTR 79","PAL:POOL:V69:TransformerWinding:POOTR 79","PAL:POOL:V69:Junction:8","PAL:POOL:V33:Junction:10",0.0,0.1,0.0,100.0
"PAL:RICTER:V138:TransformerWinding:RICTR 82_wnd","RICTR 82","PAL:RICTER:V138:TransformerWinding:RICTR 82","PAL:RICTER:V138:Junction:8","PAL:RICTER:V69:Junction:6",0.0,0.101,0.0,150.0
"PAL:TANTON:V138:TransformerWinding:TAUTR 84_wnd","TAUTR 84","PAL:TANTON:V138:TransformerWinding:TAUTR 84","PAL:TANTON:V138:Junction:13","PAL:TANTON:V69:Junction:15",0.0,0.6,0.0,90.0
"PAL:TANTON:V138:TransformerWinding:TAUTR 86_wnd","TAUTR 86","PAL:TANTON:V138:TransformerWinding:TAUTR 86","PAL:TANTON:V138:Junction:12","PAL:TANTON:V69:Junction:16",0.0,0.61,0.0,60.0
"PAL:UXBRDG:V69:TransformerWinding:UXBTR 87_wnd","UXBTR 87","PAL:UXBRDG:V69:TransformerWinding:UXBTR 87","PAL:UXBRDG:V69:Junction:5","PAL:UXBRDG:V33:Junction:9",0.0,0.953,0.0,50.0
"GWest:FARLIE:V138:PhaseShifterWinding:WNYC-FAR_wnd","WNYC-FAR","GWest:FARLIE:V138:PhaseShifterWinding:WNYC-FAR","GWest:FARLIE:V138:Junction:20","GWest:FARLIE:V138:Junction:21",5.0E-4,0.0129,0.0,1011.07
