"ID","Name","WindingCount"
"GNorth:AMUS:V230:TransformerWinding:AMUTR 12","AMUTR 12",2
"GEast:BAKER:V230:TransformerWinding:BAKTR 17","BAKTR 17",2
"GEast:CRWFRD:V230:TransformerWinding:CRATR 30","CRATR 30",2
"GEast:CRWFRD:V230:TransformerWinding:CRATR 35","CRATR 35",2
"GWest:DOYLE:V230:TransformerWinding:DOYTR 39","DOYTR 39",2
"GWest:DOYLE:V138:TransformerWinding:DOYTR 41","DOYTR 41",2
"GWest:FARLIE:V230:TransformerWinding:FARTR 45","FARTR 45",2
"GWest:FARLIE:V230:TransformerWinding:FARTR 48","FARTR 48",2
"GSouth:HOMER:V230:TransformerWinding:HOMTR 56","HOMTR 56",2
"GSouth:HOMER:V230:TransformerWinding:HOMTR 57","HOMTR 57",2
"PAL:JENKIN:V230:TransformerWinding:JENTR 59","JENTR 59",2
"PAL:KNCAID:V230:TransformerWinding:KINTR 63","KINTR 63",2
"GEast:LOCHER:V230:TransformerWinding:LOETR 67","LOETR 67",2
"PAL:MOSES:V230:TransformerWinding:MOSTR 70","MOSTR 70",2
"PAL:NESTLE:V230:TransformerWinding:NESTR 73","NESTR 73",2
"PAL:OAKDLE:V230:TransformerWinding:OAKTR 74","OAKTR 74",2
"PAL:POOL:V138:TransformerWinding:POOTR 78","POOTR 78",2
"PAL:POOL:V69:TransformerWinding:POOTR 79","POOTR 79",2
"PAL:RICTER:V138:TransformerWinding:RICTR 82","RICTR 82",2
"PAL:TANTON:V138:TransformerWinding:TAUTR 84","TAUTR 84",2
"PAL:TANTON:V138:TransformerWinding:TAUTR 86","TAUTR 86",2
"PAL:UXBRDG:V69:TransformerWinding:UXBTR 87","UXBTR 87",2
"GWest:FARLIE:V138:PhaseShifterWinding:WNYC-FAR","WNYC-FAR",2
